사고번호,사고일시,요일,시군구,사고내용,사망자수,중상자수,경상자수,부상신고자수,사고유형,법규위반,노면상태,기상상태,도로형태,가해운전자 차종,가해운전자 성별,가해운전자 연령,가해운전자 상해정도,피해운전자 차종,피해운전자 성별,피해운전자 연령,피해운전자 상해정도
2014022500100236,2014년 2월 25일 14시,화요일,충청남도 천안시 동남구 다가동,경상사고,0,0,1,0,차대차 - 추돌 - 주정차중,안전운전불이행,건조,맑음,단일로 - 기타,승용,남,65세,상해없음,화물,남,37세,경상
2014022600100053,2014년 2월 26일 03시,수요일,충청남도 천안시 서북구 두정동,중상사고,0,1,1,0,차대차 - 측면직각충돌,신호위반,건조,맑음,교차로 - 교차로안,승용,남,46세,상해없음,승용,남,54세,중상
2014022600100101,2014년 2월 26일 07시,수요일,충청남도 천안시 서북구 백석동,경상사고,0,0,5,1,차대차 - 정면충돌,중앙선침범,건조,맑음,단일로 - 기타,승용,남,20세,부상신고,승합,남,51세,상해없음
2014022600100102,2014년 2월 26일 07시,수요일,충청남도 천안시 서북구 성정동,경상사고,0,0,1,0,차대차 - 기타,안전운전불이행,건조,맑음,단일로 - 기타,화물,남,49세,상해없음,승합,남,36세,경상
2014022600100103,2014년 2월 26일 07시,수요일,충청남도 천안시 서북구 성정동,중상사고,0,1,0,0,차대차 - 측면직각충돌,신호위반,건조,맑음,교차로 - 교차로안,특수,남,28세,상해없음,승용,남,52세,중상
2014022600100500,2014년 2월 26일 21시,수요일,충청남도 천안시 서북구 두정동,경상사고,0,0,1,0,차대차 - 측면직각충돌,신호위반,건조,맑음,교차로 - 교차로안,승용,남,39세,상해없음,승용,남,32세,경상
2014022600100501,2014년 2월 26일 21시,수요일,충청남도 천안시 서북구 성정동,경상사고,0,0,1,0,차대차 - 기타,안전운전불이행,건조,맑음,교차로 - 교차로부근,승합,남,44세,상해없음,승용,남,26세,경상
2014022700100068,2014년 2월 27일 04시,목요일,충청남도 천안시 서북구 두정동,경상사고,0,0,2,0,차대차 - 측면직각충돌,신호위반,건조,기타,교차로 - 교차로안,승용,남,23세,상해없음,승용,남,27세,경상
2014022700100178,2014년 2월 27일 10시,목요일,충청남도 천안시 동남구 영성동,경상사고,0,0,1,0,차대사람 - 기타,안전운전불이행,건조,맑음,단일로 - 기타,승용,여,41세,상해없음,보행자,남,57세,경상
2014022700100204,2014년 2월 27일 11시,목요일,충청남도 천안시 동남구 청수동,중상사고,0,2,0,0,차대차 - 측면직각충돌,안전운전불이행,건조,맑음,교차로 - 교차로안,화물,남,60세,상해없음,이륜,남,75세,중상
2014022700100205,2014년 2월 27일 11시,목요일,충청남도 천안시 동남구 신부동,경상사고,0,0,1,0,차대사람 - 횡단중,보행자보호의무위반,건조,맑음,교차로 - 교차로안,승용,남,31세,상해없음,보행자,남,21세,경상
2014022700100322,2014년 2월 27일 16시,목요일,충청남도 천안시 서북구 성정동,경상사고,0,0,1,0,차대차 - 기타,안전운전불이행,건조,맑음,단일로 - 기타,화물,남,19세,상해없음,승용,여,52세,경상
2014022700100323,2014년 2월 27일 16시,목요일,충청남도 천안시 동남구 청수동,경상사고,0,0,1,0,차대차 - 측면직각충돌,안전운전불이행,건조,맑음,단일로 - 기타,승용,여,53세,상해없음,승용,남,36세,경상
2014022800100187,2014년 2월 28일 12시,금요일,충청남도 천안시 동남구 봉명동,사망사고,1,0,0,0,차대사람 - 횡단중,안전운전불이행,건조,맑음,교차로 - 교차로안,화물,남,54세,상해없음,보행자,여,52세,사망
2014022800100236,2014년 2월 28일 14시,금요일,충청남도 천안시 동남구 신부동,중상사고,0,1,0,0,차대차 - 기타,안전운전불이행,건조,맑음,단일로 - 터널,기타불명,기타불명,기타불명,기타불명,화물,남,64세,중상
2014030100100508,2014년 3월 1일 21시,토요일,충청남도 천안시 서북구 성정동,중상사고,0,1,0,0,차대사람 - 기타,안전운전불이행,건조,맑음,단일로 - 기타,승용,남,48세,상해없음,보행자,여,50세,중상
2014030200100169,2014년 3월 2일 11시,일요일,충청남도 천안시 서북구 성거읍,경상사고,0,0,1,0,차대차 - 추돌 - 진행중,안전운전불이행,건조,맑음,단일로 - 기타,승용,남,27세,상해없음,승용,남,48세,상해없음
2014030200100187,2014년 3월 2일 12시,일요일,충청남도 천안시 서북구 쌍용동,경상사고,0,0,2,0,차대차 - 기타,안전운전불이행,건조,맑음,단일로 - 기타,승용,남,36세,경상,승합,남,22세,경상
2014030200100283,2014년 3월 2일 16시,일요일,충청남도 천안시 동남구 병천면,경상사고,0,0,1,0,차대사람 - 차도통행중,안전운전불이행,건조,맑음,단일로 - 기타,기타불명,기타불명,기타불명,기타불명,보행자,여,55세,경상
2014030300100043,2014년 3월 3일 06시,월요일,충청남도 천안시 서북구 두정동,중상사고,0,2,1,0,차대차 - 측면직각충돌,신호위반,건조,맑음,교차로 - 교차로안,승용,남,32세,기타불명,승용,남,55세,중상
2014030300100303,2014년 3월 3일 14시,월요일,충청남도 천안시 서북구 불당동,경상사고,0,0,3,0,차대차 - 측면직각충돌,신호위반,건조,맑음,교차로 - 교차로안,승용,여,27세,상해없음,승용,남,49세,경상
2014030300100305,2014년 3월 3일 14시,월요일,충청남도 천안시 동남구 구룡동,경상사고,0,0,1,0,차대차 - 측면직각충돌,안전운전불이행,건조,맑음,단일로 - 기타,승용,여,34세,상해없음,이륜,남,56세,경상
2014030300100438,2014년 3월 3일 18시,월요일,충청남도 천안시 동남구 안서동,경상사고,0,0,6,0,차대차 - 추돌 - 주정차중,안전운전불이행,건조,맑음,단일로 - 기타,승합,여,38세,경상,승용,남,48세,상해없음
2014030300100542,2014년 3월 3일 21시,월요일,충청남도 천안시 서북구 두정동,경상사고,0,0,2,0,차대차 - 추돌 - 주정차중,안전운전불이행,건조,맑음,교차로 - 교차로부근,승합,남,51세,상해없음,승용,남,27세,경상
2014030300100596,2014년 3월 3일 23시,월요일,충청남도 천안시 동남구 신방동,경상사고,0,0,1,0,차대사람 - 길가장자리구역통행중,안전운전불이행,건조,맑음,단일로 - 기타,승용,남,27세,상해없음,보행자,남,45세,경상
2014030300100597,2014년 3월 3일 23시,월요일,충청남도 천안시 동남구 안서동,경상사고,0,0,1,0,차대사람 - 길가장자리구역통행중,안전운전불이행,건조,맑음,단일로 - 기타,화물,남,50세,상해없음,보행자,남,24세,경상
2014030400100091,2014년 3월 4일 08시,화요일,충청남도 천안시 동남구 원성동,경상사고,0,0,1,0,차대차 - 추돌 - 진행중,안전거리미확보,건조,맑음,단일로 - 기타,화물,남,41세,상해없음,승용,남,33세,경상
2014030400100158,2014년 3월 4일 11시,화요일,충청남도 천안시 동남구 북면,경상사고,0,0,1,0,차대차 - 측면직각충돌,교차로운행방법위반,건조,맑음,교차로 - 교차로안,화물,남,77세,경상,화물,남,55세,상해없음
2014030400100375,2014년 3월 4일 19시,화요일,충청남도 천안시 서북구 성정동,중상사고,0,1,0,0,차대차 - 기타,안전운전불이행,건조,맑음,단일로 - 기타,승용,남,34세,상해없음,원동기,남,46세,중상
2014030500100119,2014년 3월 5일 08시,수요일,충청남도 천안시 서북구 백석동,중상사고,0,1,1,0,차대차 - 측면직각충돌,신호위반,건조,맑음,단일로 - 기타,승용,남,22세,중상,승용,남,52세,경상
2014030500100390,2014년 3월 5일 17시,수요일,충청남도 천안시 서북구 두정동,경상사고,0,0,2,0,차대차 - 측면직각충돌,안전운전불이행,건조,기타,교차로 - 교차로안,승합,남,62세,상해없음,승용,남,28세,경상
2014030500100422,2014년 3월 5일 18시,수요일,충청남도 천안시 서북구 두정동,경상사고,0,0,1,0,차대차 - 추돌 - 주정차중,안전거리미확보,기타,기타,단일로 - 교량,승용,남,56세,상해없음,승용,남,33세,경상
2014030500100508,2014년 3월 5일 20시,수요일,충청남도 천안시 서북구 두정동,경상사고,0,0,1,0,차대사람 - 횡단중,안전운전불이행,건조,흐림,단일로 - 기타,원동기,남,18세,상해없음,보행자,여,60세,경상
2014030500100536,2014년 3월 5일 21시,수요일,충청남도 천안시 서북구 두정동,경상사고,0,0,1,0,차대차 - 기타,안전운전불이행,건조,맑음,단일로 - 기타,승용,남,42세,상해없음,이륜,남,20세,경상
2014030500100538,2014년 3월 5일 21시,수요일,충청남도 천안시 동남구 병천면,경상사고,0,0,1,0,차대차 - 추돌 - 주정차중,안전운전불이행,건조,맑음,단일로 - 기타,승용,여,53세,상해없음,승용,남,48세,경상
2014030600100131,2014년 3월 6일 08시,목요일,충청남도 천안시 서북구 두정동,경상사고,0,0,2,0,차대차 - 기타,신호위반,건조,맑음,교차로 - 교차로부근,승용,남,40세,상해없음,승용,남,40세,경상
2014030600100176,2014년 3월 6일 10시,목요일,충청남도 천안시 동남구 광덕면,중상사고,0,3,13,0,차대차 - 추돌 - 진행중,안전운전불이행,건조,맑음,단일로 - 기타,승합,남,50세,상해없음,승합,남,61세,경상
2014030600100251,2014년 3월 6일 13시,목요일,충청남도 천안시 동남구 영성동,중상사고,0,2,1,0,차대차 - 정면충돌,중앙선침범,건조,맑음,미분류 - 미분류,승용,남,27세,상해없음,승용,여,49세,중상
2014030600100271,2014년 3월 6일 14시,목요일,충청남도 천안시 동남구 신방동,중상사고,0,1,1,0,차대차 - 기타,교차로운행방법위반,건조,맑음,교차로 - 교차로안,화물,남,62세,경상,승용,여,56세,중상
2014030600100301,2014년 3월 6일 15시,목요일,충청남도 천안시 서북구 성정동,경상사고,0,0,1,0,차대차 - 기타,교차로운행방법위반,건조,맑음,교차로 - 교차로안,화물,남,64세,상해없음,승용,여,55세,경상
2014030600100335,2014년 3월 6일 16시,목요일,충청남도 천안시 동남구 봉명동,중상사고,0,1,0,0,차대사람 - 기타,안전운전불이행,건조,맑음,단일로 - 기타,화물,남,48세,상해없음,보행자,남,83세,중상
2014030600100438,2014년 3월 6일 20시,목요일,충청남도 천안시 서북구 성정동,경상사고,0,0,2,0,차대차 - 기타,교차로운행방법위반,건조,맑음,교차로 - 교차로안,이륜,남,28세,경상,승용,여,23세,경상
2014030700100086,2014년 3월 7일 07시,금요일,충청남도 천안시 서북구 성성동,경상사고,0,0,1,0,차대차 - 추돌 - 진행중,안전운전불이행,건조,맑음,단일로 - 기타,승용,남,55세,상해없음,승용,남,29세,경상
2014030700100128,2014년 3월 7일 08시,금요일,충청남도 천안시 동남구 안서동,중상사고,0,1,0,0,차대차 - 추돌 - 진행중,안전운전불이행,건조,맑음,단일로 - 기타,승용,남,34세,상해없음,승용,여,50세,중상
2014030700100252,2014년 3월 7일 13시,금요일,충청남도 천안시 서북구 성거읍,경상사고,0,0,3,0,차대차 - 기타,신호위반,건조,맑음,교차로 - 교차로안,승용,남,60세,상해없음,승합,남,53세,경상
2014030700100298,2014년 3월 7일 15시,금요일,충청남도 천안시 동남구 유량동,사망사고,1,0,0,0,차대사람 - 횡단중,안전운전불이행,건조,맑음,교차로 - 교차로안,승용,남,55세,상해없음,보행자,남,82세,사망
2014030700100353,2014년 3월 7일 17시,금요일,충청남도 천안시 서북구 불당동,중상사고,0,1,0,0,차대차 - 기타,신호위반,건조,맑음,교차로 - 교차로안,승합,남,54세,상해없음,승용,여,45세,중상
2014030700100423,2014년 3월 7일 19시,금요일,충청남도 천안시 서북구 성정동,경상사고,0,0,2,0,차대차 - 기타,안전운전불이행,건조,맑음,단일로 - 기타,승용,남,47세,상해없음,승용,남,33세,경상
2014030700100424,2014년 3월 7일 19시,금요일,충청남도 천안시 서북구 백석동,경상사고,0,0,1,0,차대차 - 추돌 - 주정차중,안전운전불이행,건조,기타,단일로 - 기타,승용,남,58세,상해없음,화물,남,39세,경상
2014030700100426,2014년 3월 7일 19시,금요일,충청남도 천안시 동남구 신방동,중상사고,0,2,0,0,차대차 - 추돌 - 주정차중,안전운전불이행,건조,맑음,단일로 - 기타,승용,남,52세,상해없음,승용,남,24세,중상
2014030800100019,2014년 3월 8일 00시,토요일,충청남도 천안시 서북구 불당동,경상사고,0,0,1,1,차대차 - 측면직각충돌,신호위반,건조,맑음,교차로 - 교차로안,승용,남,48세,부상신고,승용,남,28세,경상
2014030800100076,2014년 3월 8일 03시,토요일,충청남도 천안시 서북구 두정동,중상사고,0,1,0,0,차대차 - 기타,신호위반,건조,맑음,교차로 - 교차로안,승용,여,33세,상해없음,승용,남,34세,중상
2014030800100128,2014년 3월 8일 07시,토요일,충청남도 천안시 서북구 차암동,중상사고,0,1,0,0,차대사람 - 기타,안전운전불이행,건조,맑음,단일로 - 기타,승용,남,49세,상해없음,보행자,여,69세,중상
2014030800100183,2014년 3월 8일 10시,토요일,충청남도 천안시 동남구 신방동,경상사고,0,0,6,0,차대차 - 기타,신호위반,건조,맑음,교차로 - 교차로안,승용,남,71세,경상,화물,남,47세,경상
2014030800100260,2014년 3월 8일 13시,토요일,충청남도 천안시 동남구 동면,경상사고,0,0,1,0,차대차 - 기타,안전운전불이행,건조,맑음,단일로 - 기타,승용,남,50세,상해없음,이륜,남,46세,경상
2014030800100390,2014년 3월 8일 18시,토요일,충청남도 천안시 서북구 성정동,중상사고,0,1,0,0,차대사람 - 기타,안전운전불이행,건조,맑음,단일로 - 기타,승용,남,47세,상해없음,보행자,여,33세,중상
2014030800100392,2014년 3월 8일 18시,토요일,충청남도 천안시 동남구 삼룡동,경상사고,0,0,2,0,차대차 - 기타,안전운전불이행,건조,맑음,교차로 - 교차로안,승용,남,55세,상해없음,승용,남,39세,경상
2014030800100535,2014년 3월 8일 22시,토요일,충청남도 천안시 서북구 불당동,중상사고,0,1,2,0,차대차 - 정면충돌,신호위반,건조,맑음,교차로 - 교차로안,승용,남,54세,경상,승용,남,47세,경상
2014030900100042,2014년 3월 9일 01시,일요일,충청남도 천안시 서북구 성정동,경상사고,0,0,2,0,차대차 - 기타,신호위반,건조,맑음,교차로 - 교차로안,승용,남,63세,상해없음,승용,남,56세,경상
2014030900100119,2014년 3월 9일 06시,일요일,충청남도 천안시 서북구 성정동,경상사고,0,0,2,0,차대차 - 추돌 - 주정차중,안전운전불이행,습기,비,교차로 - 교차로부근,승용,여,27세,상해없음,승용,남,29세,경상
2014030900100168,2014년 3월 9일 10시,일요일,충청남도 천안시 동남구 원성동,중상사고,0,1,2,0,차대차 - 기타,신호위반,건조,맑음,교차로 - 교차로안,승용,남,21세,상해없음,화물,남,49세,중상
2014030900100273,2014년 3월 9일 15시,일요일,충청남도 천안시 서북구 쌍용동,중상사고,0,1,0,0,차대사람 - 기타,안전운전불이행,건조,맑음,교차로 - 교차로안,승합,남,47세,상해없음,보행자,여,75세,중상
2014030900100385,2014년 3월 9일 19시,일요일,충청남도 천안시 서북구 두정동,경상사고,0,0,1,0,차대차 - 추돌 - 주정차중,안전운전불이행,건조,맑음,교차로 - 교차로부근,승용,남,54세,상해없음,화물,남,44세,경상
2014031000100016,2014년 3월 10일 01시,월요일,충청남도 천안시 동남구 신부동,경상사고,0,0,1,0,차대사람 - 기타,안전운전불이행,건조,맑음,단일로 - 기타,이륜,남,29세,상해없음,보행자,남,22세,경상
2014031000100191,2014년 3월 10일 10시,월요일,충청남도 천안시 서북구 두정동,경상사고,0,0,1,0,차대차 - 기타,안전거리미확보,건조,맑음,단일로 - 기타,화물,남,66세,기타불명,승용,남,49세,경상
2014031000100303,2014년 3월 10일 14시,월요일,충청남도 천안시 서북구 백석동,중상사고,0,1,0,0,차대차 - 정면충돌,안전운전불이행,건조,맑음,단일로 - 기타,승용,남,42세,상해없음,화물,남,47세,중상
2014031000100365,2014년 3월 10일 16시,월요일,충청남도 천안시 동남구 신부동,경상사고,0,0,1,0,차대차 - 기타,직진우회전진행방해,건조,맑음,교차로 - 교차로안,화물,남,49세,상해없음,승합,남,46세,경상
2014031100100050,2014년 3월 11일 05시,화요일,충청남도 천안시 동남구 신방동,경상사고,0,0,1,0,차대사람 - 횡단중,신호위반,건조,맑음,교차로 - 교차로안,승용,남,33세,상해없음,보행자,여,34세,경상
2014031100100116,2014년 3월 11일 08시,화요일,충청남도 천안시 서북구 백석동,경상사고,0,0,2,0,차대차 - 기타,안전거리미확보,건조,맑음,교차로 - 교차로부근,승용,여,27세,상해없음,승용,여,25세,경상
2014031100100185,2014년 3월 11일 11시,화요일,충청남도 천안시 동남구 구성동,경상사고,0,0,2,0,차대차 - 추돌 - 주정차중,안전운전불이행,건조,맑음,단일로 - 기타,화물,남,57세,상해없음,화물,남,60세,경상
2014031100100209,2014년 3월 11일 12시,화요일,충청남도 천안시 서북구 백석동,중상사고,0,1,0,0,차대차 - 기타,불법유턴,건조,맑음,교차로 - 교차로부근,화물,남,29세,상해없음,화물,남,21세,중상
2014031100100210,2014년 3월 11일 12시,화요일,충청남도 천안시 서북구 두정동,중상사고,0,2,0,0,차대차 - 기타,신호위반,건조,맑음,단일로 - 기타,승용,남,67세,상해없음,승용,남,59세,중상
2014031100100266,2014년 3월 11일 14시,화요일,충청남도 천안시 서북구 백석동,경상사고,0,0,1,0,차대차 - 기타,안전운전불이행,건조,맑음,단일로 - 기타,승용,남,39세,상해없음,승용,여,43세,경상
2014031100100299,2014년 3월 11일 15시,화요일,충청남도 천안시 동남구 신방동,중상사고,0,1,0,0,차대사람 - 횡단중,안전운전불이행,건조,맑음,단일로 - 기타,승용,여,53세,상해없음,보행자,남,6세,중상
2014031100100354,2014년 3월 11일 17시,화요일,충청남도 천안시 서북구 성정동,경상사고,0,0,1,0,차대차 - 기타,교차로운행방법위반,건조,맑음,교차로 - 교차로안,원동기,남,45세,경상,승용,남,30세,상해없음
2014031100100415,2014년 3월 11일 19시,화요일,충청남도 천안시 서북구 두정동,경상사고,0,0,1,0,차대차 - 기타,안전운전불이행,건조,맑음,단일로 - 기타,승용,남,30세,경상,승합,남,55세,상해없음
2014031100100417,2014년 3월 11일 19시,화요일,충청남도 천안시 동남구 구룡동,경상사고,0,0,1,0,차대차 - 기타,안전운전불이행,건조,맑음,단일로 - 기타,승용,남,38세,상해없음,화물,남,57세,경상
2014031100100498,2014년 3월 11일 22시,화요일,충청남도 천안시 서북구 쌍용동,경상사고,0,0,3,0,차대차 - 기타,중앙선침범,건조,맑음,교차로 - 교차로안,승용,남,42세,기타불명,승용,남,53세,상해없음
2014031200100014,2014년 3월 12일 00시,수요일,충청남도 천안시 서북구 성정동,경상사고,0,0,1,0,차대사람 - 기타,안전운전불이행,건조,맑음,단일로 - 기타,승용,남,27세,상해없음,보행자,남,19세,경상
2014031200100050,2014년 3월 12일 03시,수요일,충청남도 천안시 동남구 병천면,사망사고,1,0,0,0,차량단독 - 공작물충돌,안전운전불이행,건조,맑음,교차로 - 교차로안,승용,남,35세,사망,,,,
2014031200100119,2014년 3월 12일 08시,수요일,충청남도 천안시 서북구 성정동,중상사고,0,1,0,0,차대사람 - 차도통행중,안전운전불이행,건조,흐림,단일로 - 기타,승용,여,29세,상해없음,보행자,남,89세,중상
2014031200100236,2014년 3월 12일 13시,수요일,충청남도 천안시 서북구 두정동,경상사고,0,0,1,0,차대차 - 기타,기타,습기,비,교차로 - 교차로부근,승용,남,30세,상해없음,승용,남,72세,경상
2014031200100427,2014년 3월 12일 18시,수요일,충청남도 천안시 동남구 구성동,경상사고,0,0,2,1,차대차 - 추돌 - 주정차중,안전운전불이행,습기,흐림,단일로 - 기타,승용,남,51세,상해없음,승합,남,55세,상해없음
2014031200100493,2014년 3월 12일 19시,수요일,충청남도 천안시 동남구 신방동,중상사고,0,1,0,0,차대사람 - 횡단중,보행자보호의무위반,습기,비,교차로 - 교차로부근,승용,남,45세,상해없음,보행자,남,36세,중상
2014031300100037,2014년 3월 13일 01시,목요일,충청남도 천안시 서북구 쌍용동,경상사고,0,0,2,0,차대차 - 추돌 - 주정차중,안전운전불이행,습기,비,교차로 - 교차로부근,승용,남,28세,상해없음,승용,남,44세,경상
2014031300100179,2014년 3월 13일 09시,목요일,충청남도 천안시 서북구 성환읍,중상사고,0,1,0,0,차대사람 - 기타,안전운전불이행,건조,맑음,단일로 - 기타,승용,여,31세,상해없음,보행자,여,41세,중상
2014031300100209,2014년 3월 13일 10시,목요일,충청남도 천안시 동남구 삼룡동,중상사고,0,1,0,5,차대차 - 추돌 - 진행중,안전운전불이행,건조,맑음,단일로 - 기타,승합,남,44세,상해없음,승합,남,46세,상해없음
2014031300100234,2014년 3월 13일 11시,목요일,충청남도 천안시 서북구 성환읍,경상사고,0,0,1,0,차대차 - 측면직각충돌,안전운전불이행,건조,맑음,교차로 - 교차로안,승용,남,43세,기타불명,승용,남,31세,경상
2014031300100235,2014년 3월 13일 11시,목요일,충청남도 천안시 동남구 영성동,사망사고,1,0,0,0,차대차 - 기타,안전운전불이행,건조,맑음,단일로 - 기타,자전거,남,79세,사망,화물,남,36세,상해없음
2014031300100317,2014년 3월 13일 14시,목요일,충청남도 천안시 서북구 두정동,중상사고,0,1,1,0,차대차 - 추돌 - 주정차중,안전운전불이행,건조,맑음,단일로 - 기타,화물,남,54세,상해없음,승용,여,24세,경상
2014031300100371,2014년 3월 13일 16시,목요일,충청남도 천안시 서북구 쌍용동,경상사고,0,0,1,0,차대사람 - 기타,안전운전불이행,습기,비,교차로 - 교차로부근,화물,남,35세,기타불명,보행자,여,2세,경상
2014031300100399,2014년 3월 13일 17시,목요일,충청남도 천안시 서북구 쌍용동,중상사고,0,1,0,0,차대사람 - 기타,신호위반,건조,맑음,단일로 - 횡단보도상,승용,남,64세,상해없음,보행자,남,15세,중상
2014031300100443,2014년 3월 13일 18시,목요일,충청남도 천안시 동남구 유량동,경상사고,0,0,2,0,차대차 - 추돌 - 주정차중,안전운전불이행,습기,비,단일로 - 기타,승용,남,52세,경상,승용,여,64세,상해없음
2014031300100491,2014년 3월 13일 19시,목요일,충청남도 천안시 서북구 성정동,경상사고,0,0,1,0,차대차 - 측면직각충돌,교차로운행방법위반,습기,비,교차로 - 교차로안,승용,여,55세,상해없음,승용,남,51세,경상
2014031300100492,2014년 3월 13일 19시,목요일,충청남도 천안시 서북구 성정동,경상사고,0,0,2,0,차대차 - 기타,안전운전불이행,습기,흐림,교차로 - 교차로안,승용,남,56세,상해없음,승용,남,46세,경상
2014031300100565,2014년 3월 13일 21시,목요일,충청남도 천안시 서북구 쌍용동,중상사고,0,1,0,0,차대차 - 기타,신호위반,습기,흐림,교차로 - 교차로안,승용,남,27세,상해없음,승용,남,30세,중상
2014031300100600,2014년 3월 13일 22시,목요일,충청남도 천안시 서북구 성환읍,경상사고,0,0,1,0,차대사람 - 기타,안전운전불이행,건조,맑음,교차로 - 교차로부근,승합,남,67세,상해없음,보행자,남,22세,경상
2014031400100052,2014년 3월 14일 03시,금요일,충청남도 천안시 서북구 성정동,경상사고,0,0,1,0,차대차 - 기타,안전운전불이행,건조,맑음,교차로 - 교차로안,승용,남,40세,기타불명,승용,남,23세,경상
2014031400100217,2014년 3월 14일 10시,금요일,충청남도 천안시 서북구 신당동,경상사고,0,0,1,0,차대차 - 추돌 - 주정차중,안전거리미확보,건조,맑음,단일로 - 기타,화물,남,53세,상해없음,승용,남,32세,경상
2014031400100301,2014년 3월 14일 13시,금요일,충청남도 천안시 동남구 목천읍,중상사고,0,1,0,0,차대사람 - 기타,안전운전불이행,건조,맑음,기타 - 기타,특수,남,50세,상해없음,보행자,남,67세,중상
2014031400100483,2014년 3월 14일 18시,금요일,충청남도 천안시 동남구 원성동,중상사고,0,1,0,0,차대차 - 기타,안전운전불이행,건조,맑음,단일로 - 기타,승용,여,33세,상해없음,이륜,남,65세,중상
2014031400100527,2014년 3월 14일 19시,금요일,충청남도 천안시 동남구 신방동,중상사고,0,2,0,0,차대차 - 기타,안전운전불이행,건조,맑음,단일로 - 기타,승용,여,53세,중상,승용,남,46세,상해없음
2014031400100575,2014년 3월 14일 20시,금요일,충청남도 천안시 동남구 사직동,경상사고,0,0,1,0,차대차 - 기타,교차로운행방법위반,건조,맑음,교차로 - 교차로안,승합,남,55세,상해없음,승용,남,56세,경상
2014031400100610,2014년 3월 14일 21시,금요일,충청남도 천안시 서북구 성거읍,중상사고,0,1,0,0,차대차 - 기타,안전운전불이행,건조,맑음,단일로 - 기타,승용,남,56세,상해없음,자전거,남,60세,중상
2014031400100612,2014년 3월 14일 21시,금요일,충청남도 천안시 동남구 병천면,중상사고,0,1,0,0,차대차 - 기타,중앙선침범,건조,맑음,단일로 - 기타,승용,남,50세,상해없음,승용,남,25세,중상
2014031400100699,2014년 3월 14일 23시,금요일,충청남도 천안시 동남구 신방동,경상사고,0,0,1,0,차대차 - 추돌 - 주정차중,안전운전불이행,건조,맑음,단일로 - 기타,기타불명,기타불명,기타불명,기타불명,승용,남,24세,상해없음
2014031500100232,2014년 3월 15일 11시,토요일,충청남도 천안시 서북구 백석동,중상사고,0,2,2,0,차대차 - 기타,안전운전불이행,건조,맑음,단일로 - 기타,화물,남,42세,상해없음,승용,여,38세,중상
2014031500100267,2014년 3월 15일 12시,토요일,충청남도 천안시 동남구 대흥동,중상사고,0,1,1,0,차대사람 - 횡단중,보행자보호의무위반,건조,맑음,교차로 - 교차로안,승용,여,61세,상해없음,보행자,여,35세,경상
2014031500100398,2014년 3월 15일 16시,토요일,충청남도 천안시 동남구 사직동,중상사고,0,1,0,0,차대사람 - 기타,안전운전불이행,건조,맑음,단일로 - 기타,승용,남,67세,상해없음,보행자,남,57세,중상
2014031500100472,2014년 3월 15일 18시,토요일,충청남도 천안시 동남구 신부동,중상사고,0,1,0,0,차대차 - 측면직각충돌,안전운전불이행,건조,맑음,교차로 - 교차로안,승용,남,61세,상해없음,이륜,남,53세,중상
2014031500100511,2014년 3월 15일 19시,토요일,충청남도 천안시 동남구 청당동,중상사고,0,1,0,0,차대차 - 추돌 - 진행중,안전운전불이행,건조,맑음,단일로 - 기타,승용,남,72세,상해없음,이륜,남,41세,중상
2014031500100512,2014년 3월 15일 19시,토요일,충청남도 천안시 동남구 신방동,경상사고,0,0,4,0,차대차 - 측면직각충돌,신호위반,건조,맑음,교차로 - 교차로안,승용,여,24세,상해없음,승용,여,33세,경상
2014031600100007,2014년 3월 16일 00시,일요일,충청남도 천안시 서북구 부대동,경상사고,0,0,1,0,차량단독 - 공작물충돌,안전운전불이행,건조,맑음,기타 - 기타,승용,남,25세,상해없음,,,,
2014031600100059,2014년 3월 16일 02시,일요일,충청남도 천안시 서북구 두정동,경상사고,0,0,1,0,차대사람 - 기타,안전운전불이행,건조,맑음,단일로 - 기타,승용,남,24세,상해없음,보행자,남,18세,경상
2014031600100061,2014년 3월 16일 02시,일요일,충청남도 천안시 동남구 목천읍,경상사고,0,0,1,0,차대차 - 추돌 - 진행중,안전운전불이행,건조,맑음,단일로 - 기타,승용,남,47세,상해없음,승용,남,56세,경상
2014031600100128,2014년 3월 16일 07시,일요일,충청남도 천안시 동남구 청수동,중상사고,0,2,0,0,차대차 - 정면충돌,안전운전불이행,건조,맑음,교차로 - 교차로안,화물,남,37세,중상,승용,남,23세,상해없음
2014031600100142,2014년 3월 16일 08시,일요일,충청남도 천안시 동남구 구성동,경상사고,0,0,1,0,차대차 - 기타,안전운전불이행,건조,맑음,교차로 - 교차로부근,승용,여,59세,상해없음,이륜,남,47세,경상
2014031600100329,2014년 3월 16일 16시,일요일,충청남도 천안시 동남구 광덕면,사망사고,1,3,5,0,차대차 - 추돌 - 주정차중,안전운전불이행,건조,맑음,단일로 - 기타,승용,남,49세,상해없음,승용,여,36세,중상
2014031600100365,2014년 3월 16일 17시,일요일,충청남도 천안시 동남구 신부동,경상사고,0,0,1,0,차대사람 - 기타,안전운전불이행,건조,맑음,단일로 - 기타,승용,남,20세,상해없음,보행자,여,20세,경상