사고번호,사고일시,요일,시군구,사고내용,사망자수,중상자수,경상자수,부상신고자수,사고유형,법규위반,노면상태,기상상태,도로형태,가해운전자 차종,가해운전자 성별,가해운전자 연령,가해운전자 상해정도,피해운전자 차종,피해운전자 성별,피해운전자 연령,피해운전자 상해정도
2014031600100448,2014년 3월 16일 20시,일요일,충청남도 천안시 서북구 성정동,경상사고,0,0,1,0,차대차 - 기타,중앙선침범,건조,맑음,교차로 - 교차로부근,승용,남,57세,상해없음,원동기,남,40세,경상
2014031700100055,2014년 3월 17일 06시,월요일,충청남도 천안시 동남구 봉명동,중상사고,0,1,0,0,차대사람 - 횡단중,보행자보호의무위반,건조,맑음,단일로 - 횡단보도상,화물,남,31세,상해없음,보행자,남,75세,중상
2014031700100294,2014년 3월 17일 14시,월요일,충청남도 천안시 동남구 풍세면,사망사고,1,0,1,0,차대차 - 기타,신호위반,건조,맑음,교차로 - 교차로안,승합,남,72세,상해없음,승용,여,54세,경상
2014031800100134,2014년 3월 18일 08시,화요일,충청남도 천안시 동남구 청수동,경상사고,0,0,1,0,차대차 - 기타,직진우회전진행방해,건조,맑음,단일로 - 기타,승용,남,44세,상해없음,원동기,남,32세,경상
2014031800100190,2014년 3월 18일 10시,화요일,충청남도 천안시 서북구 성정동,중상사고,0,1,0,0,차대차 - 기타,교차로운행방법위반,건조,맑음,교차로 - 교차로안,기타불명,기타불명,기타불명,기타불명,이륜,남,30세,중상
2014031800100441,2014년 3월 18일 18시,화요일,충청남도 천안시 서북구 쌍용동,중상사고,0,1,0,0,차대차 - 기타,안전운전불이행,건조,맑음,교차로 - 교차로부근,승용,여,50세,상해없음,자전거,남,23세,중상
2014031800100444,2014년 3월 18일 18시,화요일,충청남도 천안시 동남구 용곡동,중상사고,0,2,0,0,차대차 - 기타,직진우회전진행방해,건조,맑음,교차로 - 교차로부근,승용,여,66세,상해없음,원동기,남,67세,중상
2014031900100027,2014년 3월 19일 01시,수요일,충청남도 천안시 동남구 구성동,중상사고,0,2,0,0,차대차 - 추돌 - 주정차중,안전운전불이행,건조,맑음,교차로 - 교차로부근,승용,남,37세,중상,화물,남,44세,중상
2014031900100151,2014년 3월 19일 09시,수요일,충청남도 천안시 서북구 입장면,중상사고,0,1,1,0,차대차 - 기타,안전운전불이행,건조,맑음,교차로 - 교차로부근,승용,남,47세,경상,승합,남,58세,중상
2014031900100220,2014년 3월 19일 12시,수요일,충청남도 천안시 서북구 성환읍,중상사고,0,1,0,0,차대차 - 기타,안전운전불이행,건조,맑음,교차로 - 교차로안,원동기,남,61세,중상,승용,여,49세,상해없음
2014031900100360,2014년 3월 19일 17시,수요일,충청남도 천안시 서북구 직산읍,경상사고,0,0,1,0,차대사람 - 횡단중,보행자보호의무위반,건조,맑음,단일로 - 횡단보도상,기타불명,기타불명,기타불명,기타불명,보행자,여,14세,경상
2014031900100396,2014년 3월 19일 18시,수요일,충청남도 천안시 동남구 신부동,경상사고,0,0,1,0,차대차 - 추돌 - 진행중,안전운전불이행,건조,맑음,교차로 - 교차로부근,기타불명,기타불명,기타불명,기타불명,승용,여,42세,경상
2014031900100438,2014년 3월 19일 19시,수요일,충청남도 천안시 동남구 청당동,중상사고,0,1,0,0,차대차 - 추돌 - 진행중,안전운전불이행,건조,맑음,단일로 - 기타,이륜,남,17세,중상,승용,남,32세,상해없음
2014032000100029,2014년 3월 20일 01시,목요일,충청남도 천안시 서북구 쌍용동,경상사고,0,0,1,0,차대차 - 측면직각충돌,신호위반,건조,맑음,교차로 - 교차로안,승용,남,44세,상해없음,승용,남,50세,상해없음
2014032000100106,2014년 3월 20일 08시,목요일,충청남도 천안시 서북구 쌍용동,사망사고,1,0,0,0,차대사람 - 기타,안전운전불이행,건조,흐림,단일로 - 기타,승용,여,31세,상해없음,보행자,남,77세,사망
2014032000100107,2014년 3월 20일 08시,목요일,충청남도 천안시 서북구 성환읍,경상사고,0,0,2,0,차대차 - 측면직각충돌,교차로운행방법위반,건조,맑음,교차로 - 교차로안,승용,남,33세,상해없음,승용,남,44세,경상
2014032000100108,2014년 3월 20일 08시,목요일,충청남도 천안시 서북구 두정동,경상사고,0,0,1,0,차대사람 - 기타,안전운전불이행,건조,맑음,교차로 - 교차로안,화물,남,32세,상해없음,보행자,남,28세,경상
2014032000100453,2014년 3월 20일 19시,목요일,충청남도 천안시 동남구 문화동,경상사고,0,0,1,0,차대사람 - 차도통행중,안전운전불이행,습기,비,단일로 - 기타,기타불명,기타불명,기타불명,기타불명,보행자,여,71세,경상
2014032000100620,2014년 3월 20일 23시,목요일,충청남도 천안시 동남구 구성동,중상사고,0,1,0,0,차대차 - 기타,안전운전불이행,건조,맑음,단일로 - 기타,승용,여,26세,상해없음,화물,남,53세,중상
2014032100100051,2014년 3월 21일 04시,금요일,충청남도 천안시 서북구 두정동,경상사고,0,0,1,0,차대차 - 기타,안전운전불이행,건조,맑음,단일로 - 기타,승용,남,31세,상해없음,승용,여,24세,경상
2014032100100063,2014년 3월 21일 05시,금요일,충청남도 천안시 서북구 성정동,경상사고,0,0,1,0,차대차 - 측면직각충돌,신호위반,건조,맑음,교차로 - 교차로안,승용,남,70세,상해없음,승용,남,47세,경상
2014032100100258,2014년 3월 21일 12시,금요일,충청남도 천안시 서북구 쌍용동,경상사고,0,0,1,0,차대차 - 추돌 - 진행중,안전운전불이행,건조,맑음,교차로 - 교차로부근,승용,여,27세,상해없음,승용,여,37세,경상
2014032100100287,2014년 3월 21일 13시,금요일,충청남도 천안시 동남구 광덕면,중상사고,0,2,1,0,차대차 - 추돌 - 진행중,안전운전불이행,건조,맑음,단일로 - 터널,승합,남,46세,상해없음,승용,남,52세,중상
2014032100100630,2014년 3월 21일 22시,금요일,충청남도 천안시 서북구 두정동,경상사고,0,0,1,0,차대차 - 추돌 - 주정차중,안전운전불이행,건조,맑음,교차로 - 교차로부근,승용,남,40세,상해없음,승용,남,56세,경상
2014032200100100,2014년 3월 22일 05시,토요일,충청남도 천안시 서북구 직산읍,경상사고,0,0,1,0,차대차 - 기타,신호위반,건조,맑음,교차로 - 교차로안,승용,남,68세,상해없음,승용,남,56세,경상
2014032200100434,2014년 3월 22일 17시,토요일,충청남도 천안시 서북구 직산읍,경상사고,0,0,1,0,차대차 - 추돌 - 주정차중,안전운전불이행,건조,맑음,단일로 - 기타,승용,여,25세,상해없음,승용,남,26세,경상
2014032200100535,2014년 3월 22일 20시,토요일,충청남도 천안시 서북구 성거읍,경상사고,0,0,8,0,차대차 - 기타,안전운전불이행,건조,맑음,단일로 - 기타,승용,남,68세,상해없음,승용,남,22세,경상
2014032300100018,2014년 3월 23일 00시,일요일,충청남도 천안시 서북구 성정동,경상사고,0,0,1,0,차대차 - 측면직각충돌,교차로운행방법위반,건조,맑음,교차로 - 교차로안,승용,남,27세,상해없음,승용,남,65세,경상
2014032300100162,2014년 3월 23일 09시,일요일,충청남도 천안시 동남구 목천읍,경상사고,0,0,3,0,차대차 - 추돌 - 주정차중,안전거리미확보,건조,맑음,단일로 - 기타,승용,남,55세,상해없음,승용,여,35세,경상
2014032300100402,2014년 3월 23일 18시,일요일,충청남도 천안시 서북구 쌍용동,중상사고,0,1,8,0,차대차 - 기타,안전운전불이행,건조,맑음,미분류 - 미분류,화물,남,57세,상해없음,승합,남,39세,경상
2014032400100028,2014년 3월 24일 02시,월요일,충청남도 천안시 서북구 쌍용동,경상사고,0,0,1,0,차대사람 - 기타,안전운전불이행,건조,맑음,단일로 - 기타,이륜,남,26세,상해없음,보행자,남,48세,경상
2014032400100086,2014년 3월 24일 07시,월요일,충청남도 천안시 서북구 성정동,경상사고,0,0,2,0,차대차 - 추돌 - 진행중,안전운전불이행,기타,기타,기타 - 기타,승용,남,39세,경상,승용,남,57세,경상
2014032400100089,2014년 3월 24일 07시,월요일,충청남도 천안시 동남구 목천읍,경상사고,0,0,1,0,차대사람 - 횡단중,보행자보호의무위반,건조,맑음,교차로 - 교차로안,화물,남,51세,상해없음,보행자,남,73세,경상
2014032400100229,2014년 3월 24일 11시,월요일,충청남도 천안시 서북구 직산읍,경상사고,0,0,1,0,차대차 - 기타,안전운전불이행,건조,맑음,단일로 - 기타,승합,남,75세,상해없음,승용,남,32세,경상
2014032400100438,2014년 3월 24일 18시,월요일,충청남도 천안시 동남구 구성동,경상사고,0,0,1,0,차대차 - 기타,기타,건조,맑음,단일로 - 기타,이륜,남,22세,경상,승용,남,57세,상해없음
2014032500100115,2014년 3월 25일 08시,화요일,충청남도 천안시 동남구 신부동,경상사고,0,0,1,0,차대차 - 기타,신호위반,건조,맑음,교차로 - 교차로안,승용,남,22세,상해없음,승용,남,52세,경상
2014032500100239,2014년 3월 25일 13시,화요일,충청남도 천안시 서북구 백석동,경상사고,0,0,1,0,차대차 - 추돌 - 주정차중,안전운전불이행,건조,맑음,단일로 - 기타,승용,여,46세,상해없음,승용,여,46세,경상
2014032600100049,2014년 3월 26일 01시,수요일,충청남도 천안시 서북구 성정동,사망사고,1,0,0,0,차대사람 - 기타,안전운전불이행,습기,비,단일로 - 기타,승용,남,44세,상해없음,보행자,여,35세,사망
2014032600100265,2014년 3월 26일 11시,수요일,충청남도 천안시 동남구 신방동,경상사고,0,0,3,0,차대차 - 기타,안전운전불이행,건조,맑음,단일로 - 기타,승용,남,30세,상해없음,승용,여,32세,경상
2014032600100338,2014년 3월 26일 14시,수요일,충청남도 천안시 동남구 청당동,중상사고,0,1,0,0,차대차 - 기타,중앙선침범,건조,맑음,단일로 - 기타,승용,남,37세,상해없음,승합,남,40세,중상
2014032600100424,2014년 3월 26일 17시,수요일,충청남도 천안시 동남구 동면,경상사고,0,0,5,0,차대차 - 추돌 - 주정차중,안전운전불이행,건조,맑음,단일로 - 기타,승용,남,40세,상해없음,승용,남,51세,경상
2014032600100425,2014년 3월 26일 17시,수요일,충청남도 천안시 동남구 신방동,중상사고,0,1,0,0,차대사람 - 기타,신호위반,건조,맑음,단일로 - 횡단보도상,승용,남,44세,상해없음,보행자,남,7세,중상
2014032600100591,2014년 3월 26일 21시,수요일,충청남도 천안시 동남구 원성동,경상사고,0,0,1,0,차대차 - 기타,교차로운행방법위반,건조,맑음,교차로 - 교차로안,승용,남,57세,상해없음,승용,남,49세,경상
2014032600100652,2014년 3월 26일 23시,수요일,충청남도 천안시 동남구 구성동,경상사고,0,0,2,0,차대차 - 기타,안전운전불이행,건조,맑음,단일로 - 기타,승용,남,34세,상해없음,승용,남,34세,경상
2014032700100095,2014년 3월 27일 07시,목요일,충청남도 천안시 서북구 직산읍,경상사고,0,0,1,0,차대차 - 기타,중앙선침범,건조,맑음,단일로 - 기타,승용,남,40세,상해없음,승용,남,28세,경상
2014032700100172,2014년 3월 27일 09시,목요일,충청남도 천안시 서북구 쌍용동,중상사고,0,1,1,0,차대차 - 기타,신호위반,건조,맑음,교차로 - 교차로안,승용,남,42세,경상,승용,여,45세,중상
2014032700100174,2014년 3월 27일 09시,목요일,충청남도 천안시 동남구 신부동,경상사고,0,0,1,0,차대차 - 추돌 - 진행중,안전운전불이행,건조,맑음,단일로 - 기타,승합,남,45세,기타불명,승용,여,45세,경상
2014032700100551,2014년 3월 27일 22시,목요일,충청남도 천안시 서북구 쌍용동,경상사고,0,0,1,0,차대차 - 기타,안전운전불이행,건조,맑음,교차로 - 교차로부근,승용,여,45세,상해없음,승용,남,51세,경상
2014032800100126,2014년 3월 28일 08시,금요일,충청남도 천안시 동남구 신방동,중상사고,0,1,0,0,차대차 - 기타,안전운전불이행,건조,맑음,교차로 - 교차로안,승용,여,39세,상해없음,이륜,여,46세,중상
2014032800100163,2014년 3월 28일 09시,금요일,충청남도 천안시 동남구 목천읍,중상사고,0,1,0,0,차대차 - 기타,안전운전불이행,건조,맑음,교차로 - 교차로안,승용,여,41세,상해없음,이륜,남,23세,중상
2014032800100295,2014년 3월 28일 14시,금요일,충청남도 천안시 동남구 유량동,중상사고,0,2,4,0,차대차 - 기타,안전운전불이행,건조,맑음,교차로 - 교차로안,화물,남,40세,상해없음,화물,남,40세,중상
2014032800100402,2014년 3월 28일 17시,금요일,충청남도 천안시 서북구 성정동,경상사고,0,0,1,0,차대차 - 기타,안전운전불이행,건조,맑음,교차로 - 교차로안,승용,남,28세,상해없음,원동기,남,23세,경상
2014032800100436,2014년 3월 28일 18시,금요일,충청남도 천안시 서북구 쌍용동,중상사고,0,1,0,0,차대사람 - 기타,안전운전불이행,건조,맑음,단일로 - 기타,건설기계,남,71세,상해없음,보행자,여,22세,중상
2014032800100481,2014년 3월 28일 19시,금요일,충청남도 천안시 서북구 성정동,경상사고,0,0,1,0,차대차 - 기타,안전운전불이행,건조,맑음,교차로 - 교차로안,원동기,남,37세,경상,승용,남,58세,상해없음
2014032800100607,2014년 3월 28일 22시,금요일,충청남도 천안시 서북구 불당동,경상사고,0,0,1,0,차대차 - 추돌 - 진행중,안전운전불이행,건조,맑음,교차로 - 교차로부근,승용,남,47세,기타불명,승용,남,34세,경상
2014032800100637,2014년 3월 28일 23시,금요일,충청남도 천안시 서북구 성정동,중상사고,0,2,0,0,차대차 - 추돌 - 주정차중,안전운전불이행,건조,맑음,교차로 - 교차로안,승용,남,34세,상해없음,승용,여,58세,중상
2014032800100639,2014년 3월 28일 23시,금요일,충청남도 천안시 동남구 다가동,중상사고,0,1,0,0,차대사람 - 기타,안전운전불이행,건조,맑음,단일로 - 기타,승용,남,54세,상해없음,보행자,남,45세,중상
2014032900100104,2014년 3월 29일 04시,토요일,충청남도 천안시 서북구 쌍용동,경상사고,0,0,1,0,차대사람 - 기타,안전운전불이행,건조,맑음,단일로 - 기타,승용,남,27세,상해없음,보행자,남,32세,경상
2014032900100105,2014년 3월 29일 04시,토요일,충청남도 천안시 동남구 신방동,사망사고,1,0,0,0,차대사람 - 기타,안전운전불이행,건조,맑음,단일로 - 기타,승용,남,56세,상해없음,보행자,남,42세,사망
2014032900100170,2014년 3월 29일 08시,토요일,충청남도 천안시 서북구 성정동,경상사고,0,0,2,0,차대차 - 추돌 - 주정차중,안전운전불이행,건조,맑음,단일로 - 기타,승용,남,40세,상해없음,승용,남,24세,경상
2014032900100215,2014년 3월 29일 10시,토요일,충청남도 천안시 동남구 북면,중상사고,0,1,0,3,차대차 - 추돌 - 진행중,중앙선침범,건조,맑음,단일로 - 기타,승용,남,42세,상해없음,승용,여,49세,부상신고
2014032900100334,2014년 3월 29일 14시,토요일,충청남도 천안시 서북구 입장면,경상사고,0,0,1,0,차대차 - 기타,안전거리미확보,건조,맑음,단일로 - 기타,승용,남,64세,상해없음,승합,남,47세,상해없음
2014032900100397,2014년 3월 29일 16시,토요일,충청남도 천안시 서북구 성정동,중상사고,0,1,0,0,차대사람 - 기타,안전운전불이행,건조,맑음,교차로 - 교차로안,승용,남,37세,상해없음,보행자,여,85세,중상
2014032900100438,2014년 3월 29일 17시,토요일,충청남도 천안시 서북구 쌍용동,중상사고,0,1,0,0,차대차 - 추돌 - 진행중,안전운전불이행,건조,기타,단일로 - 기타,이륜,남,38세,상해없음,이륜,남,27세,중상
2014032900100558,2014년 3월 29일 20시,토요일,충청남도 천안시 서북구 직산읍,중상사고,0,1,0,0,차대사람 - 기타,안전운전불이행,기타,기타,기타 - 기타,승합,남,52세,상해없음,보행자,남,54세,중상
2014033000100020,2014년 3월 30일 00시,일요일,충청남도 천안시 서북구 성정동,경상사고,0,0,1,0,차대차 - 기타,신호위반,습기,비,교차로 - 교차로안,승용,남,43세,상해없음,승용,남,43세,경상
2014033000100021,2014년 3월 30일 00시,일요일,충청남도 천안시 서북구 성정동,경상사고,0,0,2,0,차대차 - 기타,안전운전불이행,습기,비,교차로 - 교차로부근,승용,남,20세,상해없음,승용,여,29세,경상
2014033000100048,2014년 3월 30일 01시,일요일,충청남도 천안시 서북구 두정동,경상사고,0,0,3,0,차대차 - 추돌 - 진행중,안전운전불이행,습기,비,교차로 - 교차로부근,승합,남,21세,상해없음,승용,남,49세,경상
2014033000100049,2014년 3월 30일 01시,일요일,충청남도 천안시 동남구 신부동,경상사고,0,0,3,0,차대차 - 추돌 - 진행중,안전운전불이행,습기,비,단일로 - 기타,승용,남,28세,상해없음,승용,남,58세,경상
2014033000100334,2014년 3월 30일 15시,일요일,충청남도 천안시 동남구 풍세면,경상사고,0,0,1,0,차대차 - 기타,안전운전불이행,건조,맑음,교차로 - 교차로부근,승용,남,53세,상해없음,승용,남,37세,경상
2014033000100335,2014년 3월 30일 15시,일요일,충청남도 천안시 동남구 다가동,경상사고,0,0,5,0,차대차 - 기타,안전운전불이행,건조,맑음,단일로 - 기타,승용,남,63세,상해없음,승용,여,36세,경상
2014033000100384,2014년 3월 30일 17시,일요일,충청남도 천안시 서북구 성정동,경상사고,0,0,1,0,차대차 - 측면직각충돌,교차로운행방법위반,건조,맑음,교차로 - 교차로안,승용,남,32세,상해없음,승용,남,57세,경상
2014033000100455,2014년 3월 30일 19시,일요일,충청남도 천안시 서북구 입장면,중상사고,0,1,2,0,차대차 - 측면직각충돌,중앙선침범,건조,맑음,단일로 - 기타,원동기,남,48세,상해없음,승용,남,35세,경상
2014033000100457,2014년 3월 30일 19시,일요일,충청남도 천안시 동남구 목천읍,중상사고,0,1,0,0,차대차 - 기타,안전운전불이행,건조,맑음,교차로 - 교차로안,승용,여,47세,상해없음,이륜,남,39세,중상
2014033000100479,2014년 3월 30일 20시,일요일,충청남도 천안시 동남구 용곡동,경상사고,0,0,1,0,차대차 - 기타,안전운전불이행,건조,맑음,미분류 - 미분류,승용,남,51세,상해없음,승용,여,34세,경상
2014033000100528,2014년 3월 30일 22시,일요일,충청남도 천안시 서북구 쌍용동,중상사고,0,1,0,0,차대사람 - 횡단중,신호위반,건조,맑음,교차로 - 교차로부근,원동기,남,51세,상해없음,보행자,남,44세,중상
2014033100100138,2014년 3월 31일 09시,월요일,충청남도 천안시 서북구 직산읍,경상사고,0,0,1,0,차대차 - 기타,교차로운행방법위반,건조,맑음,교차로 - 교차로안,화물,남,39세,상해없음,화물,남,60세,경상
2014033100100493,2014년 3월 31일 21시,월요일,충청남도 천안시 동남구 목천읍,경상사고,0,0,1,0,차대차 - 추돌 - 주정차중,안전거리미확보,건조,맑음,단일로 - 기타,승용,여,51세,상해없음,승용,남,49세,경상
2014033100100529,2014년 3월 31일 22시,월요일,충청남도 천안시 동남구 영성동,중상사고,0,1,0,0,차대차 - 추돌 - 진행중,안전운전불이행,건조,맑음,미분류 - 미분류,승용,기타불명,기타불명,기타불명,원동기,남,24세,중상
2014033100100559,2014년 3월 31일 23시,월요일,충청남도 천안시 서북구 성정동,경상사고,0,0,1,0,차대차 - 기타,안전운전불이행,건조,맑음,단일로 - 기타,승용,여,24세,상해없음,승용,여,27세,경상
2014040100100036,2014년 4월 1일 01시,화요일,충청남도 천안시 동남구 원성동,경상사고,0,0,1,0,차대차 - 추돌 - 주정차중,안전운전불이행,건조,맑음,단일로 - 기타,승용,남,21세,상해없음,승용,남,34세,경상
2014040100100169,2014년 4월 1일 09시,화요일,충청남도 천안시 동남구 목천읍,경상사고,0,0,1,0,차대차 - 기타,안전운전불이행,건조,맑음,교차로 - 교차로안,승용,남,35세,상해없음,승용,남,51세,경상
2014040100100274,2014년 4월 1일 13시,화요일,충청남도 천안시 서북구 성정동,경상사고,0,0,2,0,차대차 - 추돌 - 진행중,안전운전불이행,건조,맑음,교차로 - 교차로안,승용,남,39세,상해없음,승용,남,48세,상해없음
2014040100100275,2014년 4월 1일 13시,화요일,충청남도 천안시 서북구 쌍용동,경상사고,0,0,1,0,차대차 - 추돌 - 진행중,안전거리미확보,건조,맑음,교차로 - 교차로부근,화물,기타불명,기타불명,기타불명,승용,여,40세,경상
2014040100100434,2014년 4월 1일 17시,화요일,충청남도 천안시 동남구 병천면,경상사고,0,0,1,0,차대차 - 추돌 - 주정차중,안전거리미확보,건조,맑음,교차로 - 교차로부근,화물,남,58세,상해없음,이륜,남,58세,경상
2014040100100547,2014년 4월 1일 20시,화요일,충청남도 천안시 동남구 목천읍,중상사고,0,1,0,0,차대사람 - 길가장자리구역통행중,안전운전불이행,건조,맑음,단일로 - 교량,화물,남,49세,상해없음,보행자,남,65세,중상
2014040100100548,2014년 4월 1일 20시,화요일,충청남도 천안시 동남구 원성동,경상사고,0,0,2,0,차대차 - 기타,안전운전불이행,건조,맑음,단일로 - 기타,승합,남,48세,상해없음,승용,남,41세,경상
2014040200100007,2014년 4월 2일 00시,수요일,충청남도 천안시 서북구 백석동,경상사고,0,0,3,0,차대차 - 기타,안전운전불이행,건조,맑음,단일로 - 기타,승용,남,29세,상해없음,승용,남,26세,경상
2014040200100152,2014년 4월 2일 09시,수요일,충청남도 천안시 동남구 영성동,중상사고,0,1,0,0,차대차 - 기타,교차로운행방법위반,건조,맑음,교차로 - 교차로안,승용,남,36세,상해없음,이륜,남,57세,중상
2014040300100187,2014년 4월 3일 10시,목요일,충청남도 천안시 서북구 백석동,경상사고,0,0,2,0,차대차 - 기타,안전운전불이행,건조,맑음,교차로 - 교차로부근,승합,여,54세,기타불명,화물,남,48세,경상
2014040300100204,2014년 4월 3일 11시,목요일,충청남도 천안시 동남구 봉명동,경상사고,0,0,1,0,차대차 - 기타,안전운전불이행,건조,맑음,단일로 - 기타,승용,남,34세,상해없음,승용,남,41세,경상
2014040300100450,2014년 4월 3일 19시,목요일,충청남도 천안시 동남구 영성동,중상사고,0,1,0,0,차대사람 - 기타,안전운전불이행,건조,맑음,교차로 - 교차로안,승용,기타불명,기타불명,기타불명,보행자,여,66세,중상
2014040300100527,2014년 4월 3일 21시,목요일,충청남도 천안시 서북구 업성동,경상사고,0,0,2,0,차대차 - 추돌 - 주정차중,안전운전불이행,건조,맑음,교차로 - 교차로부근,승용,여,48세,상해없음,승용,남,27세,경상
2014040300100528,2014년 4월 3일 21시,목요일,충청남도 천안시 서북구 두정동,경상사고,0,0,1,0,차대사람 - 기타,안전운전불이행,건조,맑음,단일로 - 기타,승용,남,27세,상해없음,보행자,남,52세,경상
2014040400100272,2014년 4월 4일 12시,금요일,충청남도 천안시 동남구 용곡동,경상사고,0,0,2,0,차대차 - 추돌 - 진행중,안전운전불이행,건조,맑음,단일로 - 기타,건설기계,남,49세,상해없음,승용,남,60세,경상
2014040400100325,2014년 4월 4일 14시,금요일,충청남도 천안시 서북구 불당동,경상사고,0,0,2,0,차대차 - 기타,교차로운행방법위반,건조,맑음,교차로 - 교차로안,승용,남,51세,상해없음,승용,남,22세,상해없음
2014040400100493,2014년 4월 4일 18시,금요일,충청남도 천안시 동남구 신부동,중상사고,0,1,0,0,차대사람 - 횡단중,안전운전불이행,건조,맑음,단일로 - 기타,승용,남,21세,상해없음,보행자,여,56세,중상
2014040500100188,2014년 4월 5일 10시,토요일,충청남도 천안시 동남구 신방동,중상사고,0,2,1,0,차대차 - 기타,안전운전불이행,건조,맑음,단일로 - 기타,승용,여,45세,경상,승용,남,40세,상해없음
2014040500100248,2014년 4월 5일 12시,토요일,충청남도 천안시 서북구 성환읍,중상사고,0,2,2,0,차대차 - 기타,교차로운행방법위반,건조,맑음,교차로 - 교차로안,화물,남,49세,경상,승용,여,33세,중상
2014040500100251,2014년 4월 5일 12시,토요일,충청남도 천안시 동남구 신부동,사망사고,1,0,0,0,차량단독 - 공작물충돌,안전운전불이행,건조,맑음,미분류 - 미분류,승용,남,19세,사망,,,,
2014040500100313,2014년 4월 5일 14시,토요일,충청남도 천안시 서북구 성거읍,중상사고,0,1,0,0,차대차 - 측면직각충돌,안전운전불이행,습기,비,기타 - 기타,화물,남,43세,상해없음,승용,남,45세,중상
2014040500100388,2014년 4월 5일 16시,토요일,충청남도 천안시 동남구 원성동,경상사고,0,0,1,0,차대차 - 추돌 - 주정차중,안전운전불이행,건조,맑음,단일로 - 기타,승용,남,46세,상해없음,승용,남,22세,상해없음
2014040500100525,2014년 4월 5일 20시,토요일,충청남도 천안시 서북구 성정동,경상사고,0,0,1,0,차대차 - 정면충돌,안전운전불이행,건조,맑음,교차로 - 교차로부근,화물,남,49세,상해없음,승용,남,46세,경상
2014040500100527,2014년 4월 5일 20시,토요일,충청남도 천안시 동남구 성황동,경상사고,0,0,4,0,차대차 - 추돌 - 주정차중,안전운전불이행,건조,맑음,단일로 - 기타,승용,남,51세,상해없음,승용,남,29세,경상
2014040500100626,2014년 4월 5일 23시,토요일,충청남도 천안시 서북구 쌍용동,경상사고,0,0,1,0,차대차 - 기타,안전거리미확보,건조,맑음,단일로 - 기타,원동기,남,34세,상해없음,원동기,남,24세,경상
2014040600100073,2014년 4월 6일 07시,일요일,충청남도 천안시 서북구 성거읍,경상사고,0,0,1,0,차대차 - 측면직각충돌,안전운전불이행,건조,맑음,단일로 - 기타,승용,남,25세,상해없음,승용,남,40세,경상
2014040600100273,2014년 4월 6일 15시,일요일,충청남도 천안시 동남구 병천면,경상사고,0,0,1,0,차대사람 - 차도통행중,안전운전불이행,건조,맑음,단일로 - 기타,승용,여,34세,상해없음,보행자,남,5세,경상
2014040600100403,2014년 4월 6일 19시,일요일,충청남도 천안시 서북구 성환읍,중상사고,0,2,0,0,차대차 - 추돌 - 주정차중,안전운전불이행,습기,비,교차로 - 교차로부근,승용,남,45세,상해없음,승용,남,49세,중상
2014040600100434,2014년 4월 6일 20시,일요일,충청남도 천안시 서북구 직산읍,경상사고,0,0,1,0,차대차 - 측면직각충돌,신호위반,건조,맑음,교차로 - 교차로안,승용,남,25세,상해없음,승용,남,26세,경상
2014040600100435,2014년 4월 6일 20시,일요일,충청남도 천안시 서북구 쌍용동,경상사고,0,0,1,0,차대차 - 기타,안전운전불이행,건조,맑음,교차로 - 교차로안,승용,남,49세,상해없음,승용,남,38세,경상
2014040600100465,2014년 4월 6일 21시,일요일,충청남도 천안시 서북구 성거읍,경상사고,0,0,1,0,차대차 - 기타,안전운전불이행,건조,맑음,교차로 - 교차로부근,승용,남,35세,상해없음,화물,남,56세,상해없음
2014040600100466,2014년 4월 6일 21시,일요일,충청남도 천안시 동남구 구성동,경상사고,0,0,1,1,차대차 - 추돌 - 진행중,안전운전불이행,건조,맑음,단일로 - 기타,승용,남,44세,상해없음,승용,남,35세,경상
2014040700100009,2014년 4월 7일 00시,월요일,충청남도 천안시 동남구 원성동,중상사고,0,1,0,0,차대차 - 정면충돌,안전운전불이행,건조,맑음,교차로 - 교차로안,승용,남,29세,상해없음,원동기,남,53세,중상
2014040700100219,2014년 4월 7일 12시,월요일,충청남도 천안시 동남구 용곡동,경상사고,0,0,1,0,차대차 - 기타,교차로운행방법위반,건조,맑음,교차로 - 교차로안,승용,남,56세,상해없음,승용,여,46세,경상
2014040700100393,2014년 4월 7일 17시,월요일,충청남도 천안시 서북구 직산읍,경상사고,0,0,1,0,차대사람 - 보도통행중,기타,건조,맑음,단일로 - 교량,자전거,남,31세,상해없음,보행자,여,44세,경상
2014040700100395,2014년 4월 7일 17시,월요일,충청남도 천안시 동남구 봉명동,중상사고,0,1,0,0,차대사람 - 기타,안전운전불이행,건조,맑음,단일로 - 기타,승용,남,66세,상해없음,보행자,여,15세,중상
2014040700100425,2014년 4월 7일 18시,월요일,충청남도 천안시 서북구 쌍용동,경상사고,0,0,1,0,차대차 - 측면직각충돌,신호위반,건조,맑음,교차로 - 교차로안,승용,여,19세,상해없음,승용,남,59세,경상
2014040700100469,2014년 4월 7일 19시,월요일,충청남도 천안시 서북구 두정동,경상사고,0,0,1,0,차대차 - 측면직각충돌,신호위반,건조,맑음,교차로 - 교차로안,원동기,남,37세,상해없음,승용,여,22세,경상
2014040700100564,2014년 4월 7일 22시,월요일,충청남도 천안시 동남구 광덕면,경상사고,0,0,2,0,차대차 - 기타,안전거리미확보,건조,맑음,단일로 - 기타,화물,남,48세,상해없음,승용,남,47세,경상