사고번호,사고일시,요일,시군구,사고내용,사망자수,중상자수,경상자수,부상신고자수,사고유형,법규위반,노면상태,기상상태,도로형태,가해운전자 차종,가해운전자 성별,가해운전자 연령,가해운전자 상해정도,피해운전자 차종,피해운전자 성별,피해운전자 연령,피해운전자 상해정도
2014043000100660,2014년 4월 30일 23시,수요일,충청남도 천안시 서북구 백석동,경상사고,0,0,3,0,차대차 - 추돌 - 진행중,안전거리미확보,건조,맑음,단일로 - 기타,승용,남,21세,상해없음,승용,남,50세,상해없음
2014043000100661,2014년 4월 30일 23시,수요일,충청남도 천안시 서북구 백석동,경상사고,0,0,2,0,차대차 - 기타,안전운전불이행,건조,맑음,교차로 - 교차로부근,승용,남,40세,상해없음,승용,남,66세,경상
2014050100100058,2014년 5월 1일 03시,목요일,충청남도 천안시 서북구 직산읍,경상사고,0,0,1,0,차대차 - 추돌 - 진행중,안전운전불이행,건조,맑음,교차로 - 교차로부근,승용,남,25세,상해없음,승용,남,51세,경상
2014050100100105,2014년 5월 1일 07시,목요일,충청남도 천안시 서북구 성정동,중상사고,0,1,2,0,차대차 - 기타,안전운전불이행,건조,맑음,교차로 - 교차로안,자전거,남,29세,중상,승합,남,39세,상해없음
2014050100100106,2014년 5월 1일 07시,목요일,충청남도 천안시 동남구 구성동,경상사고,0,0,1,0,차대차 - 측면직각충돌,안전운전불이행,건조,맑음,단일로 - 기타,승용,남,48세,상해없음,자전거,남,13세,경상
2014050100100268,2014년 5월 1일 13시,목요일,충청남도 천안시 동남구 신부동,중상사고,0,1,0,0,차대차 - 추돌 - 진행중,안전운전불이행,건조,맑음,단일로 - 기타,승용,여,49세,상해없음,승용,남,63세,중상
2014050100100380,2014년 5월 1일 16시,목요일,충청남도 천안시 서북구 직산읍,경상사고,0,0,1,0,차대차 - 측면직각충돌,안전운전불이행,건조,맑음,단일로 - 기타,화물,남,52세,상해없음,화물,남,43세,경상
2014050100100381,2014년 5월 1일 16시,목요일,충청남도 천안시 동남구 구성동,경상사고,0,0,1,0,차대사람 - 보도통행중,신호위반,건조,맑음,단일로 - 횡단보도상,승합,남,54세,상해없음,보행자,여,11세,경상
2014050100100417,2014년 5월 1일 17시,목요일,충청남도 천안시 동남구 신부동,경상사고,0,0,1,0,차대사람 - 기타,안전운전불이행,건조,맑음,단일로 - 기타,승용,남,58세,상해없음,보행자,남,29세,경상
2014050100100452,2014년 5월 1일 18시,목요일,충청남도 천안시 서북구 직산읍,중상사고,0,1,0,0,차량단독 - 도로외이탈 - 기타,안전운전불이행,건조,맑음,단일로 - 기타,원동기,남,48세,중상,,,,
2014050100100592,2014년 5월 1일 22시,목요일,충청남도 천안시 서북구 성정동,경상사고,0,0,1,0,차대사람 - 기타,안전운전불이행,건조,맑음,단일로 - 기타,승용,남,26세,상해없음,보행자,여,18세,경상
2014050200100296,2014년 5월 2일 13시,금요일,충청남도 천안시 동남구 병천면,경상사고,0,0,2,0,차대차 - 측면직각충돌,신호위반,건조,맑음,단일로 - 기타,화물,남,52세,상해없음,승용,여,29세,경상
2014050200100297,2014년 5월 2일 13시,금요일,충청남도 천안시 동남구 구성동,경상사고,0,0,1,0,차대차 - 측면직각충돌,안전운전불이행,건조,맑음,교차로 - 교차로안,원동기,남,17세,경상,승용,남,68세,상해없음
2014050200100432,2014년 5월 2일 16시,금요일,충청남도 천안시 서북구 쌍용동,경상사고,0,0,1,0,차대사람 - 기타,안전운전불이행,건조,맑음,기타 - 기타,승용,여,40세,상해없음,보행자,여,64세,경상
2014050200100434,2014년 5월 2일 16시,금요일,충청남도 천안시 동남구 신부동,경상사고,0,0,1,0,차대차 - 측면직각충돌,안전운전불이행,건조,맑음,단일로 - 기타,특수,남,47세,상해없음,자전거,여,27세,경상
2014050200100483,2014년 5월 2일 17시,금요일,충청남도 천안시 동남구 신부동,경상사고,0,0,1,0,차대차 - 추돌 - 진행중,안전운전불이행,건조,맑음,기타 - 기타,자전거,남,11세,경상,승용,남,28세,상해없음
2014050200100529,2014년 5월 2일 18시,금요일,충청남도 천안시 서북구 성정동,중상사고,0,1,6,0,차대차 - 추돌 - 주정차중,안전운전불이행,건조,맑음,단일로 - 기타,승용,남,49세,상해없음,승용,남,60세,경상
2014050300100050,2014년 5월 3일 02시,토요일,충청남도 천안시 서북구 두정동,경상사고,0,0,1,0,차대차 - 기타,안전운전불이행,건조,흐림,단일로 - 기타,승용,남,27세,상해없음,승용,남,28세,경상
2014050300100052,2014년 5월 3일 02시,토요일,충청남도 천안시 동남구 병천면,경상사고,0,0,1,0,차대차 - 추돌 - 진행중,안전운전불이행,건조,맑음,단일로 - 기타,승용,남,28세,상해없음,화물,남,39세,경상
2014050300100053,2014년 5월 3일 02시,토요일,충청남도 천안시 서북구 입장면,경상사고,0,0,1,0,차대차 - 추돌 - 진행중,안전운전불이행,건조,맑음,단일로 - 기타,승용,남,23세,상해없음,승용,남,41세,경상
2014050300100169,2014년 5월 3일 09시,토요일,충청남도 천안시 서북구 성정동,경상사고,0,0,5,0,차대차 - 기타,안전운전불이행,건조,맑음,교차로 - 교차로부근,승용,여,33세,경상,승용,남,52세,상해없음
2014050300100247,2014년 5월 3일 11시,토요일,충청남도 천안시 동남구 안서동,경상사고,0,0,2,0,차대차 - 추돌 - 주정차중,안전운전불이행,건조,맑음,단일로 - 기타,기타불명,기타불명,기타불명,기타불명,승용,남,51세,경상
2014050300100378,2014년 5월 3일 14시,토요일,충청남도 천안시 서북구 입장면,중상사고,0,1,0,0,차대차 - 측면직각충돌,신호위반,건조,맑음,교차로 - 교차로안,농기계,남,65세,기타불명,승용,남,27세,중상
2014050300100558,2014년 5월 3일 18시,토요일,충청남도 천안시 서북구 입장면,경상사고,0,0,2,0,차대차 - 추돌 - 주정차중,안전운전불이행,건조,맑음,단일로 - 기타,승용,남,25세,상해없음,승용,남,37세,경상
2014050300100685,2014년 5월 3일 22시,토요일,충청남도 천안시 동남구 목천읍,경상사고,0,0,2,0,차대차 - 기타,안전운전불이행,건조,맑음,단일로 - 기타,승용,남,43세,상해없음,화물,남,34세,경상
2014050400100056,2014년 5월 4일 03시,일요일,충청남도 천안시 서북구 성정동,경상사고,0,0,1,0,차대사람 - 기타,안전운전불이행,건조,맑음,단일로 - 기타,승용,남,27세,상해없음,보행자,남,31세,경상
2014050400100118,2014년 5월 4일 08시,일요일,충청남도 천안시 동남구 삼룡동,중상사고,0,1,1,0,차대차 - 측면직각충돌,안전운전불이행,건조,맑음,단일로 - 기타,승합,남,62세,상해없음,승용,남,29세,경상
2014050400100228,2014년 5월 4일 14시,일요일,충청남도 천안시 동남구 원성동,중상사고,0,2,0,0,차대차 - 기타,안전운전불이행,건조,맑음,단일로 - 기타,이륜,남,51세,중상,화물,남,45세,중상
2014050400100254,2014년 5월 4일 15시,일요일,충청남도 천안시 동남구 사직동,경상사고,0,0,2,0,차대차 - 측면직각충돌,교차로운행방법위반,건조,맑음,교차로 - 교차로안,승용,남,24세,상해없음,화물,남,53세,경상
2014050400100315,2014년 5월 4일 17시,일요일,충청남도 천안시 동남구 목천읍,경상사고,0,0,4,0,차대차 - 기타,교차로운행방법위반,건조,맑음,교차로 - 교차로안,승용,남,35세,상해없음,승용,남,27세,경상
2014050400100370,2014년 5월 4일 19시,일요일,충청남도 천안시 동남구 성황동,중상사고,0,1,0,0,차대사람 - 횡단중,안전운전불이행,습기,비,단일로 - 기타,승용,남,62세,상해없음,보행자,남,54세,중상
2014050500100010,2014년 5월 5일 00시,월요일,충청남도 천안시 서북구 두정동,중상사고,0,1,0,0,차대차 - 기타,안전운전불이행,건조,맑음,단일로 - 기타,이륜,남,17세,중상,승용,남,48세,상해없음
2014050500100351,2014년 5월 5일 16시,월요일,충청남도 천안시 동남구 유량동,경상사고,0,0,1,0,차대차 - 기타,안전운전불이행,건조,맑음,교차로 - 교차로부근,승용,남,50세,상해없음,승용,남,50세,경상
2014050500100379,2014년 5월 5일 17시,월요일,충청남도 천안시 서북구 성거읍,중상사고,0,2,1,0,차대차 - 측면직각충돌,신호위반,건조,맑음,교차로 - 교차로안,승용,남,44세,상해없음,승용,남,44세,중상
2014050500100382,2014년 5월 5일 17시,월요일,충청남도 천안시 동남구 신방동,경상사고,0,0,4,0,차대차 - 추돌 - 진행중,안전거리미확보,건조,맑음,단일로 - 기타,승용,기타불명,기타불명,기타불명,승용,남,38세,경상
2014050500100383,2014년 5월 5일 17시,월요일,충청남도 천안시 동남구 광덕면,중상사고,0,1,1,0,차대차 - 기타,안전운전불이행,건조,맑음,단일로 - 기타,승용,남,46세,상해없음,화물,남,65세,경상
2014050600100077,2014년 5월 6일 06시,화요일,충청남도 천안시 서북구 백석동,중상사고,0,1,0,0,차대차 - 기타,신호위반,건조,맑음,교차로 - 교차로안,승용,남,60세,상해없음,승용,남,58세,중상
2014050600100432,2014년 5월 6일 20시,화요일,충청남도 천안시 서북구 두정동,경상사고,0,0,1,0,차대차 - 기타,안전운전불이행,건조,흐림,단일로 - 기타,승용,남,49세,상해없음,이륜,남,36세,경상
2014050600100460,2014년 5월 6일 21시,화요일,충청남도 천안시 동남구 봉명동,경상사고,0,0,3,0,차대차 - 추돌 - 진행중,신호위반,건조,맑음,교차로 - 교차로안,승용,여,45세,상해없음,승합,남,36세,경상
2014050700100050,2014년 5월 7일 06시,수요일,충청남도 천안시 동남구 쌍용동,경상사고,0,0,1,0,차대차 - 추돌 - 진행중,안전운전불이행,건조,맑음,교차로 - 교차로안,승용,여,37세,경상,승합,남,56세,상해없음
2014050700100110,2014년 5월 7일 08시,수요일,충청남도 천안시 서북구 쌍용동,경상사고,0,0,1,0,차대차 - 추돌 - 주정차중,안전운전불이행,건조,맑음,교차로 - 교차로부근,승용,여,47세,상해없음,승용,남,59세,경상
2014050700100205,2014년 5월 7일 11시,수요일,충청남도 천안시 서북구 쌍용동,중상사고,0,1,0,0,차대사람 - 보도통행중,보행자보호의무위반,건조,맑음,교차로 - 교차로안,이륜,남,16세,상해없음,보행자,여,62세,중상
2014050700100312,2014년 5월 7일 14시,수요일,충청남도 천안시 서북구 성환읍,중상사고,0,1,1,0,차대차 - 측면직각충돌,신호위반,건조,맑음,교차로 - 교차로안,승용,남,49세,상해없음,승용,남,62세,경상
2014050800100058,2014년 5월 8일 03시,목요일,충청남도 천안시 서북구 두정동,경상사고,0,0,3,0,차대차 - 측면직각충돌,신호위반,건조,맑음,교차로 - 교차로안,승용,남,50세,상해없음,승용,남,45세,상해없음
2014050800100078,2014년 5월 8일 05시,목요일,충청남도 천안시 동남구 삼룡동,경상사고,0,0,1,0,차대차 - 측면직각충돌,안전운전불이행,습기,비,단일로 - 기타,승용,남,81세,경상,화물,남,55세,상해없음
2014050800100150,2014년 5월 8일 08시,목요일,충청남도 천안시 서북구 백석동,중상사고,0,2,0,0,차대사람 - 횡단중,보행자보호의무위반,건조,맑음,교차로 - 교차로부근,승합,남,44세,상해없음,보행자,여,19세,중상
2014050800100151,2014년 5월 8일 08시,목요일,충청남도 천안시 동남구 신부동,경상사고,0,0,1,0,차대차 - 추돌 - 진행중,기타,건조,맑음,단일로 - 기타,승용,남,36세,상해없음,자전거,남,65세,경상
2014050800100276,2014년 5월 8일 12시,목요일,충청남도 천안시 동남구 목천읍,경상사고,0,0,1,0,차대차 - 추돌 - 주정차중,안전운전불이행,건조,맑음,단일로 - 기타,화물,남,59세,상해없음,승용,여,46세,경상
2014050800100338,2014년 5월 8일 14시,목요일,충청남도 천안시 서북구 불당동,중상사고,0,1,0,0,차대사람 - 기타,안전운전불이행,건조,맑음,단일로 - 기타,화물,남,36세,상해없음,보행자,남,6세,중상
2014050800100451,2014년 5월 8일 17시,목요일,충청남도 천안시 서북구 두정동,중상사고,0,1,0,0,차량단독 - 전도전복,안전운전불이행,건조,맑음,기타 - 기타,이륜,남,47세,상해없음,,,,
2014050800100452,2014년 5월 8일 17시,목요일,충청남도 천안시 서북구 직산읍,중상사고,0,1,0,0,차대차 - 기타,안전운전불이행,건조,맑음,교차로 - 교차로안,승용,남,23세,상해없음,이륜,남,32세,중상
2014050800100507,2014년 5월 8일 18시,목요일,충청남도 천안시 서북구 성환읍,경상사고,0,0,1,0,차대차 - 기타,안전운전불이행,건조,맑음,기타 - 기타,승용,남,52세,상해없음,승용,여,56세,경상
2014050800100692,2014년 5월 8일 23시,목요일,충청남도 천안시 서북구 성정동,경상사고,0,0,1,0,차대차 - 측면직각충돌,중앙선침범,건조,맑음,단일로 - 기타,승용,남,45세,상해없음,이륜,남,45세,경상
2014050900100012,2014년 5월 9일 00시,금요일,충청남도 천안시 서북구 두정동,중상사고,0,1,1,0,차대차 - 측면직각충돌,신호위반,건조,맑음,교차로 - 교차로안,승용,여,35세,경상,승용,남,39세,상해없음
2014050900100229,2014년 5월 9일 11시,금요일,충청남도 천안시 서북구 신당동,경상사고,0,0,1,0,차대차 - 기타,안전운전불이행,건조,맑음,교차로 - 교차로안,화물,남,39세,상해없음,승용,여,49세,경상
2014050900100447,2014년 5월 9일 17시,금요일,충청남도 천안시 서북구 불당동,경상사고,0,0,1,0,차대사람 - 기타,안전운전불이행,건조,맑음,단일로 - 기타,승용,남,42세,상해없음,보행자,남,8세,경상
2014050900100624,2014년 5월 9일 21시,금요일,충청남도 천안시 동남구 청수동,경상사고,0,0,2,0,차대차 - 기타,교차로운행방법위반,건조,맑음,교차로 - 교차로안,승용,여,41세,상해없음,승용,여,30세,경상
2014050900100673,2014년 5월 9일 22시,금요일,충청남도 천안시 서북구 성정동,경상사고,0,0,1,0,차대차 - 기타,신호위반,건조,맑음,교차로 - 교차로안,승용,남,30세,상해없음,자전거,남,24세,경상
2014051000100201,2014년 5월 10일 10시,토요일,충청남도 천안시 서북구 백석동,경상사고,0,0,1,0,차대차 - 기타,안전운전불이행,건조,맑음,단일로 - 기타,이륜,남,18세,기타불명,승용,남,63세,경상
2014051000100202,2014년 5월 10일 10시,토요일,충청남도 천안시 서북구 성정동,경상사고,0,0,1,0,차대차 - 기타,안전운전불이행,건조,맑음,교차로 - 교차로안,승용,여,44세,상해없음,승용,여,56세,경상
2014051000100240,2014년 5월 10일 11시,토요일,충청남도 천안시 동남구 봉명동,경상사고,0,0,1,0,차대사람 - 횡단중,중앙선침범,건조,맑음,교차로 - 교차로안,승용,남,54세,상해없음,보행자,여,11세,경상
2014051000100241,2014년 5월 10일 11시,토요일,충청남도 천안시 동남구 신부동,중상사고,0,1,1,0,차대차 - 추돌 - 주정차중,안전운전불이행,건조,맑음,단일로 - 기타,승용,남,42세,상해없음,승용,여,30세,중상
2014051000100278,2014년 5월 10일 12시,토요일,충청남도 천안시 동남구 사직동,경상사고,0,0,1,0,차대차 - 추돌 - 진행중,안전운전불이행,건조,맑음,단일로 - 기타,화물,남,45세,상해없음,승용,남,48세,상해없음
2014051000100471,2014년 5월 10일 17시,토요일,충청남도 천안시 서북구 두정동,경상사고,0,0,1,0,차대차 - 기타,교차로운행방법위반,건조,맑음,교차로 - 교차로안,원동기,남,53세,상해없음,승용,남,43세,상해없음
2014051000100658,2014년 5월 10일 22시,토요일,충청남도 천안시 동남구 봉명동,경상사고,0,0,1,0,차대사람 - 횡단중,안전운전불이행,건조,맑음,교차로 - 교차로부근,승용,여,46세,상해없음,보행자,여,31세,경상
2014051100100040,2014년 5월 11일 01시,일요일,충청남도 천안시 동남구 신부동,사망사고,1,1,0,0,차대차 - 추돌 - 진행중,안전운전불이행,건조,맑음,단일로 - 기타,승용,남,25세,상해없음,자전거,남,22세,중상
2014051100100200,2014년 5월 11일 13시,일요일,충청남도 천안시 서북구 입장면,경상사고,0,0,2,0,차대차 - 기타,안전운전불이행,건조,흐림,단일로 - 기타,승용,남,63세,상해없음,승용,남,63세,경상
2014051100100358,2014년 5월 11일 18시,일요일,충청남도 천안시 서북구 쌍용동,경상사고,0,0,2,0,차대차 - 측면직각충돌,신호위반,습기,비,교차로 - 교차로안,승용,남,49세,상해없음,승용,남,43세,경상
2014051100100400,2014년 5월 11일 19시,일요일,충청남도 천안시 서북구 입장면,경상사고,0,0,1,0,차대차 - 측면직각충돌,교차로운행방법위반,습기,비,교차로 - 교차로안,승용,남,55세,상해없음,승용,여,51세,경상
2014051100100446,2014년 5월 11일 20시,일요일,충청남도 천안시 동남구 대흥동,경상사고,0,0,1,0,차대사람 - 기타,안전운전불이행,습기,비,단일로 - 기타,승용,남,45세,상해없음,보행자,남,51세,경상
2014051100100480,2014년 5월 11일 21시,일요일,충청남도 천안시 서북구 성정동,경상사고,0,0,1,0,차대차 - 기타,안전운전불이행,습기,비,교차로 - 교차로부근,승용,남,32세,상해없음,자전거,남,14세,경상
2014051200100017,2014년 5월 12일 00시,월요일,충청남도 천안시 서북구 성정동,경상사고,0,0,1,0,차대차 - 측면직각충돌,중앙선침범,습기,비,단일로 - 기타,승용,남,51세,상해없음,이륜,남,17세,경상
2014051200100184,2014년 5월 12일 10시,월요일,충청남도 천안시 서북구 불당동,중상사고,0,3,0,0,차대차 - 기타,신호위반,건조,맑음,교차로 - 교차로안,화물,남,62세,상해없음,승용,남,52세,중상
2014051200100301,2014년 5월 12일 14시,월요일,충청남도 천안시 동남구 신방동,중상사고,0,1,0,0,차대차 - 기타,안전운전불이행,건조,맑음,교차로 - 교차로안,승합,남,72세,상해없음,승용,여,52세,중상
2014051200100604,2014년 5월 12일 23시,월요일,충청남도 천안시 서북구 성정동,경상사고,0,0,1,0,차대사람 - 기타,안전운전불이행,건조,맑음,단일로 - 기타,승합,남,49세,상해없음,보행자,남,32세,경상
2014051300100127,2014년 5월 13일 08시,화요일,충청남도 천안시 동남구 용곡동,경상사고,0,0,1,0,차대차 - 기타,안전운전불이행,건조,맑음,기타 - 기타,자전거,남,14세,경상,승용,여,36세,상해없음
2014051300100230,2014년 5월 13일 11시,화요일,충청남도 천안시 서북구 성정동,중상사고,0,1,0,0,차대사람 - 기타,안전운전불이행,건조,맑음,단일로 - 기타,승용,남,41세,상해없음,보행자,남,44세,중상
2014051300100232,2014년 5월 13일 11시,화요일,충청남도 천안시 동남구 성남면,중상사고,0,1,0,0,차대차 - 기타,교차로운행방법위반,건조,맑음,교차로 - 교차로안,화물,남,51세,상해없음,이륜,남,38세,중상
2014051300100254,2014년 5월 13일 12시,화요일,충청남도 천안시 서북구 두정동,경상사고,0,0,1,0,차대차 - 기타,교차로운행방법위반,건조,맑음,교차로 - 교차로안,승용,남,60세,상해없음,화물,남,40세,경상
2014051300100311,2014년 5월 13일 14시,화요일,충청남도 천안시 동남구 구룡동,경상사고,0,0,1,0,차대차 - 추돌 - 진행중,안전운전불이행,건조,맑음,단일로 - 기타,화물,남,41세,기타불명,화물,남,37세,경상
2014051300100467,2014년 5월 13일 18시,화요일,충청남도 천안시 서북구 성정동,중상사고,0,1,0,0,차대차 - 추돌 - 주정차중,안전운전불이행,건조,맑음,단일로 - 기타,원동기,남,42세,중상,화물,남,46세,상해없음
2014051300100598,2014년 5월 13일 22시,화요일,충청남도 천안시 동남구 풍세면,중상사고,0,1,1,0,차대차 - 측면직각충돌,안전운전불이행,건조,맑음,교차로 - 교차로안,승용,남,40세,상해없음,승용,남,41세,경상
2014051400100072,2014년 5월 14일 05시,수요일,충청남도 천안시 동남구 원성동,중상사고,0,1,0,0,차대차 - 기타,안전거리미확보,건조,맑음,단일로 - 기타,이륜,남,59세,중상,승용,남,60세,상해없음
2014051400100080,2014년 5월 14일 06시,수요일,충청남도 천안시 동남구 수신면,경상사고,0,0,1,0,차대차 - 측면직각충돌,안전운전불이행,건조,맑음,단일로 - 기타,승용,남,30세,상해없음,승용,남,54세,경상
2014051400100227,2014년 5월 14일 11시,수요일,충청남도 천안시 동남구 신부동,경상사고,0,0,2,0,차대차 - 추돌 - 진행중,안전운전불이행,건조,맑음,교차로 - 교차로안,승합,남,46세,상해없음,승합,남,41세,경상
2014051400100341,2014년 5월 14일 14시,수요일,충청남도 천안시 동남구 봉명동,경상사고,0,0,2,0,차대차 - 추돌 - 진행중,안전운전불이행,건조,맑음,단일로 - 기타,승용,여,56세,상해없음,승용,여,43세,경상
2014051400100412,2014년 5월 14일 16시,수요일,충청남도 천안시 서북구 두정동,중상사고,0,1,1,0,차대차 - 기타,교차로운행방법위반,건조,맑음,교차로 - 교차로부근,승용,남,39세,상해없음,원동기,남,16세,중상
2014051400100455,2014년 5월 14일 17시,수요일,충청남도 천안시 동남구 안서동,중상사고,0,1,0,0,차대차 - 기타,안전운전불이행,건조,맑음,단일로 - 기타,승용,남,23세,상해없음,자전거,남,19세,중상
2014051400100491,2014년 5월 14일 18시,수요일,충청남도 천안시 서북구 쌍용동,경상사고,0,0,2,0,차대차 - 추돌 - 진행중,안전운전불이행,건조,맑음,교차로 - 교차로부근,화물,남,56세,상해없음,승용,남,61세,경상
2014051400100618,2014년 5월 14일 21시,수요일,충청남도 천안시 서북구 백석동,경상사고,0,0,1,0,차대차 - 추돌 - 진행중,안전운전불이행,건조,맑음,교차로 - 교차로부근,승용,남,44세,상해없음,원동기,남,30세,경상
2014051400100657,2014년 5월 14일 22시,수요일,충청남도 천안시 동남구 원성동,중상사고,0,1,0,0,차대차 - 측면직각충돌,신호위반,건조,맑음,교차로 - 교차로안,이륜,남,21세,중상,승용,남,41세,상해없음
2014051400100687,2014년 5월 14일 23시,수요일,충청남도 천안시 서북구 불당동,경상사고,0,0,1,5,차대차 - 추돌 - 주정차중,안전운전불이행,건조,맑음,단일로 - 기타,승용,남,24세,상해없음,승합,남,46세,상해없음
2014051500100042,2014년 5월 15일 01시,목요일,충청남도 천안시 동남구 신부동,중상사고,0,1,0,0,차대사람 - 횡단중,안전운전불이행,건조,맑음,교차로 - 교차로안,승용,남,39세,상해없음,보행자,남,19세,중상
2014051500100220,2014년 5월 15일 10시,목요일,충청남도 천안시 서북구 불당동,경상사고,0,0,2,0,차대차 - 측면직각충돌,신호위반,건조,맑음,교차로 - 교차로안,승용,여,48세,상해없음,승용,남,46세,경상
2014051500100389,2014년 5월 15일 15시,목요일,충청남도 천안시 서북구 신당동,경상사고,0,0,1,0,차대사람 - 기타,안전운전불이행,건조,맑음,단일로 - 기타,승합,남,56세,상해없음,보행자,여,12세,경상
2014051500100390,2014년 5월 15일 15시,목요일,충청남도 천안시 서북구 쌍용동,경상사고,0,0,1,0,차대사람 - 기타,안전운전불이행,건조,맑음,교차로 - 교차로부근,승용,남,52세,상해없음,보행자,남,36세,경상
2014051500100444,2014년 5월 15일 16시,목요일,충청남도 천안시 동남구 신방동,중상사고,0,1,0,0,차대차 - 기타,안전운전불이행,건조,맑음,교차로 - 교차로안,승용,여,54세,상해없음,자전거,남,14세,중상
2014051500100445,2014년 5월 15일 16시,목요일,충청남도 천안시 동남구 안서동,경상사고,0,0,2,0,차대사람 - 기타,안전운전불이행,건조,맑음,단일로 - 기타,승용,남,69세,상해없음,보행자,남,23세,경상
2014051500100569,2014년 5월 15일 18시,목요일,충청남도 천안시 서북구 쌍용동,경상사고,0,0,1,0,차대차 - 기타,안전운전불이행,건조,맑음,교차로 - 교차로부근,승용,여,47세,상해없음,승용,여,49세,경상
2014051500100606,2014년 5월 15일 19시,목요일,충청남도 천안시 서북구 성정동,중상사고,0,1,0,0,차대사람 - 기타,안전운전불이행,건조,맑음,교차로 - 교차로안,승용,여,52세,상해없음,보행자,여,55세,중상
2014051500100646,2014년 5월 15일 20시,목요일,충청남도 천안시 동남구 신부동,경상사고,0,0,1,0,차대차 - 기타,안전운전불이행,건조,맑음,단일로 - 기타,승용,남,26세,상해없음,승용,여,27세,경상
2014051500100682,2014년 5월 15일 21시,목요일,충청남도 천안시 동남구 봉명동,중상사고,0,1,0,0,차대사람 - 기타,안전운전불이행,건조,맑음,단일로 - 기타,승용,남,59세,상해없음,보행자,남,77세,중상
2014051500100719,2014년 5월 15일 22시,목요일,충청남도 천안시 서북구 두정동,중상사고,0,1,0,0,차대차 - 추돌 - 진행중,안전운전불이행,건조,맑음,기타 - 기타,승용,남,32세,상해없음,승용,여,31세,중상
2014051500100721,2014년 5월 15일 22시,목요일,충청남도 천안시 동남구 봉명동,중상사고,0,1,0,0,차대사람 - 기타,안전운전불이행,건조,맑음,단일로 - 기타,승용,남,31세,상해없음,보행자,여,38세,중상
2014051600100098,2014년 5월 16일 07시,금요일,충청남도 천안시 동남구 구성동,경상사고,0,0,1,0,차대차 - 기타,신호위반,건조,맑음,단일로 - 횡단보도상,승용,여,43세,상해없음,자전거,남,13세,경상
2014051600100167,2014년 5월 16일 09시,금요일,충청남도 천안시 서북구 성거읍,경상사고,0,0,1,0,차대차 - 측면직각충돌,교차로운행방법위반,건조,맑음,교차로 - 교차로안,화물,남,53세,상해없음,화물,남,47세,경상
2014051600100198,2014년 5월 16일 10시,금요일,충청남도 천안시 서북구 쌍용동,중상사고,0,1,0,0,차대차 - 측면직각충돌,안전운전불이행,건조,맑음,단일로 - 기타,승용,남,78세,상해없음,화물,남,35세,중상
2014051600100256,2014년 5월 16일 12시,금요일,충청남도 천안시 서북구 부대동,중상사고,0,1,0,0,차대차 - 정면충돌,신호위반,건조,맑음,교차로 - 교차로부근,특수,남,50세,상해없음,원동기,남,44세,중상
2014051600100258,2014년 5월 16일 12시,금요일,충청남도 천안시 동남구 목천읍,중상사고,0,1,0,0,차대차 - 측면직각충돌,안전운전불이행,건조,맑음,교차로 - 교차로안,화물,남,57세,상해없음,원동기,남,45세,중상
2014051600100363,2014년 5월 16일 15시,금요일,충청남도 천안시 서북구 입장면,경상사고,0,0,1,0,차대차 - 기타,안전운전불이행,건조,맑음,교차로 - 교차로안,승용,남,20세,기타불명,이륜,남,78세,경상
2014051600100549,2014년 5월 16일 19시,금요일,충청남도 천안시 서북구 직산읍,중상사고,0,1,0,0,차대차 - 정면충돌,중앙선침범,건조,맑음,단일로 - 기타,화물,남,48세,상해없음,승용,남,29세,중상
2014051600100581,2014년 5월 16일 20시,금요일,충청남도 천안시 서북구 쌍용동,경상사고,0,0,1,0,차량단독 - 기타,안전운전불이행,기타,기타,교차로 - 교차로부근,승용,남,68세,상해없음,,,,
2014051600100583,2014년 5월 16일 20시,금요일,충청남도 천안시 동남구 구성동,중상사고,0,1,2,0,차대차 - 추돌 - 주정차중,안전운전불이행,건조,맑음,단일로 - 기타,승용,남,41세,상해없음,승용,남,53세,경상
2014051600100673,2014년 5월 16일 22시,금요일,충청남도 천안시 동남구 원성동,경상사고,0,0,4,0,차대차 - 추돌 - 주정차중,안전운전불이행,건조,맑음,단일로 - 기타,승용,여,50세,상해없음,승용,남,29세,경상
2014051600100707,2014년 5월 16일 23시,금요일,충청남도 천안시 서북구 입장면,경상사고,0,0,1,0,차대차 - 기타,교차로운행방법위반,건조,맑음,교차로 - 교차로안,승용,남,54세,상해없음,승용,남,31세,상해없음
2014051700100185,2014년 5월 17일 09시,토요일,충청남도 천안시 서북구 쌍용동,중상사고,0,1,0,0,차대차 - 기타,안전운전불이행,건조,맑음,단일로 - 기타,승합,남,55세,상해없음,승용,남,69세,중상
2014051700100309,2014년 5월 17일 13시,토요일,충청남도 천안시 동남구 성남면,중상사고,0,1,0,0,차량단독 - 공작물충돌,안전운전불이행,건조,맑음,단일로 - 기타,승용,남,43세,상해없음,,,,
2014051800100042,2014년 5월 18일 01시,일요일,충청남도 천안시 서북구 두정동,중상사고,0,1,0,0,차대사람 - 차도통행중,안전운전불이행,건조,맑음,교차로 - 교차로안,승용,남,23세,상해없음,보행자,남,19세,중상
2014051800100168,2014년 5월 18일 09시,일요일,충청남도 천안시 서북구 백석동,사망사고,1,0,0,1,차대사람 - 횡단중,보행자보호의무위반,건조,맑음,교차로 - 교차로안,승용,남,20세,상해없음,보행자,남,83세,사망
2014051800100170,2014년 5월 18일 09시,일요일,충청남도 천안시 동남구 대흥동,중상사고,0,1,0,0,차대사람 - 기타,안전운전불이행,건조,맑음,단일로 - 기타,승용,남,50세,상해없음,보행자,남,81세,중상