사고번호,사고일시,요일,시군구,사고내용,사망자수,중상자수,경상자수,부상신고자수,사고유형,법규위반,노면상태,기상상태,도로형태,가해운전자 차종,가해운전자 성별,가해운전자 연령,가해운전자 상해정도,피해운전자 차종,피해운전자 성별,피해운전자 연령,피해운전자 상해정도
2014062700100142,2014년 6월 27일 08시,금요일,충청남도 천안시 서북구 백석동,경상사고,0,0,1,0,차대차 - 기타,안전운전불이행,건조,맑음,교차로 - 교차로안,승용,여,33세,상해없음,승용,남,28세,경상
2014062700100196,2014년 6월 27일 10시,금요일,충청남도 천안시 서북구 성거읍,경상사고,0,0,2,0,차대차 - 추돌 - 주정차중,안전운전불이행,건조,맑음,교차로 - 교차로부근,승용,남,34세,상해없음,화물,남,27세,경상
2014062700100199,2014년 6월 27일 10시,금요일,충청남도 천안시 동남구 목천읍,사망사고,1,0,1,0,차대차 - 추돌 - 진행중,안전운전불이행,건조,맑음,교차로 - 교차로안,승용,남,32세,상해없음,승용,여,36세,경상
2014062700100294,2014년 6월 27일 14시,금요일,충청남도 천안시 서북구 쌍용동,경상사고,0,0,1,0,차대사람 - 기타,교차로운행방법위반,건조,맑음,교차로 - 교차로안,승용,남,29세,상해없음,보행자,여,55세,경상
2014062700100295,2014년 6월 27일 14시,금요일,충청남도 천안시 동남구 대흥동,중상사고,0,1,0,0,차대차 - 추돌 - 진행중,안전운전불이행,건조,맑음,단일로 - 기타,승용,여,23세,상해없음,자전거,남,78세,중상
2014062700100523,2014년 6월 27일 20시,금요일,충청남도 천안시 서북구 성정동,중상사고,0,1,0,0,차대차 - 기타,안전운전불이행,건조,맑음,단일로 - 기타,승용,남,30세,상해없음,자전거,남,20세,중상
2014062800100014,2014년 6월 28일 00시,토요일,충청남도 천안시 서북구 부대동,중상사고,0,1,4,0,차대차 - 측면직각충돌,신호위반,건조,맑음,교차로 - 교차로안,승용,남,35세,상해없음,승용,남,24세,경상
2014062800100270,2014년 6월 28일 12시,토요일,충청남도 천안시 동남구 원성동,경상사고,0,0,2,0,차대차 - 측면직각충돌,안전운전불이행,건조,맑음,단일로 - 기타,승용,여,38세,상해없음,승용,남,56세,경상
2014062800100305,2014년 6월 28일 13시,토요일,충청남도 천안시 동남구 원성동,중상사고,0,1,0,0,차대차 - 측면직각충돌,과속,건조,맑음,단일로 - 기타,승용,남,26세,상해없음,승용,남,40세,기타불명
2014062800100306,2014년 6월 28일 13시,토요일,충청남도 천안시 서북구 성거읍,경상사고,0,0,4,0,차대차 - 기타,안전운전불이행,건조,맑음,단일로 - 기타,승용,남,53세,상해없음,승용,남,42세,경상
2014062900100064,2014년 6월 29일 02시,일요일,충청남도 천안시 동남구 신부동,경상사고,0,0,1,0,차대사람 - 기타,안전운전불이행,건조,맑음,교차로 - 교차로안,승용,남,27세,상해없음,보행자,남,34세,경상
2014062900100386,2014년 6월 29일 17시,일요일,충청남도 천안시 서북구 입장면,경상사고,0,0,1,0,차대차 - 추돌 - 진행중,안전운전불이행,건조,맑음,단일로 - 기타,승용,남,58세,상해없음,승용,여,53세,경상
2014062900100483,2014년 6월 29일 21시,일요일,충청남도 천안시 서북구 쌍용동,경상사고,0,0,1,0,차대차 - 기타,안전운전불이행,건조,맑음,단일로 - 기타,승용,남,47세,상해없음,승용,남,30세,경상
2014063000100112,2014년 6월 30일 08시,월요일,충청남도 천안시 서북구 쌍용동,중상사고,0,1,0,0,차대사람 - 횡단중,신호위반,건조,맑음,교차로 - 교차로부근,승용,남,47세,상해없음,보행자,남,3세,중상
2014063000100273,2014년 6월 30일 13시,월요일,충청남도 천안시 서북구 성거읍,경상사고,0,0,2,0,차대차 - 기타,신호위반,건조,맑음,교차로 - 교차로안,화물,남,45세,상해없음,승용,여,36세,경상
2014063000100538,2014년 6월 30일 20시,월요일,충청남도 천안시 동남구 동면,경상사고,0,0,1,0,차대차 - 추돌 - 진행중,안전거리미확보,건조,맑음,단일로 - 기타,승용,남,44세,상해없음,화물,남,55세,상해없음
2014063000100615,2014년 6월 30일 22시,월요일,충청남도 천안시 동남구 사직동,경상사고,0,0,4,0,차대차 - 추돌 - 진행중,안전운전불이행,건조,맑음,교차로 - 교차로부근,승용,남,50세,상해없음,승용,남,54세,경상
2014063000100644,2014년 6월 30일 23시,월요일,충청남도 천안시 동남구 목천읍,중상사고,0,1,0,0,차대차 - 측면직각충돌,신호위반,건조,맑음,교차로 - 교차로부근,화물,남,43세,상해없음,승용,남,23세,중상
2014070100100013,2014년 7월 1일 00시,화요일,충청남도 천안시 서북구 쌍용동,중상사고,0,1,0,0,차대차 - 측면직각충돌,교차로운행방법위반,건조,맑음,교차로 - 교차로안,승용,남,28세,상해없음,승용,남,58세,중상
2014070100100429,2014년 7월 1일 18시,화요일,충청남도 천안시 서북구 두정동,경상사고,0,0,1,0,차대차 - 기타,안전운전불이행,건조,맑음,교차로 - 교차로안,승용,여,56세,상해없음,승용,남,31세,경상
2014070200100269,2014년 7월 2일 13시,수요일,충청남도 천안시 서북구 두정동,경상사고,0,0,1,0,차대사람 - 기타,안전운전불이행,건조,맑음,교차로 - 교차로안,승용,남,23세,상해없음,보행자,남,14세,경상
2014070200100366,2014년 7월 2일 16시,수요일,충청남도 천안시 동남구 삼룡동,경상사고,0,0,1,0,차대사람 - 횡단중,안전운전불이행,건조,맑음,단일로 - 기타,승용,남,26세,상해없음,보행자,남,12세,경상
2014070200100579,2014년 7월 2일 21시,수요일,충청남도 천안시 동남구 청당동,중상사고,0,1,0,0,차대사람 - 횡단중,보행자보호의무위반,습기,비,단일로 - 횡단보도상,이륜,남,38세,상해없음,보행자,여,28세,중상
2014070200100630,2014년 7월 2일 22시,수요일,충청남도 천안시 서북구 두정동,경상사고,0,0,1,0,차대사람 - 횡단중,보행자보호의무위반,습기,흐림,교차로 - 교차로안,승용,남,50세,기타불명,보행자,여,21세,경상
2014070200100631,2014년 7월 2일 22시,수요일,충청남도 천안시 서북구 두정동,경상사고,0,0,1,0,차대차 - 기타,안전운전불이행,건조,맑음,단일로 - 기타,승용,남,52세,기타불명,원동기,남,16세,경상
2014070300100149,2014년 7월 3일 08시,목요일,충청남도 천안시 서북구 백석동,경상사고,0,0,1,0,차대차 - 기타,안전운전불이행,건조,맑음,단일로 - 기타,승용,남,44세,상해없음,승용,남,32세,경상
2014070300100240,2014년 7월 3일 11시,목요일,충청남도 천안시 동남구 신부동,경상사고,0,0,1,0,차대사람 - 기타,안전운전불이행,건조,맑음,교차로 - 교차로부근,승용,남,25세,상해없음,보행자,여,19세,경상
2014070300100277,2014년 7월 3일 12시,목요일,충청남도 천안시 서북구 신당동,경상사고,0,0,4,0,차대차 - 측면직각충돌,중앙선침범,건조,맑음,단일로 - 기타,화물,남,41세,상해없음,승용,여,41세,경상
2014070300100330,2014년 7월 3일 14시,목요일,충청남도 천안시 동남구 신부동,중상사고,0,1,0,0,차대사람 - 기타,보행자보호의무위반,건조,맑음,단일로 - 횡단보도상,승합,남,46세,상해없음,보행자,여,56세,중상
2014070300100433,2014년 7월 3일 17시,목요일,충청남도 천안시 서북구 성거읍,경상사고,0,0,1,0,차대차 - 측면직각충돌,신호위반,습기,비,교차로 - 교차로안,승용,남,56세,기타불명,승용,남,53세,경상
2014070300100434,2014년 7월 3일 17시,목요일,충청남도 천안시 서북구 두정동,중상사고,0,1,0,0,차대차 - 측면직각충돌,신호위반,건조,맑음,교차로 - 교차로안,승용,여,37세,기타불명,승용,여,32세,중상
2014070400100091,2014년 7월 4일 06시,금요일,충청남도 천안시 동남구 신부동,경상사고,0,0,1,0,차대차 - 기타,안전운전불이행,건조,맑음,단일로 - 기타,승용,남,23세,상해없음,승용,여,25세,경상
2014070400100322,2014년 7월 4일 14시,금요일,충청남도 천안시 동남구 신부동,경상사고,0,0,2,0,차대차 - 측면직각충돌,안전운전불이행,건조,맑음,교차로 - 교차로안,승합,남,54세,상해없음,승용,여,48세,경상
2014070400100400,2014년 7월 4일 16시,금요일,충청남도 천안시 동남구 신방동,경상사고,0,0,1,0,차대차 - 측면직각충돌,안전운전불이행,건조,맑음,교차로 - 교차로안,기타불명,기타불명,기타불명,기타불명,승용,여,48세,경상
2014070400100559,2014년 7월 4일 19시,금요일,충청남도 천안시 동남구 수신면,경상사고,0,0,1,0,차대차 - 기타,안전운전불이행,건조,맑음,단일로 - 기타,승용,남,71세,상해없음,화물,남,47세,경상
2014070400100626,2014년 7월 4일 21시,금요일,충청남도 천안시 서북구 불당동,중상사고,0,1,0,0,차대차 - 정면충돌,신호위반,건조,맑음,교차로 - 교차로안,원동기,남,16세,중상,승용,여,41세,상해없음
2014070400100674,2014년 7월 4일 22시,금요일,충청남도 천안시 서북구 성정동,중상사고,0,1,0,0,차대사람 - 차도통행중,안전운전불이행,건조,맑음,단일로 - 기타,승용,남,37세,상해없음,보행자,남,35세,중상
2014070500100039,2014년 7월 5일 01시,토요일,충청남도 천안시 서북구 성정동,경상사고,0,0,1,0,차대차 - 측면직각충돌,중앙선침범,건조,맑음,교차로 - 교차로부근,승용,남,24세,상해없음,승용,여,38세,경상
2014070500100112,2014년 7월 5일 06시,토요일,충청남도 천안시 서북구 백석동,경상사고,0,0,1,0,차대차 - 추돌 - 진행중,안전운전불이행,건조,맑음,교차로 - 교차로부근,승용,남,30세,상해없음,승용,남,45세,경상
2014070500100144,2014년 7월 5일 08시,토요일,충청남도 천안시 서북구 입장면,경상사고,0,0,1,0,차대차 - 측면직각충돌,중앙선침범,건조,맑음,단일로 - 기타,승용,남,31세,상해없음,화물,남,41세,경상
2014070500100218,2014년 7월 5일 11시,토요일,충청남도 천안시 서북구 성거읍,경상사고,0,0,2,0,차대차 - 추돌 - 진행중,안전거리미확보,건조,맑음,단일로 - 기타,승용,남,39세,경상,화물,남,63세,경상
2014070500100249,2014년 7월 5일 12시,토요일,충청남도 천안시 서북구 직산읍,경상사고,0,0,1,0,차대차 - 기타,과속,건조,맑음,교차로 - 교차로안,승용,남,40세,기타불명,원동기,남,37세,경상
2014070500100373,2014년 7월 5일 16시,토요일,충청남도 천안시 서북구 쌍용동,중상사고,0,1,3,0,차대차 - 기타,신호위반,건조,맑음,교차로 - 교차로안,이륜,남,17세,상해없음,승용,남,20세,경상
2014070500100452,2014년 7월 5일 18시,토요일,충청남도 천안시 서북구 성환읍,경상사고,0,0,1,0,차대차 - 기타,교차로운행방법위반,건조,맑음,교차로 - 교차로안,승합,남,47세,상해없음,승용,여,47세,경상
2014070600100176,2014년 7월 6일 10시,일요일,충청남도 천안시 동남구 광덕면,경상사고,0,0,2,0,차대차 - 측면직각충돌,안전운전불이행,습기,비,교차로 - 교차로안,화물,남,50세,경상,화물,남,56세,경상
2014070600100217,2014년 7월 6일 12시,일요일,충청남도 천안시 서북구 성정동,경상사고,0,0,1,0,차대사람 - 길가장자리구역통행중,안전운전불이행,건조,맑음,단일로 - 기타,승합,남,55세,상해없음,보행자,남,32세,경상
2014070600100250,2014년 7월 6일 13시,일요일,충청남도 천안시 동남구 목천읍,경상사고,0,0,1,0,차대차 - 측면직각충돌,중앙선침범,습기,흐림,단일로 - 기타,승용,남,44세,상해없음,승용,남,28세,경상
2014070600100276,2014년 7월 6일 14시,일요일,충청남도 천안시 서북구 두정동,경상사고,0,0,1,0,차대사람 - 기타,안전운전불이행,건조,맑음,단일로 - 기타,승용,남,25세,기타불명,보행자,여,55세,경상
2014070600100277,2014년 7월 6일 14시,일요일,충청남도 천안시 동남구 원성동,경상사고,0,0,1,0,차대차 - 추돌 - 주정차중,안전운전불이행,건조,맑음,교차로 - 교차로부근,승용,여,38세,상해없음,승용,남,37세,경상
2014070700100208,2014년 7월 7일 10시,월요일,충청남도 천안시 서북구 두정동,경상사고,0,0,1,0,차대차 - 측면직각충돌,안전운전불이행,건조,맑음,교차로 - 교차로안,승용,여,62세,경상,승용,남,58세,상해없음
2014070700100238,2014년 7월 7일 11시,월요일,충청남도 천안시 서북구 두정동,경상사고,0,0,1,0,차대사람 - 기타,안전운전불이행,건조,맑음,교차로 - 교차로부근,승합,남,42세,상해없음,보행자,남,27세,경상
2014070700100411,2014년 7월 7일 17시,월요일,충청남도 천안시 서북구 차암동,중상사고,0,1,0,0,차대차 - 기타,안전운전불이행,건조,맑음,단일로 - 기타,화물,남,20세,상해없음,원동기,여,55세,중상
2014070700100564,2014년 7월 7일 22시,월요일,충청남도 천안시 동남구 신부동,경상사고,0,0,1,0,차대사람 - 기타,안전운전불이행,건조,맑음,단일로 - 기타,승용,남,54세,상해없음,보행자,남,54세,경상
2014070800100026,2014년 7월 8일 01시,화요일,충청남도 천안시 서북구 성정동,사망사고,1,0,0,0,차대사람 - 기타,안전운전불이행,건조,맑음,교차로 - 교차로안,승용,남,23세,상해없음,보행자,여,60세,사망
2014070800100087,2014년 7월 8일 06시,화요일,충청남도 천안시 서북구 직산읍,중상사고,0,2,0,0,차량단독 - 공작물충돌,안전운전불이행,습기,흐림,단일로 - 기타,승용,남,43세,중상,,,,
2014070800100306,2014년 7월 8일 13시,화요일,충청남도 천안시 서북구 성정동,경상사고,0,0,1,0,차대차 - 추돌 - 주정차중,안전운전불이행,건조,맑음,단일로 - 기타,승용,여,51세,상해없음,승용,남,35세,경상
2014070800100497,2014년 7월 8일 18시,화요일,충청남도 천안시 서북구 쌍용동,경상사고,0,0,1,0,차대차 - 기타,안전운전불이행,건조,맑음,단일로 - 기타,승용,남,50세,기타불명,승용,여,50세,경상
2014070800100629,2014년 7월 8일 22시,화요일,충청남도 천안시 서북구 직산읍,중상사고,0,1,1,0,차대차 - 기타,신호위반,건조,맑음,교차로 - 교차로안,원동기,남,47세,상해없음,승용,남,36세,경상
2014070800100630,2014년 7월 8일 22시,화요일,충청남도 천안시 서북구 백석동,경상사고,0,0,1,0,차대차 - 기타,안전운전불이행,습기,비,단일로 - 기타,승용,남,33세,상해없음,승용,남,28세,경상
2014070800100659,2014년 7월 8일 23시,화요일,충청남도 천안시 서북구 쌍용동,경상사고,0,0,1,0,차대차 - 측면직각충돌,교차로운행방법위반,습기,비,교차로 - 교차로안,승용,여,45세,상해없음,원동기,남,40세,경상
2014070900100020,2014년 7월 9일 00시,수요일,충청남도 천안시 동남구 신부동,경상사고,0,0,2,0,차대차 - 기타,안전운전불이행,건조,맑음,교차로 - 교차로부근,승용,남,32세,상해없음,승용,남,48세,경상
2014070900100157,2014년 7월 9일 09시,수요일,충청남도 천안시 서북구 쌍용동,경상사고,0,0,2,0,차대차 - 기타,안전운전불이행,건조,맑음,교차로 - 교차로부근,승용,남,25세,상해없음,승용,남,59세,경상
2014070900100533,2014년 7월 9일 20시,수요일,충청남도 천안시 동남구 다가동,경상사고,0,0,1,0,차대차 - 추돌 - 진행중,안전운전불이행,건조,맑음,단일로 - 기타,승용,여,58세,상해없음,승합,남,51세,경상
2014070900100571,2014년 7월 9일 21시,수요일,충청남도 천안시 서북구 성환읍,중상사고,0,1,0,0,차대사람 - 횡단중,보행자보호의무위반,건조,맑음,교차로 - 교차로부근,승용,남,43세,상해없음,보행자,남,59세,중상
2014070900100596,2014년 7월 9일 22시,수요일,충청남도 천안시 동남구 성남면,경상사고,0,0,1,0,차대사람 - 길가장자리구역통행중,안전운전불이행,건조,맑음,단일로 - 기타,화물,여,27세,상해없음,보행자,남,60세,경상
2014071000100071,2014년 7월 10일 04시,목요일,충청남도 천안시 서북구 백석동,경상사고,0,0,2,0,차대차 - 측면직각충돌,신호위반,건조,기타,교차로 - 교차로안,승용,여,54세,상해없음,승용,남,67세,경상
2014071000100095,2014년 7월 10일 06시,목요일,충청남도 천안시 서북구 성정동,경상사고,0,0,1,0,차대차 - 기타,안전운전불이행,건조,맑음,단일로 - 기타,승합,남,21세,기타불명,승용,여,35세,경상
2014071000100157,2014년 7월 10일 08시,목요일,충청남도 천안시 서북구 불당동,경상사고,0,0,1,0,차대차 - 측면직각충돌,신호위반,건조,맑음,교차로 - 교차로부근,승용,여,40세,기타불명,승용,여,36세,경상
2014071000100160,2014년 7월 10일 08시,목요일,충청남도 천안시 동남구 목천읍,중상사고,0,1,0,0,차대사람 - 기타,안전운전불이행,건조,맑음,단일로 - 기타,승용,여,70세,상해없음,보행자,남,70세,중상
2014071000100309,2014년 7월 10일 13시,목요일,충청남도 천안시 서북구 성정동,중상사고,0,1,1,0,차대차 - 측면직각충돌,교차로운행방법위반,건조,맑음,교차로 - 교차로안,승용,남,32세,경상,승용,남,33세,중상
2014071000100403,2014년 7월 10일 16시,목요일,충청남도 천안시 동남구 청당동,경상사고,0,0,2,0,차대차 - 기타,안전운전불이행,건조,맑음,단일로 - 기타,화물,남,56세,상해없음,승용,여,33세,경상
2014071000100611,2014년 7월 10일 21시,목요일,충청남도 천안시 동남구 신방동,경상사고,0,0,1,0,차대차 - 기타,중앙선침범,건조,맑음,단일로 - 기타,승용,여,45세,상해없음,이륜,남,35세,경상
2014071000100612,2014년 7월 10일 21시,목요일,충청남도 천안시 동남구 목천읍,경상사고,0,0,2,0,차대차 - 추돌 - 진행중,안전운전불이행,건조,맑음,단일로 - 기타,승용,남,35세,상해없음,승용,남,41세,경상
2014071000100613,2014년 7월 10일 21시,목요일,충청남도 천안시 동남구 신부동,경상사고,0,0,1,0,차대사람 - 기타,안전운전불이행,건조,맑음,단일로 - 기타,승합,남,50세,상해없음,보행자,여,54세,경상
2014071100100076,2014년 7월 11일 05시,금요일,충청남도 천안시 서북구 성정동,중상사고,0,1,0,0,차대차 - 기타,신호위반,건조,맑음,교차로 - 교차로안,승합,남,49세,상해없음,원동기,남,35세,중상
2014071100100346,2014년 7월 11일 14시,금요일,충청남도 천안시 서북구 백석동,중상사고,0,18,1,14,차대차 - 기타,안전운전불이행,건조,맑음,단일로 - 기타,건설기계,남,62세,상해없음,승합,남,43세,상해없음
2014071100100347,2014년 7월 11일 14시,금요일,충청남도 천안시 서북구 쌍용동,중상사고,0,1,0,0,차대차 - 기타,안전운전불이행,건조,맑음,단일로 - 기타,승용,남,33세,상해없음,원동기,남,29세,중상
2014071100100348,2014년 7월 11일 14시,금요일,충청남도 천안시 동남구 병천면,중상사고,0,1,0,0,차대사람 - 기타,안전운전불이행,건조,맑음,교차로 - 교차로부근,승용,여,45세,상해없음,보행자,남,72세,중상
2014071100100415,2014년 7월 11일 16시,금요일,충청남도 천안시 동남구 풍세면,경상사고,0,0,2,0,차대차 - 기타,안전운전불이행,건조,맑음,단일로 - 기타,승용,남,29세,상해없음,승용,남,53세,경상
2014071100100526,2014년 7월 11일 18시,금요일,충청남도 천안시 서북구 두정동,중상사고,0,1,0,0,차대차 - 기타,안전거리미확보,건조,맑음,단일로 - 기타,승용,남,61세,상해없음,원동기,남,21세,중상
2014071100100619,2014년 7월 11일 20시,금요일,충청남도 천안시 서북구 성거읍,경상사고,0,0,1,0,차대차 - 추돌 - 주정차중,안전운전불이행,건조,맑음,교차로 - 교차로부근,승용,남,29세,상해없음,승용,여,29세,경상
2014071100100620,2014년 7월 11일 20시,금요일,충청남도 천안시 동남구 풍세면,중상사고,0,1,0,0,차대차 - 기타,안전운전불이행,건조,맑음,교차로 - 교차로부근,승용,남,59세,중상,특수,남,45세,상해없음
2014071100100621,2014년 7월 11일 20시,금요일,충청남도 천안시 동남구 목천읍,경상사고,0,0,1,0,차대차 - 기타,안전운전불이행,건조,맑음,단일로 - 기타,승용,여,40세,상해없음,승용,여,53세,경상
2014071100100703,2014년 7월 11일 22시,금요일,충청남도 천안시 서북구 불당동,경상사고,0,0,1,0,차대차 - 기타,안전운전불이행,건조,맑음,교차로 - 교차로안,승합,남,34세,상해없음,승용,여,43세,경상
2014071100100704,2014년 7월 11일 22시,금요일,충청남도 천안시 서북구 두정동,경상사고,0,0,3,0,차대차 - 기타,안전운전불이행,건조,맑음,단일로 - 기타,승용,남,34세,상해없음,승용,남,36세,경상
2014071100100745,2014년 7월 11일 23시,금요일,충청남도 천안시 동남구 문화동,경상사고,0,0,1,0,차대사람 - 기타,안전운전불이행,건조,맑음,교차로 - 교차로안,승용,남,20세,상해없음,보행자,여,57세,경상
2014071200100018,2014년 7월 12일 00시,토요일,충청남도 천안시 동남구 광덕면,중상사고,0,3,0,0,차대차 - 추돌 - 주정차중,안전운전불이행,건조,맑음,교차로 - 교차로부근,화물,남,48세,상해없음,화물,남,45세,중상
2014071200100062,2014년 7월 12일 02시,토요일,충청남도 천안시 동남구 목천읍,중상사고,0,2,1,0,차대차 - 기타,안전운전불이행,건조,맑음,교차로 - 교차로부근,승용,남,26세,상해없음,승용,남,27세,중상
2014071200100165,2014년 7월 12일 08시,토요일,충청남도 천안시 동남구 봉명동,중상사고,0,1,0,0,차대차 - 기타,안전운전불이행,건조,맑음,교차로 - 교차로안,승용,남,31세,중상,승합,남,52세,상해없음
2014071200100257,2014년 7월 12일 11시,토요일,충청남도 천안시 서북구 성환읍,중상사고,0,1,0,0,차대차 - 기타,안전운전불이행,건조,맑음,단일로 - 기타,화물,남,71세,상해없음,이륜,남,36세,중상
2014071200100322,2014년 7월 12일 13시,토요일,충청남도 천안시 서북구 백석동,중상사고,0,1,3,0,차대차 - 기타,신호위반,건조,맑음,교차로 - 교차로안,승용,남,52세,상해없음,승합,남,41세,경상
2014071200100455,2014년 7월 12일 18시,토요일,충청남도 천안시 동남구 용곡동,경상사고,0,0,3,0,차대차 - 기타,안전운전불이행,건조,맑음,교차로 - 교차로안,승용,남,64세,상해없음,승용,여,38세,경상
2014071200100517,2014년 7월 12일 20시,토요일,충청남도 천안시 서북구 성정동,중상사고,0,1,0,0,차대차 - 추돌 - 주정차중,안전운전불이행,건조,맑음,교차로 - 교차로부근,승용,남,35세,상해없음,승용,남,27세,중상
2014071200100549,2014년 7월 12일 21시,토요일,충청남도 천안시 서북구 두정동,사망사고,1,0,0,0,차대사람 - 횡단중,안전운전불이행,건조,흐림,교차로 - 교차로안,승용,여,21세,상해없음,보행자,남,18세,사망
2014071200100550,2014년 7월 12일 21시,토요일,충청남도 천안시 서북구 두정동,경상사고,0,0,1,0,차대차 - 정면충돌,중앙선침범,건조,맑음,단일로 - 기타,승용,남,36세,상해없음,이륜,남,44세,경상
2014071200100552,2014년 7월 12일 21시,토요일,충청남도 천안시 동남구 청수동,경상사고,0,0,1,0,차대차 - 기타,안전운전불이행,건조,맑음,교차로 - 교차로부근,승용,남,52세,상해없음,이륜,남,18세,경상
2014071300100015,2014년 7월 13일 00시,일요일,충청남도 천안시 서북구 성정동,중상사고,0,1,0,0,차대사람 - 길가장자리구역통행중,안전운전불이행,습기,비,단일로 - 기타,화물,남,44세,상해없음,보행자,남,34세,중상
2014071300100016,2014년 7월 13일 00시,일요일,충청남도 천안시 동남구 신부동,경상사고,0,0,3,0,차대차 - 추돌 - 주정차중,안전운전불이행,습기,비,교차로 - 교차로안,승용,남,24세,상해없음,승용,남,52세,경상
2014071300100290,2014년 7월 13일 14시,일요일,충청남도 천안시 서북구 성정동,중상사고,0,1,0,0,차대차 - 기타,안전운전불이행,건조,맑음,기타 - 기타,이륜,남,35세,중상,화물,남,28세,상해없음
2014071300100291,2014년 7월 13일 14시,일요일,충청남도 천안시 서북구 입장면,경상사고,0,0,1,0,차량단독 - 기타,안전운전불이행,건조,맑음,기타 - 기타,이륜,여,40세,경상,,,,
2014071300100441,2014년 7월 13일 19시,일요일,충청남도 천안시 서북구 두정동,경상사고,0,0,1,0,차대차 - 기타,교차로운행방법위반,건조,맑음,교차로 - 교차로안,화물,남,25세,상해없음,이륜,남,18세,경상
2014071300100490,2014년 7월 13일 21시,일요일,충청남도 천안시 서북구 입장면,경상사고,0,0,2,0,차대차 - 기타,안전운전불이행,건조,맑음,단일로 - 기타,승용,여,28세,상해없음,승용,남,21세,경상
2014071300100525,2014년 7월 13일 23시,일요일,충청남도 천안시 동남구 신부동,경상사고,0,0,1,0,차대사람 - 횡단중,안전운전불이행,건조,맑음,단일로 - 기타,승용,남,55세,상해없음,보행자,남,36세,경상
2014071400100031,2014년 7월 14일 02시,월요일,충청남도 천안시 서북구 두정동,경상사고,0,0,1,0,차대차 - 기타,안전운전불이행,건조,맑음,단일로 - 기타,기타불명,기타불명,기타불명,기타불명,자전거,남,51세,경상
2014071400100311,2014년 7월 14일 15시,월요일,충청남도 천안시 동남구 삼룡동,경상사고,0,0,1,0,차대차 - 측면직각충돌,안전운전불이행,건조,맑음,단일로 - 기타,승용,남,54세,경상,승용,남,81세,상해없음
2014071400100559,2014년 7월 14일 22시,월요일,충청남도 천안시 서북구 부대동,중상사고,0,5,0,0,차대차 - 기타,안전운전불이행,건조,맑음,단일로 - 기타,승합,남,60세,상해없음,승용,여,36세,중상
2014071500100011,2014년 7월 15일 00시,화요일,충청남도 천안시 서북구 두정동,중상사고,0,1,1,0,차대차 - 기타,교차로운행방법위반,건조,맑음,교차로 - 교차로안,승용,여,29세,중상,승용,남,18세,상해없음
2014071500100082,2014년 7월 15일 07시,화요일,충청남도 천안시 서북구 성정동,중상사고,0,1,1,0,차대차 - 기타,신호위반,건조,맑음,교차로 - 교차로안,승용,남,23세,상해없음,승용,남,51세,중상
2014071500100321,2014년 7월 15일 15시,화요일,충청남도 천안시 서북구 두정동,경상사고,0,0,1,0,차대차 - 추돌 - 진행중,교차로운행방법위반,건조,맑음,교차로 - 교차로안,화물,남,47세,상해없음,승용,남,39세,경상
2014071500100560,2014년 7월 15일 21시,화요일,충청남도 천안시 동남구 구룡동,경상사고,0,0,1,0,차대사람 - 횡단중,안전운전불이행,건조,맑음,단일로 - 횡단보도부근,승용,남,15세,기타불명,보행자,여,10세,경상
2014071500100597,2014년 7월 15일 22시,화요일,충청남도 천안시 서북구 성환읍,경상사고,0,0,1,0,차대차 - 기타,안전거리미확보,건조,맑음,단일로 - 기타,화물,남,48세,상해없음,화물,남,53세,경상
2014071500100599,2014년 7월 15일 22시,화요일,충청남도 천안시 동남구 봉명동,경상사고,0,0,1,0,차대사람 - 횡단중,안전운전불이행,건조,맑음,교차로 - 교차로부근,승용,남,31세,상해없음,보행자,남,64세,경상
2014071600100012,2014년 7월 16일 00시,수요일,충청남도 천안시 동남구 봉명동,경상사고,0,0,2,0,차대차 - 추돌 - 주정차중,안전운전불이행,건조,맑음,교차로 - 교차로부근,승용,남,54세,상해없음,승용,남,31세,경상
2014071600100029,2014년 7월 16일 01시,수요일,충청남도 천안시 서북구 성정동,중상사고,0,1,0,0,차대사람 - 기타,안전운전불이행,건조,맑음,단일로 - 기타,승용,남,41세,상해없음,보행자,남,27세,중상
2014071600100038,2014년 7월 16일 02시,수요일,충청남도 천안시 서북구 두정동,경상사고,0,0,1,0,차대사람 - 기타,안전운전불이행,건조,맑음,단일로 - 기타,승용,남,26세,기타불명,보행자,남,20세,경상
2014071600100106,2014년 7월 16일 08시,수요일,충청남도 천안시 동남구 구성동,중상사고,0,1,1,0,차대차 - 측면직각충돌,신호위반,건조,맑음,교차로 - 교차로안,이륜,남,21세,경상,승용,여,43세,상해없음
2014071600100152,2014년 7월 16일 09시,수요일,충청남도 천안시 서북구 쌍용동,경상사고,0,0,1,0,차대차 - 기타,안전운전불이행,건조,맑음,단일로 - 기타,승합,여,39세,상해없음,승용,남,53세,경상
2014071600100265,2014년 7월 16일 13시,수요일,충청남도 천안시 서북구 두정동,중상사고,0,2,0,0,차대차 - 정면충돌,중앙선침범,건조,맑음,단일로 - 기타,자전거,남,14세,중상,원동기,남,46세,중상
2014071600100266,2014년 7월 16일 13시,수요일,충청남도 천안시 서북구 성정동,경상사고,0,0,1,0,차대차 - 측면직각충돌,교차로운행방법위반,건조,맑음,교차로 - 교차로안,승용,남,26세,상해없음,승용,남,49세,경상
2014071600100300,2014년 7월 16일 14시,수요일,충청남도 천안시 동남구 목천읍,경상사고,0,0,1,0,차대차 - 측면직각충돌,안전운전불이행,건조,맑음,기타 - 기타,승용,남,25세,상해없음,승용,여,36세,경상