사고번호,사고일시,요일,시군구,사고내용,사망자수,중상자수,경상자수,부상신고자수,사고유형,법규위반,노면상태,기상상태,도로형태,가해운전자 차종,가해운전자 성별,가해운전자 연령,가해운전자 상해정도,피해운전자 차종,피해운전자 성별,피해운전자 연령,피해운전자 상해정도
2014082300100040,2014년 8월 23일 01시,토요일,충청남도 천안시 서북구 쌍용동,경상사고,0,0,1,2,차대차 - 기타,안전운전불이행,건조,흐림,단일로 - 기타,승용,남,44세,상해없음,승용,남,57세,경상
2014082300100081,2014년 8월 23일 04시,토요일,충청남도 천안시 서북구 백석동,중상사고,0,1,0,0,차량단독 - 공작물충돌,안전운전불이행,건조,맑음,단일로 - 기타,승용,남,27세,상해없음,,,,
2014082300100101,2014년 8월 23일 05시,토요일,충청남도 천안시 서북구 백석동,경상사고,0,0,2,0,차대차 - 측면직각충돌,중앙선침범,건조,맑음,교차로 - 교차로안,승용,남,26세,상해없음,화물,남,54세,경상
2014082300100186,2014년 8월 23일 09시,토요일,충청남도 천안시 동남구 원성동,경상사고,0,0,1,0,차대차 - 추돌 - 진행중,안전운전불이행,건조,맑음,단일로 - 기타,승용,남,34세,상해없음,화물,남,69세,경상
2014082300100471,2014년 8월 23일 18시,토요일,충청남도 천안시 동남구 성남면,사망사고,1,0,6,0,차대차 - 기타,안전거리미확보,건조,맑음,단일로 - 기타,화물,남,56세,사망,승용,남,43세,상해없음
2014082400100014,2014년 8월 24일 00시,일요일,충청남도 천안시 서북구 성정동,중상사고,0,1,1,0,차대차 - 측면직각충돌,교차로운행방법위반,건조,맑음,교차로 - 교차로안,승용,여,48세,상해없음,승용,남,26세,중상
2014082400100310,2014년 8월 24일 16시,일요일,충청남도 천안시 서북구 성환읍,중상사고,0,1,0,0,차대사람 - 횡단중,보행자보호의무위반,건조,맑음,교차로 - 교차로부근,승합,남,52세,상해없음,보행자,남,72세,중상
2014082400100311,2014년 8월 24일 16시,일요일,충청남도 천안시 동남구 원성동,경상사고,0,0,1,0,차대사람 - 기타,안전운전불이행,건조,맑음,단일로 - 기타,승용,남,33세,상해없음,보행자,남,53세,경상
2014082400100481,2014년 8월 24일 21시,일요일,충청남도 천안시 서북구 성정동,경상사고,0,0,1,0,차대차 - 추돌 - 주정차중,안전운전불이행,건조,맑음,교차로 - 교차로부근,화물,남,47세,상해없음,승용,남,23세,경상
2014082400100482,2014년 8월 24일 21시,일요일,충청남도 천안시 동남구 구성동,중상사고,0,1,0,0,차대사람 - 기타,안전운전불이행,건조,맑음,단일로 - 기타,승용,남,52세,상해없음,보행자,남,53세,중상
2014082500100050,2014년 8월 25일 05시,월요일,충청남도 천안시 서북구 성거읍,중상사고,0,1,0,0,차대사람 - 횡단중,안전운전불이행,건조,맑음,교차로 - 교차로안,승용,남,52세,상해없음,보행자,여,73세,중상
2014082500100184,2014년 8월 25일 10시,월요일,충청남도 천안시 서북구 쌍용동,경상사고,0,0,1,0,차대사람 - 보도통행중,신호위반,건조,맑음,단일로 - 횡단보도상,승합,남,36세,상해없음,보행자,여,48세,경상
2014082500100186,2014년 8월 25일 10시,월요일,충청남도 천안시 동남구 신부동,경상사고,0,0,2,0,차대차 - 추돌 - 주정차중,안전운전불이행,건조,맑음,단일로 - 교량,승용,남,46세,상해없음,승용,남,57세,상해없음
2014082500100244,2014년 8월 25일 12시,월요일,충청남도 천안시 동남구 영성동,경상사고,0,0,1,0,차대사람 - 기타,안전운전불이행,건조,맑음,단일로 - 기타,승용,남,56세,상해없음,보행자,남,46세,경상
2014082500100332,2014년 8월 25일 15시,월요일,충청남도 천안시 서북구 쌍용동,경상사고,0,0,2,0,차대차 - 기타,신호위반,건조,맑음,교차로 - 교차로안,화물,남,62세,경상,승합,남,54세,경상
2014082500100333,2014년 8월 25일 15시,월요일,충청남도 천안시 동남구 원성동,중상사고,0,1,0,0,차대차 - 기타,안전운전불이행,건조,맑음,교차로 - 교차로안,승용,남,53세,상해없음,승용,여,30세,중상
2014082500100415,2014년 8월 25일 17시,월요일,충청남도 천안시 동남구 영성동,중상사고,0,1,3,0,차대차 - 기타,안전운전불이행,건조,맑음,단일로 - 기타,화물,남,63세,상해없음,화물,남,57세,경상
2014082500100450,2014년 8월 25일 18시,월요일,충청남도 천안시 서북구 성환읍,중상사고,0,1,0,0,차대차 - 기타,안전운전불이행,건조,맑음,교차로 - 교차로안,특수,남,44세,상해없음,화물,남,52세,중상
2014082500100451,2014년 8월 25일 18시,월요일,충청남도 천안시 서북구 성환읍,경상사고,0,0,1,0,차대차 - 기타,안전운전불이행,건조,흐림,교차로 - 교차로안,화물,남,69세,상해없음,승용,여,59세,경상
2014082500100592,2014년 8월 25일 22시,월요일,충청남도 천안시 동남구 병천면,경상사고,0,0,1,0,차대차 - 기타,안전운전불이행,건조,맑음,단일로 - 기타,승용,남,37세,상해없음,승용,남,30세,경상
2014082600100008,2014년 8월 26일 00시,화요일,충청남도 천안시 서북구 신당동,사망사고,2,0,0,0,차대사람 - 기타,안전운전불이행,건조,맑음,교차로 - 교차로부근,승용,남,19세,상해없음,보행자,남,31세,사망
2014082600100128,2014년 8월 26일 08시,화요일,충청남도 천안시 동남구 목천읍,중상사고,0,2,2,0,차대차 - 기타,안전운전불이행,건조,맑음,단일로 - 기타,승용,여,27세,중상,승합,남,25세,중상
2014082600100341,2014년 8월 26일 15시,화요일,충청남도 천안시 서북구 불당동,경상사고,0,0,1,0,차대사람 - 횡단중,보행자보호의무위반,건조,맑음,단일로 - 횡단보도상,승용,남,47세,상해없음,보행자,여,1세,경상
2014082600100342,2014년 8월 26일 15시,화요일,충청남도 천안시 서북구 성환읍,경상사고,0,0,2,0,차대차 - 추돌 - 주정차중,안전운전불이행,건조,맑음,단일로 - 기타,승용,남,29세,상해없음,승용,남,63세,경상
2014082600100391,2014년 8월 26일 16시,화요일,충청남도 천안시 서북구 두정동,경상사고,0,0,1,0,차대차 - 측면직각충돌,교차로운행방법위반,건조,맑음,교차로 - 교차로안,승용,남,19세,상해없음,승용,남,28세,경상
2014082600100394,2014년 8월 26일 16시,화요일,충청남도 천안시 동남구 문화동,중상사고,0,1,0,0,차대사람 - 차도통행중,안전운전불이행,건조,맑음,단일로 - 기타,승용,남,54세,상해없음,보행자,여,68세,중상
2014082600100395,2014년 8월 26일 16시,화요일,충청남도 천안시 서북구 입장면,중상사고,0,3,1,0,차대차 - 기타,기타,건조,맑음,단일로 - 기타,승합,남,40세,상해없음,승용,여,31세,중상
2014082600100438,2014년 8월 26일 17시,화요일,충청남도 천안시 서북구 쌍용동,경상사고,0,0,1,0,차대차 - 추돌 - 주정차중,안전운전불이행,건조,맑음,단일로 - 기타,승용,여,43세,상해없음,승용,여,33세,경상
2014082600100439,2014년 8월 26일 17시,화요일,충청남도 천안시 서북구 쌍용동,중상사고,0,1,0,0,차대사람 - 횡단중,안전운전불이행,건조,맑음,단일로 - 기타,승용,남,26세,상해없음,보행자,여,7세,중상
2014082600100572,2014년 8월 26일 20시,화요일,충청남도 천안시 서북구 성정동,경상사고,0,0,2,0,차대차 - 기타,안전운전불이행,건조,맑음,교차로 - 교차로부근,승용,남,46세,기타불명,승용,여,41세,경상
2014082600100608,2014년 8월 26일 21시,화요일,충청남도 천안시 동남구 청수동,중상사고,0,1,1,0,차대차 - 기타,교차로운행방법위반,건조,맑음,교차로 - 교차로안,화물,남,49세,상해없음,승용,남,29세,중상
2014082600100642,2014년 8월 26일 22시,화요일,충청남도 천안시 서북구 성정동,경상사고,0,0,1,0,차대사람 - 기타,안전운전불이행,건조,맑음,단일로 - 기타,승용,남,43세,기타불명,보행자,남,44세,경상
2014082600100643,2014년 8월 26일 22시,화요일,충청남도 천안시 동남구 용곡동,경상사고,0,0,2,0,차대차 - 기타,안전운전불이행,건조,맑음,교차로 - 교차로부근,이륜,남,19세,경상,승용,남,52세,경상
2014082600100644,2014년 8월 26일 22시,화요일,충청남도 천안시 동남구 수신면,중상사고,0,3,0,0,차대차 - 기타,안전거리미확보,습기,흐림,단일로 - 기타,승합,남,52세,상해없음,승용,남,55세,중상
2014082600100678,2014년 8월 26일 23시,화요일,충청남도 천안시 동남구 다가동,경상사고,0,0,2,0,차대차 - 기타,교차로운행방법위반,건조,맑음,교차로 - 교차로안,승용,남,47세,상해없음,승용,남,45세,경상
2014082700100249,2014년 8월 27일 12시,수요일,충청남도 천안시 동남구 병천면,경상사고,0,0,1,1,차대차 - 정면충돌,교차로운행방법위반,건조,맑음,교차로 - 교차로안,승용,여,59세,부상신고,승용,남,24세,경상
2014082700100250,2014년 8월 27일 12시,수요일,충청남도 천안시 동남구 병천면,중상사고,0,1,0,0,차대사람 - 횡단중,신호위반,건조,맑음,교차로 - 교차로안,승용,남,23세,상해없음,보행자,여,60세,중상
2014082700100663,2014년 8월 27일 23시,수요일,충청남도 천안시 서북구 백석동,경상사고,0,0,4,0,차대차 - 측면직각충돌,중앙선침범,건조,맑음,교차로 - 교차로부근,승용,남,32세,상해없음,승합,남,47세,경상
2014082800100014,2014년 8월 28일 00시,목요일,충청남도 천안시 서북구 성정동,경상사고,0,0,1,0,차대차 - 추돌 - 주정차중,안전운전불이행,건조,맑음,교차로 - 교차로부근,승용,남,37세,상해없음,승용,남,51세,경상
2014082800100015,2014년 8월 28일 00시,목요일,충청남도 천안시 서북구 쌍용동,경상사고,0,0,1,0,차대차 - 추돌 - 진행중,안전운전불이행,건조,맑음,교차로 - 교차로부근,승용,남,32세,상해없음,승용,여,30세,경상
2014082800100016,2014년 8월 28일 00시,목요일,충청남도 천안시 동남구 신부동,경상사고,0,0,1,0,차대사람 - 보도통행중,안전운전불이행,건조,맑음,단일로 - 기타,승용,남,26세,기타불명,보행자,여,18세,경상
2014082800100031,2014년 8월 28일 01시,목요일,충청남도 천안시 서북구 두정동,중상사고,0,1,0,0,차대차 - 추돌 - 주정차중,안전운전불이행,건조,맑음,교차로 - 교차로부근,승용,남,27세,상해없음,승용,남,33세,중상
2014082800100032,2014년 8월 28일 01시,목요일,충청남도 천안시 서북구 두정동,중상사고,0,1,0,0,차대사람 - 기타,안전운전불이행,건조,맑음,교차로 - 교차로부근,승용,남,27세,상해없음,보행자,여,29세,중상
2014082800100033,2014년 8월 28일 01시,목요일,충청남도 천안시 서북구 두정동,중상사고,0,1,0,0,차대사람 - 횡단중,안전운전불이행,건조,맑음,교차로 - 교차로부근,승용,여,44세,상해없음,보행자,여,46세,중상
2014082800100054,2014년 8월 28일 03시,목요일,충청남도 천안시 서북구 성정동,경상사고,0,0,2,0,차대차 - 기타,안전운전불이행,건조,맑음,교차로 - 교차로부근,승용,남,29세,상해없음,승용,남,23세,경상
2014082800100357,2014년 8월 28일 15시,목요일,충청남도 천안시 서북구 성환읍,중상사고,0,1,0,0,차대차 - 측면직각충돌,신호위반,건조,맑음,교차로 - 교차로안,화물,남,58세,상해없음,원동기,남,46세,중상
2014082800100392,2014년 8월 28일 16시,목요일,충청남도 천안시 서북구 직산읍,경상사고,0,0,1,0,차대차 - 측면직각충돌,교차로운행방법위반,건조,맑음,교차로 - 교차로안,승용,여,44세,상해없음,승용,남,32세,경상
2014082800100431,2014년 8월 28일 17시,목요일,충청남도 천안시 동남구 목천읍,경상사고,0,0,1,0,차대차 - 기타,안전운전불이행,건조,맑음,단일로 - 기타,승용,여,41세,상해없음,자전거,남,41세,경상
2014082800100432,2014년 8월 28일 17시,목요일,충청남도 천안시 동남구 목천읍,중상사고,0,1,2,0,차대차 - 추돌 - 진행중,안전운전불이행,건조,맑음,단일로 - 기타,승용,남,33세,경상,승용,남,30세,중상
2014082800100521,2014년 8월 28일 19시,목요일,충청남도 천안시 동남구 원성동,경상사고,0,0,1,0,차대차 - 추돌 - 주정차중,신호위반,건조,맑음,교차로 - 교차로안,승용,남,37세,상해없음,승용,여,44세,경상
2014082900100028,2014년 8월 29일 01시,금요일,충청남도 천안시 동남구 쌍용동,경상사고,0,0,1,0,차대차 - 기타,신호위반,건조,맑음,교차로 - 교차로안,승용,남,57세,상해없음,승용,여,24세,경상
2014082900100039,2014년 8월 29일 02시,금요일,충청남도 천안시 동남구 구성동,중상사고,0,1,1,0,차대차 - 추돌 - 진행중,신호위반,건조,맑음,교차로 - 교차로안,승용,여,46세,상해없음,승용,남,71세,경상
2014082900100134,2014년 8월 29일 08시,금요일,충청남도 천안시 동남구 봉명동,경상사고,0,0,1,0,차대차 - 기타,안전운전불이행,건조,맑음,단일로 - 기타,승용,남,48세,상해없음,승용,남,45세,경상
2014082900100281,2014년 8월 29일 13시,금요일,충청남도 천안시 동남구 신부동,중상사고,0,1,0,0,차대사람 - 차도통행중,안전운전불이행,건조,맑음,단일로 - 기타,승용,남,72세,상해없음,보행자,여,33세,중상
2014082900100447,2014년 8월 29일 17시,금요일,충청남도 천안시 서북구 성환읍,중상사고,0,1,0,0,차대차 - 기타,안전운전불이행,건조,맑음,단일로 - 기타,승합,남,68세,상해없음,자전거,남,65세,중상
2014082900100536,2014년 8월 29일 19시,금요일,충청남도 천안시 서북구 쌍용동,경상사고,0,0,5,0,차대차 - 추돌 - 주정차중,안전운전불이행,건조,맑음,교차로 - 교차로부근,승용,남,44세,상해없음,승용,여,34세,경상
2014082900100576,2014년 8월 29일 20시,금요일,충청남도 천안시 서북구 성거읍,경상사고,0,0,1,0,차대차 - 추돌 - 진행중,안전운전불이행,건조,맑음,단일로 - 기타,승용,남,57세,상해없음,승용,남,46세,경상
2014082900100615,2014년 8월 29일 21시,금요일,충청남도 천안시 서북구 백석동,중상사고,0,1,0,0,차대사람 - 기타,안전운전불이행,기타,맑음,기타 - 기타,자전거,남,13세,상해없음,보행자,여,27세,중상
2014083000100015,2014년 8월 30일 00시,토요일,충청남도 천안시 서북구 백석동,경상사고,0,0,1,0,차량단독 - 기타,안전운전불이행,건조,맑음,교차로 - 교차로안,이륜,남,22세,상해없음,,,,
2014083000100090,2014년 8월 30일 03시,토요일,충청남도 천안시 서북구 성정동,경상사고,0,0,1,0,차대차 - 기타,중앙선침범,건조,맑음,단일로 - 기타,원동기,남,54세,기타불명,원동기,남,41세,경상
2014083000100108,2014년 8월 30일 04시,토요일,충청남도 천안시 서북구 성환읍,경상사고,0,0,4,0,차대차 - 추돌 - 주정차중,안전운전불이행,건조,맑음,단일로 - 기타,승용,남,65세,상해없음,승용,남,53세,경상
2014083000100295,2014년 8월 30일 11시,토요일,충청남도 천안시 서북구 성환읍,중상사고,0,1,0,0,차대차 - 측면직각충돌,안전운전불이행,건조,맑음,단일로 - 기타,화물,남,56세,상해없음,승합,남,55세,중상
2014083000100296,2014년 8월 30일 11시,토요일,충청남도 천안시 서북구 성정동,중상사고,0,1,0,0,차대사람 - 횡단중,보행자보호의무위반,건조,맑음,교차로 - 교차로안,승용,남,24세,상해없음,보행자,여,47세,중상
2014083000100445,2014년 8월 30일 15시,토요일,충청남도 천안시 서북구 쌍용동,경상사고,0,0,2,0,차대차 - 측면직각충돌,안전운전불이행,건조,맑음,단일로 - 기타,승용,남,50세,상해없음,승용,남,24세,상해없음
2014083000100529,2014년 8월 30일 17시,토요일,충청남도 천안시 서북구 백석동,경상사고,0,0,2,0,차대차 - 추돌 - 주정차중,안전운전불이행,건조,맑음,교차로 - 교차로부근,승용,남,42세,상해없음,승용,남,49세,경상
2014083000100530,2014년 8월 30일 17시,토요일,충청남도 천안시 동남구 신부동,경상사고,0,0,1,0,차대차 - 기타,안전운전불이행,건조,맑음,단일로 - 기타,승용,남,42세,경상,승용,남,54세,상해없음
2014083000100569,2014년 8월 30일 18시,토요일,충청남도 천안시 동남구 다가동,중상사고,0,1,0,0,차대사람 - 횡단중,신호위반,건조,맑음,단일로 - 횡단보도상,승용,여,49세,상해없음,보행자,여,64세,중상
2014083000100647,2014년 8월 30일 20시,토요일,충청남도 천안시 서북구 성거읍,중상사고,0,1,0,0,차대사람 - 횡단중,안전운전불이행,건조,맑음,단일로 - 기타,원동기,남,18세,상해없음,보행자,남,48세,중상
2014083000100680,2014년 8월 30일 21시,토요일,충청남도 천안시 서북구 성거읍,경상사고,0,0,5,0,차대차 - 추돌 - 주정차중,안전운전불이행,건조,맑음,교차로 - 교차로부근,승용,남,31세,상해없음,승용,남,37세,경상
2014083100100137,2014년 8월 31일 09시,일요일,충청남도 천안시 서북구 쌍용동,경상사고,0,0,3,0,차대차 - 기타,안전거리미확보,건조,맑음,단일로 - 기타,승용,남,43세,경상,화물,남,58세,경상
2014083100100138,2014년 8월 31일 09시,일요일,충청남도 천안시 서북구 성정동,경상사고,0,0,2,0,차대차 - 기타,안전운전불이행,건조,맑음,단일로 - 기타,승용,여,29세,상해없음,승용,남,24세,경상
2014083100100155,2014년 8월 31일 10시,일요일,충청남도 천안시 서북구 성정동,중상사고,0,1,0,0,차대차 - 기타,중앙선침범,건조,맑음,단일로 - 기타,원동기,남,51세,상해없음,원동기,남,36세,중상
2014083100100253,2014년 8월 31일 13시,일요일,충청남도 천안시 동남구 영성동,경상사고,0,0,1,0,차대차 - 기타,안전운전불이행,건조,맑음,교차로 - 교차로부근,승합,남,42세,상해없음,승합,남,49세,경상
2014083100100287,2014년 8월 31일 14시,일요일,충청남도 천안시 서북구 성거읍,경상사고,0,0,2,0,차대차 - 추돌 - 진행중,안전거리미확보,건조,맑음,단일로 - 기타,화물,남,58세,상해없음,승용,남,33세,경상
2014083100100411,2014년 8월 31일 18시,일요일,충청남도 천안시 서북구 두정동,경상사고,0,0,1,0,차대사람 - 기타,안전운전불이행,건조,맑음,교차로 - 교차로부근,화물,남,60세,상해없음,보행자,남,31세,경상
2014083100100441,2014년 8월 31일 19시,일요일,충청남도 천안시 서북구 성환읍,중상사고,0,1,0,0,차대차 - 기타,안전운전불이행,건조,맑음,단일로 - 교량,자전거,남,85세,중상,승용,남,24세,상해없음
2014083100100442,2014년 8월 31일 19시,일요일,충청남도 천안시 서북구 두정동,중상사고,0,1,0,0,차대차 - 기타,안전운전불이행,건조,맑음,단일로 - 기타,원동기,남,44세,중상,승용,남,33세,상해없음
2014083100100444,2014년 8월 31일 19시,일요일,충청남도 천안시 서북구 입장면,경상사고,0,0,7,0,차대차 - 추돌 - 주정차중,안전운전불이행,건조,맑음,단일로 - 기타,승용,여,39세,경상,승용,남,33세,경상
2014090100100030,2014년 9월 1일 02시,월요일,충청남도 천안시 동남구 신방동,경상사고,0,0,1,0,차대차 - 측면직각충돌,중앙선침범,건조,맑음,단일로 - 기타,원동기,남,16세,기타불명,원동기,남,59세,경상
2014090100100066,2014년 9월 1일 06시,월요일,충청남도 천안시 동남구 동면,중상사고,0,1,0,0,차대사람 - 기타,안전운전불이행,건조,맑음,기타 - 기타,화물,남,51세,상해없음,보행자,남,26세,중상
2014090100100067,2014년 9월 1일 06시,월요일,충청남도 천안시 동남구 풍세면,중상사고,0,2,0,0,차대차 - 기타,교차로운행방법위반,건조,맑음,교차로 - 교차로안,화물,남,67세,상해없음,이륜,여,63세,중상
2014090100100078,2014년 9월 1일 07시,월요일,충청남도 천안시 서북구 성환읍,중상사고,0,1,0,0,차대사람 - 기타,안전운전불이행,건조,맑음,단일로 - 기타,원동기,남,78세,상해없음,보행자,남,86세,중상
2014090100100079,2014년 9월 1일 07시,월요일,충청남도 천안시 동남구 청당동,경상사고,0,0,1,0,차대차 - 기타,안전운전불이행,건조,맑음,교차로 - 교차로안,승용,남,49세,상해없음,승용,여,26세,경상
2014090100100627,2014년 9월 1일 20시,월요일,충청남도 천안시 서북구 백석동,중상사고,0,2,0,0,차대차 - 측면직각충돌,교차로운행방법위반,건조,맑음,교차로 - 교차로안,승용,남,58세,상해없음,이륜,남,22세,중상
2014090100100628,2014년 9월 1일 20시,월요일,충청남도 천안시 동남구 동면,경상사고,0,0,2,0,차대차 - 정면충돌,안전운전불이행,건조,맑음,교차로 - 교차로안,승용,남,26세,상해없음,화물,남,37세,경상
2014090100100689,2014년 9월 1일 22시,월요일,충청남도 천안시 동남구 원성동,경상사고,0,0,1,0,차대차 - 추돌 - 주정차중,안전운전불이행,건조,맑음,교차로 - 교차로부근,승용,남,48세,상해없음,승용,남,72세,경상
2014090200100069,2014년 9월 2일 06시,화요일,충청남도 천안시 서북구 성거읍,경상사고,0,0,1,0,차대차 - 측면직각충돌,신호위반,건조,맑음,교차로 - 교차로안,승용,남,54세,상해없음,승용,남,58세,경상
2014090200100298,2014년 9월 2일 13시,화요일,충청남도 천안시 동남구 성황동,중상사고,0,1,1,0,차대사람 - 기타,신호위반,습기,비,교차로 - 교차로안,이륜,남,17세,상해없음,보행자,남,50세,중상
2014090200100576,2014년 9월 2일 19시,화요일,충청남도 천안시 서북구 입장면,중상사고,0,1,0,0,차대사람 - 기타,안전운전불이행,습기,비,단일로 - 기타,승용,남,57세,상해없음,보행자,여,66세,중상
2014090200100578,2014년 9월 2일 19시,화요일,충청남도 천안시 동남구 목천읍,경상사고,0,0,2,0,차대차 - 기타,안전운전불이행,습기,비,단일로 - 기타,승합,남,53세,상해없음,승용,여,50세,경상
2014090200100643,2014년 9월 2일 20시,화요일,충청남도 천안시 동남구 삼룡동,경상사고,0,0,1,0,차대차 - 기타,안전거리미확보,습기,비,교차로 - 교차로부근,승용,남,53세,상해없음,승용,남,38세,경상
2014090200100752,2014년 9월 2일 22시,화요일,충청남도 천안시 서북구 성환읍,중상사고,0,1,0,0,차대사람 - 차도통행중,안전운전불이행,습기,비,기타 - 기타,승용,남,41세,상해없음,보행자,남,24세,중상
2014090200100811,2014년 9월 2일 23시,화요일,충청남도 천안시 동남구 원성동,경상사고,0,0,2,0,차대차 - 기타,안전운전불이행,습기,비,교차로 - 교차로부근,승용,남,55세,상해없음,승용,남,25세,경상
2014090300100034,2014년 9월 3일 00시,수요일,충청남도 천안시 서북구 직산읍,경상사고,0,0,1,0,차량단독 - 공작물충돌,안전운전불이행,습기,비,교차로 - 교차로부근,승용,남,27세,경상,,,,
2014090300100209,2014년 9월 3일 08시,수요일,충청남도 천안시 서북구 성거읍,경상사고,0,0,3,0,차대차 - 추돌 - 주정차중,안전거리미확보,건조,맑음,단일로 - 기타,승용,여,24세,경상,승용,남,21세,상해없음
2014090300100471,2014년 9월 3일 16시,수요일,충청남도 천안시 동남구 구룡동,경상사고,0,0,1,0,차대차 - 추돌 - 주정차중,안전운전불이행,건조,맑음,단일로 - 기타,승용,남,29세,상해없음,승용,남,36세,경상
2014090300100657,2014년 9월 3일 21시,수요일,충청남도 천안시 동남구 쌍용동,중상사고,0,2,3,0,차대차 - 기타,중앙선침범,건조,맑음,단일로 - 기타,승용,남,42세,상해없음,승용,남,38세,중상
2014090300100660,2014년 9월 3일 21시,수요일,충청남도 천안시 동남구 삼룡동,경상사고,0,0,2,0,차대차 - 기타,안전운전불이행,건조,흐림,단일로 - 기타,승용,남,40세,상해없음,승용,여,44세,경상
2014090300100702,2014년 9월 3일 22시,수요일,충청남도 천안시 서북구 입장면,중상사고,0,1,0,0,차대사람 - 기타,안전운전불이행,건조,흐림,단일로 - 기타,화물,남,51세,기타불명,보행자,남,62세,중상
2014090400100015,2014년 9월 4일 00시,목요일,충청남도 천안시 서북구 두정동,경상사고,0,0,1,0,차대차 - 기타,신호위반,건조,맑음,교차로 - 교차로안,승합,남,51세,상해없음,이륜,남,25세,경상
2014090400100059,2014년 9월 4일 04시,목요일,충청남도 천안시 서북구 두정동,경상사고,0,0,1,0,차대차 - 측면직각충돌,신호위반,건조,맑음,교차로 - 교차로안,화물,남,53세,상해없음,승용,남,65세,경상
2014090400100106,2014년 9월 4일 07시,목요일,충청남도 천안시 동남구 풍세면,중상사고,0,1,0,0,차대차 - 정면충돌,중앙선침범,습기,흐림,단일로 - 기타,승용,남,24세,상해없음,승용,남,43세,중상
2014090400100154,2014년 9월 4일 08시,목요일,충청남도 천안시 동남구 청당동,경상사고,0,0,1,1,차대차 - 측면직각충돌,불법유턴,건조,맑음,단일로 - 기타,승용,남,39세,부상신고,승용,남,47세,경상
2014090400100215,2014년 9월 4일 10시,목요일,충청남도 천안시 서북구 백석동,경상사고,0,0,2,0,차대차 - 추돌 - 진행중,안전거리미확보,건조,맑음,교차로 - 교차로부근,화물,남,46세,상해없음,승용,여,56세,경상
2014090400100281,2014년 9월 4일 12시,목요일,충청남도 천안시 서북구 두정동,경상사고,0,0,1,0,차대차 - 측면직각충돌,차로위반,건조,맑음,단일로 - 기타,승용,여,55세,상해없음,이륜,남,33세,경상
2014090400100348,2014년 9월 4일 14시,목요일,충청남도 천안시 서북구 신당동,중상사고,0,1,0,0,차대사람 - 횡단중,안전운전불이행,건조,맑음,단일로 - 기타,승용,남,24세,상해없음,보행자,여,55세,중상
2014090400100697,2014년 9월 4일 22시,목요일,충청남도 천안시 서북구 두정동,경상사고,0,0,1,0,차대차 - 측면직각충돌,안전운전불이행,건조,맑음,단일로 - 기타,승용,여,34세,상해없음,승용,남,24세,경상
2014090500100012,2014년 9월 5일 00시,금요일,충청남도 천안시 서북구 성환읍,경상사고,0,0,1,0,차대차 - 측면직각충돌,신호위반,건조,맑음,교차로 - 교차로안,승용,남,44세,상해없음,승용,남,30세,경상
2014090500100084,2014년 9월 5일 05시,금요일,충청남도 천안시 서북구 두정동,중상사고,0,1,0,0,차량단독 - 전도전복,안전운전불이행,건조,맑음,단일로 - 기타,원동기,남,23세,상해없음,,,,
2014090500100095,2014년 9월 5일 06시,금요일,충청남도 천안시 서북구 차암동,경상사고,0,0,1,0,차대차 - 측면직각충돌,안전운전불이행,건조,맑음,단일로 - 기타,승용,남,35세,상해없음,승용,남,30세,경상
2014090500100207,2014년 9월 5일 09시,금요일,충청남도 천안시 동남구 원성동,중상사고,0,1,0,0,차대차 - 측면직각충돌,안전운전불이행,건조,맑음,교차로 - 교차로부근,원동기,여,68세,중상,승용,여,33세,상해없음
2014090500100686,2014년 9월 5일 19시,금요일,충청남도 천안시 서북구 성환읍,경상사고,0,0,2,0,차대차 - 측면직각충돌,안전운전불이행,건조,맑음,단일로 - 기타,화물,남,51세,상해없음,승용,남,31세,경상
2014090500100794,2014년 9월 5일 21시,금요일,충청남도 천안시 동남구 신방동,경상사고,0,0,1,0,차대사람 - 기타,안전운전불이행,건조,맑음,교차로 - 교차로안,화물,남,49세,상해없음,보행자,남,27세,경상
2014090500100829,2014년 9월 5일 22시,금요일,충청남도 천안시 서북구 성정동,중상사고,0,1,0,0,차대차 - 추돌 - 진행중,안전운전불이행,건조,맑음,교차로 - 교차로부근,승용,남,18세,상해없음,승용,남,57세,중상
2014090500100830,2014년 9월 5일 22시,금요일,충청남도 천안시 서북구 성거읍,중상사고,0,1,0,0,차대차 - 측면직각충돌,안전운전불이행,건조,맑음,교차로 - 교차로안,승용,남,69세,상해없음,승용,남,46세,중상
2014090500100855,2014년 9월 5일 23시,금요일,충청남도 천안시 동남구 청당동,경상사고,0,0,1,0,차대차 - 측면직각충돌,중앙선침범,건조,맑음,단일로 - 기타,승용,남,23세,상해없음,승용,남,62세,경상
2014090600100049,2014년 9월 6일 02시,토요일,충청남도 천안시 서북구 성정동,경상사고,0,0,3,0,차대차 - 기타,기타,건조,맑음,교차로 - 교차로부근,승용,남,58세,경상,승용,남,29세,경상
2014090600100068,2014년 9월 6일 03시,토요일,충청남도 천안시 서북구 성정동,경상사고,0,0,1,0,차대차 - 기타,교차로운행방법위반,건조,맑음,교차로 - 교차로안,승용,여,28세,상해없음,승용,남,65세,상해없음
2014090600100085,2014년 9월 6일 04시,토요일,충청남도 천안시 서북구 성정동,경상사고,0,0,4,0,차대차 - 기타,안전운전불이행,건조,맑음,단일로 - 기타,승용,남,26세,경상,승용,남,36세,경상
2014090600100132,2014년 9월 6일 07시,토요일,충청남도 천안시 동남구 삼룡동,경상사고,0,0,1,0,차대차 - 측면직각충돌,안전운전불이행,건조,맑음,교차로 - 교차로안,화물,남,47세,상해없음,승용,남,46세,경상