사고번호,사고일시,요일,시군구,사고내용,사망자수,중상자수,경상자수,부상신고자수,사고유형,법규위반,노면상태,기상상태,도로형태,가해운전자 차종,가해운전자 성별,가해운전자 연령,가해운전자 상해정도,피해운전자 차종,피해운전자 성별,피해운전자 연령,피해운전자 상해정도
2014090600100319,2014년 9월 6일 13시,토요일,충청남도 천안시 동남구 신부동,경상사고,0,0,1,0,차대사람 - 횡단중,안전운전불이행,건조,맑음,단일로 - 기타,승용,여,53세,상해없음,보행자,여,47세,경상
2014090600100511,2014년 9월 6일 18시,토요일,충청남도 천안시 동남구 풍세면,경상사고,0,0,2,0,차대차 - 추돌 - 주정차중,안전운전불이행,건조,맑음,단일로 - 기타,승용,남,56세,상해없음,승용,남,48세,경상
2014090600100573,2014년 9월 6일 20시,토요일,충청남도 천안시 서북구 직산읍,중상사고,0,1,4,0,차대차 - 기타,신호위반,건조,맑음,교차로 - 교차로안,승용,남,37세,경상,승용,남,41세,중상
2014090600100574,2014년 9월 6일 20시,토요일,충청남도 천안시 서북구 직산읍,경상사고,0,0,2,1,차대차 - 기타,신호위반,건조,맑음,교차로 - 교차로안,승용,남,27세,상해없음,승용,남,28세,경상
2014090600100576,2014년 9월 6일 20시,토요일,충청남도 천안시 동남구 신방동,경상사고,0,0,1,0,차대차 - 측면직각충돌,교차로운행방법위반,건조,맑음,교차로 - 교차로안,승용,남,34세,상해없음,이륜,남,34세,경상
2014090700100041,2014년 9월 7일 02시,일요일,충청남도 천안시 동남구 안서동,사망사고,1,0,0,0,차대사람 - 횡단중,보행자보호의무위반,건조,맑음,교차로 - 교차로부근,승용,남,42세,상해없음,보행자,남,24세,사망
2014090700100058,2014년 9월 7일 03시,일요일,충청남도 천안시 서북구 두정동,경상사고,0,0,2,0,차대사람 - 기타,안전운전불이행,건조,맑음,단일로 - 기타,승용,남,23세,기타불명,보행자,남,18세,경상
2014090700100097,2014년 9월 7일 06시,일요일,충청남도 천안시 서북구 쌍용동,사망사고,1,0,0,0,차대차 - 기타,안전운전불이행,건조,맑음,단일로 - 기타,승용,남,26세,상해없음,자전거,남,64세,사망
2014090700100233,2014년 9월 7일 13시,일요일,충청남도 천안시 동남구 봉명동,경상사고,0,0,1,0,차대사람 - 기타,안전운전불이행,건조,맑음,교차로 - 교차로안,승합,여,57세,상해없음,보행자,남,82세,경상
2014090700100282,2014년 9월 7일 15시,일요일,충청남도 천안시 서북구 성환읍,경상사고,0,0,1,0,차대차 - 추돌 - 주정차중,안전운전불이행,건조,맑음,단일로 - 기타,화물,남,70세,기타불명,승용,남,43세,기타불명
2014090700100309,2014년 9월 7일 16시,일요일,충청남도 천안시 동남구 다가동,중상사고,0,1,1,0,차대차 - 측면직각충돌,교차로운행방법위반,건조,맑음,교차로 - 교차로안,화물,여,71세,경상,승용,여,62세,중상
2014090800100125,2014년 9월 8일 11시,월요일,충청남도 천안시 동남구 병천면,경상사고,0,0,1,0,차대차 - 추돌 - 진행중,안전운전불이행,건조,맑음,단일로 - 기타,승용,여,61세,상해없음,승용,남,36세,경상
2014090800100155,2014년 9월 8일 12시,월요일,충청남도 천안시 동남구 풍세면,경상사고,0,0,2,0,차대차 - 추돌 - 진행중,안전운전불이행,건조,맑음,단일로 - 기타,승용,남,50세,상해없음,승용,남,28세,경상
2014090800100339,2014년 9월 8일 18시,월요일,충청남도 천안시 서북구 성정동,경상사고,0,0,3,0,차대차 - 추돌 - 주정차중,안전운전불이행,건조,맑음,단일로 - 기타,승용,여,42세,상해없음,승용,여,58세,경상
2014090800100405,2014년 9월 8일 21시,월요일,충청남도 천안시 서북구 쌍용동,경상사고,0,0,1,0,차대차 - 기타,안전운전불이행,건조,맑음,교차로 - 교차로부근,승용,남,19세,상해없음,승합,남,37세,상해없음
2014090800100407,2014년 9월 8일 21시,월요일,충청남도 천안시 동남구 신방동,사망사고,1,0,0,0,차대사람 - 횡단중,안전운전불이행,건조,맑음,교차로 - 교차로부근,승용,여,42세,상해없음,보행자,남,68세,사망
2014090800100436,2014년 9월 8일 23시,월요일,충청남도 천안시 서북구 신당동,경상사고,0,0,1,0,차대차 - 추돌 - 진행중,안전운전불이행,건조,맑음,교차로 - 교차로부근,승용,남,55세,상해없음,승용,여,48세,경상
2014090900100004,2014년 9월 9일 00시,화요일,충청남도 천안시 서북구 성정동,사망사고,1,0,0,0,차대사람 - 횡단중,안전운전불이행,건조,맑음,단일로 - 기타,승용,남,29세,상해없음,보행자,남,35세,사망
2014090900100160,2014년 9월 9일 13시,화요일,충청남도 천안시 서북구 두정동,중상사고,0,1,4,0,차대차 - 추돌 - 주정차중,안전운전불이행,건조,맑음,단일로 - 기타,승용,남,35세,상해없음,승용,남,64세,경상
2014090900100194,2014년 9월 9일 14시,화요일,충청남도 천안시 서북구 백석동,경상사고,0,0,3,0,차대차 - 기타,중앙선침범,건조,맑음,단일로 - 기타,승용,여,43세,상해없음,승용,여,29세,경상
2014090900100195,2014년 9월 9일 14시,화요일,충청남도 천안시 동남구 목천읍,경상사고,0,0,3,0,차대차 - 추돌 - 주정차중,안전운전불이행,건조,맑음,단일로 - 기타,승용,남,50세,상해없음,승용,남,32세,경상
2014091000100280,2014년 9월 10일 15시,수요일,충청남도 천안시 동남구 광덕면,중상사고,0,1,2,0,차대차 - 추돌 - 진행중,안전운전불이행,건조,맑음,단일로 - 기타,승용,여,45세,경상,승용,남,52세,중상
2014091000100327,2014년 9월 10일 16시,수요일,충청남도 천안시 동남구 광덕면,경상사고,0,0,1,0,차대차 - 기타,신호위반,건조,맑음,단일로 - 터널,승용,남,31세,상해없음,승용,남,41세,경상
2014091000100356,2014년 9월 10일 17시,수요일,충청남도 천안시 동남구 신부동,중상사고,0,1,0,0,차대사람 - 기타,보행자보호의무위반,건조,맑음,교차로 - 교차로부근,승용,남,55세,상해없음,보행자,남,72세,중상
2014091000100385,2014년 9월 10일 18시,수요일,충청남도 천안시 서북구 직산읍,경상사고,0,0,2,1,차대차 - 측면직각충돌,직진우회전진행방해,건조,맑음,교차로 - 교차로안,승용,여,55세,상해없음,승합,남,50세,경상
2014091000100486,2014년 9월 10일 22시,수요일,충청남도 천안시 서북구 쌍용동,중상사고,0,1,1,0,차대사람 - 보도통행중,안전운전불이행,건조,맑음,단일로 - 횡단보도상,승용,남,42세,상해없음,보행자,여,14세,중상
2014091100100047,2014년 9월 11일 05시,목요일,충청남도 천안시 서북구 두정동,경상사고,0,0,1,0,차대차 - 추돌 - 주정차중,안전운전불이행,건조,맑음,단일로 - 기타,승용,남,51세,상해없음,승용,남,25세,경상
2014091100100080,2014년 9월 11일 07시,목요일,충청남도 천안시 서북구 직산읍,경상사고,0,0,1,0,차대차 - 기타,신호위반,건조,맑음,교차로 - 교차로안,승용,여,51세,경상,화물,남,50세,상해없음
2014091100100203,2014년 9월 11일 10시,목요일,충청남도 천안시 서북구 쌍용동,경상사고,0,0,2,0,차대차 - 기타,신호위반,건조,맑음,교차로 - 교차로안,승합,남,34세,상해없음,승용,남,49세,경상
2014091100100204,2014년 9월 11일 10시,목요일,충청남도 천안시 서북구 백석동,경상사고,0,0,1,0,차대사람 - 횡단중,보행자보호의무위반,건조,맑음,교차로 - 교차로부근,화물,남,31세,상해없음,보행자,여,70세,경상
2014091100100610,2014년 9월 11일 23시,목요일,충청남도 천안시 서북구 두정동,중상사고,0,1,1,0,차대차 - 추돌 - 주정차중,안전운전불이행,건조,맑음,기타 - 기타,승용,남,29세,상해없음,승용,남,52세,경상
2014091100100612,2014년 9월 11일 23시,목요일,충청남도 천안시 동남구 원성동,중상사고,0,1,2,0,차대차 - 기타,신호위반,건조,맑음,교차로 - 교차로안,승용,남,48세,상해없음,승용,남,37세,경상
2014091100100613,2014년 9월 11일 23시,목요일,충청남도 천안시 동남구 신부동,경상사고,0,0,1,0,차대차 - 기타,안전운전불이행,건조,맑음,단일로 - 기타,이륜,남,13세,경상,승용,남,43세,상해없음
2014091200100286,2014년 9월 12일 14시,금요일,충청남도 천안시 서북구 백석동,경상사고,0,0,2,0,차대차 - 기타,안전거리미확보,건조,맑음,단일로 - 기타,승용,남,40세,상해없음,승용,남,33세,경상
2014091200100378,2014년 9월 12일 17시,금요일,충청남도 천안시 서북구 성성동,경상사고,0,0,1,0,차대차 - 기타,안전운전불이행,건조,맑음,교차로 - 교차로부근,화물,남,48세,상해없음,승용,남,55세,경상
2014091200100581,2014년 9월 12일 22시,금요일,충청남도 천안시 동남구 다가동,중상사고,0,1,0,0,차대사람 - 횡단중,안전운전불이행,건조,맑음,단일로 - 기타,승용,여,49세,상해없음,보행자,여,58세,중상
2014091300100032,2014년 9월 13일 01시,토요일,충청남도 천안시 동남구 풍세면,경상사고,0,0,2,0,차대차 - 추돌 - 주정차중,안전운전불이행,건조,맑음,단일로 - 기타,승용,남,74세,상해없음,승용,남,31세,경상
2014091300100067,2014년 9월 13일 04시,토요일,충청남도 천안시 서북구 쌍용동,중상사고,0,1,0,3,차대차 - 추돌 - 주정차중,안전운전불이행,건조,맑음,단일로 - 기타,원동기,여,16세,부상신고,승용,여,57세,부상신고
2014091300100128,2014년 9월 13일 08시,토요일,충청남도 천안시 서북구 두정동,경상사고,0,0,1,0,차대차 - 기타,안전운전불이행,건조,맑음,교차로 - 교차로안,승용,기타불명,기타불명,기타불명,자전거,남,16세,경상
2014091300100158,2014년 9월 13일 09시,토요일,충청남도 천안시 서북구 쌍용동,중상사고,0,1,0,0,차대차 - 측면직각충돌,신호위반,건조,맑음,교차로 - 교차로안,승용,남,40세,상해없음,승용,남,42세,중상
2014091300100203,2014년 9월 13일 10시,토요일,충청남도 천안시 서북구 입장면,경상사고,0,0,2,0,차대차 - 기타,안전거리미확보,건조,맑음,단일로 - 기타,승용,남,34세,상해없음,승용,여,46세,경상
2014091300100204,2014년 9월 13일 10시,토요일,충청남도 천안시 서북구 입장면,경상사고,0,0,2,0,차대차 - 추돌 - 진행중,안전운전불이행,건조,맑음,단일로 - 기타,승용,남,61세,상해없음,승용,여,44세,경상
2014091300100327,2014년 9월 13일 14시,토요일,충청남도 천안시 서북구 직산읍,경상사고,0,0,1,0,차대차 - 측면직각충돌,신호위반,건조,맑음,교차로 - 교차로안,승용,남,65세,상해없음,원동기,남,48세,경상
2014091300100361,2014년 9월 13일 15시,토요일,충청남도 천안시 동남구 신부동,중상사고,0,1,0,0,차대사람 - 기타,안전운전불이행,건조,맑음,교차로 - 교차로안,화물,남,67세,상해없음,보행자,남,59세,중상
2014091300100390,2014년 9월 13일 16시,토요일,충청남도 천안시 서북구 성환읍,중상사고,0,1,0,0,차대사람 - 차도통행중,안전운전불이행,건조,맑음,교차로 - 교차로안,승용,여,44세,상해없음,보행자,남,10세,중상
2014091300100426,2014년 9월 13일 17시,토요일,충청남도 천안시 동남구 봉명동,경상사고,0,0,1,0,차대사람 - 기타,안전운전불이행,건조,맑음,단일로 - 기타,기타불명,기타불명,기타불명,기타불명,보행자,여,8세,경상
2014091300100565,2014년 9월 13일 21시,토요일,충청남도 천안시 서북구 쌍용동,중상사고,0,1,0,0,차대사람 - 기타,교차로운행방법위반,건조,맑음,교차로 - 교차로안,승용,남,54세,상해없음,보행자,남,63세,중상
2014091300100590,2014년 9월 13일 22시,토요일,충청남도 천안시 서북구 두정동,경상사고,0,0,2,0,차대사람 - 기타,안전운전불이행,건조,맑음,단일로 - 기타,승용,여,44세,상해없음,보행자,남,18세,경상
2014091400100036,2014년 9월 14일 02시,일요일,충청남도 천안시 서북구 성정동,경상사고,0,0,1,0,차대사람 - 기타,안전운전불이행,건조,맑음,단일로 - 기타,승용,남,43세,상해없음,보행자,여,26세,경상
2014091500100090,2014년 9월 15일 08시,월요일,충청남도 천안시 서북구 불당동,경상사고,0,0,2,0,차대차 - 기타,안전운전불이행,건조,맑음,단일로 - 기타,승용,남,46세,상해없음,승용,여,52세,경상
2014091500100128,2014년 9월 15일 09시,월요일,충청남도 천안시 서북구 성정동,중상사고,0,1,0,0,차대차 - 기타,교차로운행방법위반,건조,맑음,교차로 - 교차로안,승용,여,46세,상해없음,원동기,남,22세,중상
2014091500100184,2014년 9월 15일 11시,월요일,충청남도 천안시 서북구 성성동,경상사고,0,0,1,0,차대차 - 추돌 - 주정차중,안전운전불이행,건조,맑음,단일로 - 기타,승용,남,22세,상해없음,원동기,남,44세,경상
2014091500100185,2014년 9월 15일 11시,월요일,충청남도 천안시 동남구 병천면,중상사고,0,1,0,0,차대사람 - 기타,안전운전불이행,건조,맑음,교차로 - 교차로부근,승합,남,47세,상해없음,보행자,여,86세,중상
2014091500100242,2014년 9월 15일 13시,월요일,충청남도 천안시 동남구 목천읍,중상사고,0,1,0,0,차대사람 - 보도통행중,보행자보호의무위반,건조,맑음,단일로 - 기타,승용,남,31세,상해없음,보행자,남,7세,중상
2014091500100243,2014년 9월 15일 13시,월요일,충청남도 천안시 동남구 신방동,경상사고,0,0,1,0,차대차 - 추돌 - 주정차중,중앙선침범,건조,맑음,단일로 - 기타,화물,남,65세,상해없음,승용,남,42세,경상
2014091500100301,2014년 9월 15일 15시,월요일,충청남도 천안시 서북구 성환읍,중상사고,0,1,0,0,차대사람 - 길가장자리구역통행중,안전운전불이행,건조,맑음,단일로 - 기타,승용,남,47세,상해없음,보행자,여,76세,중상
2014091500100334,2014년 9월 15일 16시,월요일,충청남도 천안시 동남구 신방동,경상사고,0,0,1,0,차대사람 - 기타,안전운전불이행,건조,맑음,교차로 - 교차로안,승용,기타불명,기타불명,기타불명,보행자,여,14세,경상
2014091500100366,2014년 9월 15일 17시,월요일,충청남도 천안시 서북구 불당동,경상사고,0,0,2,0,차대차 - 추돌 - 진행중,안전운전불이행,건조,맑음,교차로 - 교차로부근,승용,남,33세,상해없음,승용,남,58세,경상
2014091500100368,2014년 9월 15일 17시,월요일,충청남도 천안시 동남구 목천읍,경상사고,0,0,1,0,차대사람 - 횡단중,안전운전불이행,건조,맑음,교차로 - 교차로안,승용,남,41세,상해없음,보행자,남,7세,경상
2014091500100451,2014년 9월 15일 19시,월요일,충청남도 천안시 서북구 성정동,경상사고,0,0,2,0,차대차 - 기타,안전운전불이행,건조,맑음,교차로 - 교차로안,승용,남,32세,상해없음,승용,남,29세,경상
2014091500100452,2014년 9월 15일 19시,월요일,충청남도 천안시 서북구 쌍용동,경상사고,0,0,1,0,차대차 - 기타,안전운전불이행,건조,맑음,교차로 - 교차로안,승용,여,51세,경상,승용,남,53세,상해없음
2014091600100134,2014년 9월 16일 08시,화요일,충청남도 천안시 동남구 구룡동,경상사고,0,0,1,0,차대차 - 측면직각충돌,안전운전불이행,건조,맑음,단일로 - 기타,화물,남,52세,상해없음,승용,남,35세,경상
2014091600100239,2014년 9월 16일 12시,화요일,충청남도 천안시 동남구 대흥동,중상사고,0,1,0,0,차대차 - 기타,안전운전불이행,건조,맑음,단일로 - 기타,승용,남,60세,상해없음,자전거,남,74세,중상
2014091600100420,2014년 9월 16일 18시,화요일,충청남도 천안시 서북구 쌍용동,경상사고,0,0,1,0,차대차 - 측면직각충돌,신호위반,건조,맑음,교차로 - 교차로안,원동기,남,44세,경상,승용,여,46세,상해없음
2014091600100567,2014년 9월 16일 23시,화요일,충청남도 천안시 동남구 청당동,경상사고,0,0,2,0,차대차 - 추돌 - 진행중,기타,건조,맑음,단일로 - 기타,승용,남,29세,기타불명,승용,여,47세,경상
2014091700100010,2014년 9월 17일 00시,수요일,충청남도 천안시 동남구 원성동,중상사고,0,1,2,0,차대차 - 측면직각충돌,신호위반,건조,맑음,교차로 - 교차로안,특수,남,27세,상해없음,특수,남,53세,중상
2014091700100453,2014년 9월 17일 18시,수요일,충청남도 천안시 서북구 쌍용동,경상사고,0,0,4,0,차대차 - 추돌 - 주정차중,안전운전불이행,건조,맑음,교차로 - 교차로부근,승용,남,40세,상해없음,승용,남,23세,상해없음
2014091700100454,2014년 9월 17일 18시,수요일,충청남도 천안시 서북구 두정동,중상사고,0,1,0,0,차대차 - 기타,안전운전불이행,건조,맑음,단일로 - 기타,승용,여,46세,상해없음,원동기,남,17세,중상
2014091700100514,2014년 9월 17일 19시,수요일,충청남도 천안시 서북구 두정동,중상사고,0,1,0,0,차대차 - 기타,중앙선침범,건조,맑음,단일로 - 기타,화물,남,63세,상해없음,승용,여,57세,중상
2014091700100650,2014년 9월 17일 23시,수요일,충청남도 천안시 서북구 성환읍,경상사고,0,0,2,0,차대차 - 추돌 - 주정차중,안전운전불이행,건조,맑음,교차로 - 교차로부근,승용,남,43세,상해없음,승합,여,58세,경상
2014091800100040,2014년 9월 18일 02시,목요일,충청남도 천안시 서북구 성환읍,중상사고,0,2,0,0,차대차 - 기타,안전거리미확보,건조,맑음,기타 - 기타,승용,남,51세,중상,승용,남,34세,상해없음
2014091800100042,2014년 9월 18일 02시,목요일,충청남도 천안시 동남구 목천읍,경상사고,0,0,2,0,차대차 - 추돌 - 진행중,안전운전불이행,건조,맑음,단일로 - 기타,승용,남,52세,상해없음,승용,여,43세,경상
2014091800100247,2014년 9월 18일 12시,목요일,충청남도 천안시 서북구 두정동,경상사고,0,0,1,0,차대차 - 기타,안전운전불이행,건조,맑음,교차로 - 교차로부근,승용,남,50세,상해없음,승용,여,23세,경상
2014091800100305,2014년 9월 18일 14시,목요일,충청남도 천안시 서북구 쌍용동,경상사고,0,0,1,0,차대사람 - 횡단중,안전운전불이행,건조,맑음,단일로 - 기타,이륜,남,68세,상해없음,보행자,여,31세,경상
2014091800100306,2014년 9월 18일 14시,목요일,충청남도 천안시 서북구 쌍용동,경상사고,0,0,1,0,차대사람 - 횡단중,안전운전불이행,건조,맑음,단일로 - 기타,기타불명,기타불명,기타불명,기타불명,보행자,여,7세,경상
2014091800100384,2014년 9월 18일 16시,목요일,충청남도 천안시 동남구 원성동,경상사고,0,0,2,0,차대차 - 기타,안전운전불이행,건조,맑음,단일로 - 기타,승용,남,39세,경상,승용,남,53세,경상
2014091800100458,2014년 9월 18일 18시,목요일,충청남도 천안시 동남구 영성동,중상사고,0,1,0,0,차대차 - 기타,안전운전불이행,건조,맑음,단일로 - 기타,승용,남,39세,상해없음,이륜,여,62세,중상
2014091800100571,2014년 9월 18일 21시,목요일,충청남도 천안시 서북구 성환읍,경상사고,0,0,2,0,차대사람 - 기타,안전운전불이행,건조,맑음,단일로 - 기타,승용,남,31세,상해없음,보행자,남,17세,경상
2014091900100022,2014년 9월 19일 00시,금요일,충청남도 천안시 서북구 성정동,경상사고,0,0,3,0,차대차 - 기타,중앙선침범,건조,맑음,단일로 - 기타,승용,남,36세,상해없음,승용,남,35세,경상
2014091900100039,2014년 9월 19일 01시,금요일,충청남도 천안시 동남구 목천읍,경상사고,0,0,2,0,차대차 - 추돌 - 주정차중,안전운전불이행,건조,맑음,교차로 - 교차로안,승용,남,52세,상해없음,승용,남,43세,경상
2014091900100198,2014년 9월 19일 09시,금요일,충청남도 천안시 서북구 백석동,경상사고,0,0,1,0,차대차 - 측면직각충돌,신호위반,건조,맑음,교차로 - 교차로안,승용,여,33세,상해없음,승용,여,56세,경상
2014091900100285,2014년 9월 19일 12시,금요일,충청남도 천안시 서북구 성정동,경상사고,0,0,1,0,차대차 - 기타,안전운전불이행,건조,맑음,단일로 - 기타,원동기,남,43세,상해없음,승용,남,32세,경상
2014091900100319,2014년 9월 19일 13시,금요일,충청남도 천안시 동남구 목천읍,중상사고,0,1,0,0,차대차 - 측면직각충돌,신호위반,건조,맑음,교차로 - 교차로안,승용,남,53세,상해없음,화물,여,43세,중상
2014091900100417,2014년 9월 19일 16시,금요일,충청남도 천안시 동남구 광덕면,경상사고,0,0,1,0,차대차 - 추돌 - 진행중,안전거리미확보,건조,맑음,단일로 - 터널,승용,여,39세,상해없음,승용,남,31세,경상
2014091900100464,2014년 9월 19일 17시,금요일,충청남도 천안시 서북구 불당동,경상사고,0,0,2,0,차대차 - 추돌 - 주정차중,안전운전불이행,건조,맑음,단일로 - 기타,승용,남,24세,상해없음,승용,남,48세,상해없음
2014091900100562,2014년 9월 19일 19시,금요일,충청남도 천안시 서북구 성성동,경상사고,0,0,1,0,차대차 - 측면직각충돌,안전운전불이행,건조,맑음,단일로 - 기타,승용,남,47세,상해없음,승용,여,37세,경상
2014091900100611,2014년 9월 19일 20시,금요일,충청남도 천안시 서북구 입장면,경상사고,0,0,1,0,차대차 - 측면직각충돌,중앙선침범,건조,맑음,단일로 - 기타,화물,남,54세,상해없음,승용,여,28세,경상
2014091900100655,2014년 9월 19일 21시,금요일,충청남도 천안시 서북구 성정동,경상사고,0,0,1,0,차대차 - 기타,안전운전불이행,건조,맑음,교차로 - 교차로안,승용,남,41세,상해없음,승용,남,33세,경상
2014092000100210,2014년 9월 20일 09시,토요일,충청남도 천안시 서북구 성거읍,경상사고,0,0,3,0,차대차 - 기타,안전운전불이행,건조,맑음,단일로 - 기타,승용,남,53세,상해없음,승용,남,51세,상해없음
2014092000100267,2014년 9월 20일 11시,토요일,충청남도 천안시 서북구 직산읍,경상사고,0,0,1,0,차대차 - 추돌 - 진행중,안전운전불이행,건조,맑음,단일로 - 기타,승용,여,48세,상해없음,승용,여,46세,경상
2014092000100389,2014년 9월 20일 14시,토요일,충청남도 천안시 서북구 입장면,중상사고,0,1,0,0,차대차 - 측면직각충돌,신호위반,건조,맑음,교차로 - 교차로부근,화물,남,47세,상해없음,화물,남,27세,중상
2014092000100443,2014년 9월 20일 15시,토요일,충청남도 천안시 서북구 성거읍,중상사고,0,1,0,0,차대차 - 기타,교차로운행방법위반,건조,맑음,교차로 - 교차로안,승용,남,63세,상해없음,승용,여,48세,중상
2014092000100561,2014년 9월 20일 18시,토요일,충청남도 천안시 동남구 목천읍,경상사고,0,0,3,0,차대차 - 기타,안전거리미확보,건조,맑음,단일로 - 기타,승용,남,22세,상해없음,승합,남,49세,경상
2014092000100645,2014년 9월 20일 20시,토요일,충청남도 천안시 동남구 구성동,중상사고,0,1,0,0,차대사람 - 기타,안전운전불이행,건조,맑음,기타 - 기타,승용,남,28세,상해없음,보행자,여,72세,중상
2014092000100678,2014년 9월 20일 21시,토요일,충청남도 천안시 서북구 성거읍,중상사고,0,1,1,0,차대차 - 기타,신호위반,건조,맑음,교차로 - 교차로안,화물,남,33세,경상,화물,남,39세,중상
2014092000100680,2014년 9월 20일 21시,토요일,충청남도 천안시 동남구 신방동,경상사고,0,0,2,0,차대차 - 기타,안전운전불이행,건조,맑음,교차로 - 교차로부근,승용,남,39세,상해없음,승용,여,34세,경상
2014092100100131,2014년 9월 21일 08시,일요일,충청남도 천안시 서북구 업성동,중상사고,0,1,1,0,차대차 - 측면직각충돌,안전운전불이행,건조,맑음,교차로 - 교차로안,승용,남,26세,상해없음,승용,남,61세,경상
2014092100100170,2014년 9월 21일 10시,일요일,충청남도 천안시 서북구 성환읍,경상사고,0,0,1,0,차대사람 - 기타,안전운전불이행,건조,맑음,단일로 - 기타,화물,남,52세,상해없음,보행자,남,34세,경상
2014092100100234,2014년 9월 21일 13시,일요일,충청남도 천안시 서북구 두정동,경상사고,0,0,3,0,차대차 - 기타,중앙선침범,건조,맑음,단일로 - 기타,승용,남,71세,상해없음,승합,남,48세,경상
2014092100100285,2014년 9월 21일 14시,일요일,충청남도 천안시 서북구 입장면,사망사고,1,0,0,0,차량단독 - 도로외이탈 - 추락,안전운전불이행,건조,맑음,단일로 - 기타,이륜,남,30세,사망,,,,
2014092100100397,2014년 9월 21일 18시,일요일,충청남도 천안시 동남구 사직동,중상사고,0,1,0,0,차대사람 - 기타,안전운전불이행,건조,맑음,단일로 - 기타,이륜,남,74세,상해없음,보행자,여,45세,중상
2014092100100478,2014년 9월 21일 20시,일요일,충청남도 천안시 동남구 신방동,경상사고,0,0,1,0,차대차 - 기타,안전운전불이행,건조,맑음,단일로 - 기타,화물,남,49세,상해없음,화물,남,41세,경상
2014092100100569,2014년 9월 21일 23시,일요일,충청남도 천안시 서북구 쌍용동,경상사고,0,0,2,0,차대차 - 기타,신호위반,건조,맑음,교차로 - 교차로안,승용,남,63세,상해없음,승용,남,59세,경상
2014092200100020,2014년 9월 22일 03시,월요일,충청남도 천안시 서북구 성정동,경상사고,0,0,3,0,차대차 - 측면직각충돌,신호위반,건조,맑음,교차로 - 교차로안,승용,남,30세,상해없음,승용,남,30세,경상
2014092200100076,2014년 9월 22일 07시,월요일,충청남도 천안시 동남구 원성동,중상사고,0,1,1,0,차대차 - 기타,안전운전불이행,건조,맑음,단일로 - 기타,승용,여,47세,중상,승용,남,52세,상해없음
2014092200100119,2014년 9월 22일 08시,월요일,충청남도 천안시 서북구 쌍용동,경상사고,0,0,1,0,차대차 - 기타,신호위반,건조,맑음,교차로 - 교차로안,승용,여,26세,상해없음,승용,남,52세,경상
2014092200100120,2014년 9월 22일 08시,월요일,충청남도 천안시 서북구 성거읍,경상사고,0,0,1,0,차대차 - 기타,안전운전불이행,건조,맑음,단일로 - 기타,승용,남,22세,기타불명,승용,남,49세,경상
2014092200100244,2014년 9월 22일 12시,월요일,충청남도 천안시 동남구 신방동,사망사고,1,0,0,0,차대차 - 추돌 - 진행중,안전운전불이행,건조,맑음,교차로 - 교차로안,화물,남,48세,상해없음,원동기,남,67세,사망
2014092200100353,2014년 9월 22일 15시,월요일,충청남도 천안시 서북구 성환읍,경상사고,0,0,1,0,차대차 - 추돌 - 진행중,안전운전불이행,건조,맑음,단일로 - 기타,원동기,남,71세,상해없음,원동기,남,90세,경상
2014092200100431,2014년 9월 22일 17시,월요일,충청남도 천안시 동남구 다가동,중상사고,0,1,0,0,차대차 - 측면직각충돌,신호위반,건조,맑음,교차로 - 교차로안,화물,남,22세,상해없음,승용,여,43세,중상
2014092200100520,2014년 9월 22일 19시,월요일,충청남도 천안시 동남구 다가동,중상사고,0,1,1,0,차대차 - 측면직각충돌,안전운전불이행,건조,맑음,단일로 - 기타,화물,남,32세,상해없음,화물,남,58세,경상
2014092200100564,2014년 9월 22일 20시,월요일,충청남도 천안시 동남구 신방동,경상사고,0,0,1,0,차대차 - 측면직각충돌,신호위반,건조,맑음,교차로 - 교차로안,승용,여,43세,상해없음,승용,여,54세,경상
2014092200100613,2014년 9월 22일 22시,월요일,충청남도 천안시 서북구 성환읍,경상사고,0,0,2,0,차대차 - 기타,안전운전불이행,건조,맑음,단일로 - 기타,기타불명,기타불명,기타불명,기타불명,승용,남,23세,경상
2014092200100614,2014년 9월 22일 22시,월요일,충청남도 천안시 동남구 신방동,경상사고,0,0,1,0,차대차 - 측면직각충돌,신호위반,건조,맑음,교차로 - 교차로안,승용,남,54세,상해없음,승용,여,53세,경상
2014092300100047,2014년 9월 23일 02시,화요일,충청남도 천안시 서북구 성정동,중상사고,0,2,0,0,차대차 - 측면직각충돌,안전운전불이행,건조,맑음,교차로 - 교차로안,승용,남,28세,중상,승용,남,26세,중상
2014092300100058,2014년 9월 23일 03시,화요일,충청남도 천안시 서북구 두정동,경상사고,0,0,1,0,차대사람 - 기타,안전운전불이행,건조,맑음,단일로 - 기타,기타불명,기타불명,기타불명,기타불명,보행자,남,27세,경상
2014092300100077,2014년 9월 23일 05시,화요일,충청남도 천안시 서북구 성정동,경상사고,0,0,1,0,차대사람 - 횡단중,보행자보호의무위반,건조,맑음,교차로 - 교차로부근,승용,남,51세,상해없음,보행자,남,77세,경상
2014092300100088,2014년 9월 23일 06시,화요일,충청남도 천안시 서북구 쌍용동,경상사고,0,0,1,0,차대차 - 기타,안전운전불이행,건조,맑음,교차로 - 교차로부근,승용,남,32세,상해없음,승용,여,33세,경상
2014092300100089,2014년 9월 23일 06시,화요일,충청남도 천안시 동남구 목천읍,사망사고,2,1,0,0,차대차 - 정면충돌,신호위반,건조,맑음,교차로 - 교차로안,승합,남,53세,중상,승합,남,69세,사망