사고번호,사고일시,요일,시군구,사고내용,사망자수,중상자수,경상자수,부상신고자수,사고유형,법규위반,노면상태,기상상태,도로형태,가해운전자 차종,가해운전자 성별,가해운전자 연령,가해운전자 상해정도,피해운전자 차종,피해운전자 성별,피해운전자 연령,피해운전자 상해정도
2014101000100152,2014년 10월 10일 08시,금요일,충청남도 천안시 서북구 성정동,경상사고,0,0,1,0,차대차 - 추돌 - 주정차중,안전거리미확보,건조,맑음,교차로 - 교차로부근,승합,남,46세,상해없음,승용,여,47세,경상
2014101000100191,2014년 10월 10일 09시,금요일,충청남도 천안시 서북구 직산읍,중상사고,0,1,0,0,차대사람 - 보도통행중,신호위반,건조,맑음,단일로 - 횡단보도상,승합,남,52세,상해없음,보행자,여,46세,중상
2014101000100329,2014년 10월 10일 13시,금요일,충청남도 천안시 서북구 두정동,경상사고,0,0,1,0,차대사람 - 횡단중,안전운전불이행,건조,맑음,단일로 - 기타,승용,여,51세,상해없음,보행자,여,30세,경상
2014101000100600,2014년 10월 10일 19시,금요일,충청남도 천안시 동남구 신방동,중상사고,0,1,0,0,차대차 - 기타,교차로운행방법위반,건조,맑음,교차로 - 교차로안,승용,남,49세,상해없음,원동기,남,36세,중상
2014101100100057,2014년 10월 11일 03시,토요일,충청남도 천안시 서북구 입장면,사망사고,1,0,0,0,차대차 - 측면직각충돌,신호위반,건조,맑음,교차로 - 교차로안,승용,남,29세,사망,화물,남,53세,상해없음
2014101100100099,2014년 10월 11일 06시,토요일,충청남도 천안시 서북구 두정동,경상사고,0,0,5,0,차대차 - 측면직각충돌,신호위반,건조,맑음,교차로 - 교차로안,승용,남,26세,상해없음,승용,남,56세,경상
2014101100100132,2014년 10월 11일 08시,토요일,충청남도 천안시 서북구 두정동,경상사고,0,0,1,0,차대차 - 측면직각충돌,신호위반,건조,맑음,교차로 - 교차로안,승용,남,39세,상해없음,승용,남,42세,경상
2014101100100222,2014년 10월 11일 11시,토요일,충청남도 천안시 서북구 쌍용동,경상사고,0,0,1,0,차대차 - 기타,안전운전불이행,건조,맑음,기타 - 기타,승용,남,34세,상해없음,승용,남,47세,경상
2014101100100264,2014년 10월 11일 12시,토요일,충청남도 천안시 서북구 두정동,경상사고,0,0,3,0,차대차 - 기타,중앙선침범,건조,맑음,기타 - 기타,승용,남,24세,상해없음,승용,남,33세,경상
2014101100100293,2014년 10월 11일 13시,토요일,충청남도 천안시 서북구 성정동,경상사고,0,0,2,0,차대차 - 측면직각충돌,안전운전불이행,건조,맑음,단일로 - 기타,승용,남,33세,상해없음,승용,남,32세,경상
2014101100100374,2014년 10월 11일 15시,토요일,충청남도 천안시 서북구 성정동,경상사고,0,0,2,0,차대차 - 기타,안전운전불이행,건조,맑음,교차로 - 교차로안,승용,남,46세,상해없음,승용,남,27세,경상
2014101100100509,2014년 10월 11일 18시,토요일,충청남도 천안시 동남구 구성동,중상사고,0,1,0,0,차대차 - 추돌 - 주정차중,안전운전불이행,건조,맑음,교차로 - 교차로부근,화물,남,56세,상해없음,화물,남,58세,중상
2014101100100589,2014년 10월 11일 20시,토요일,충청남도 천안시 서북구 직산읍,경상사고,0,0,1,0,차대차 - 추돌 - 주정차중,안전운전불이행,건조,맑음,단일로 - 기타,승용,남,46세,상해없음,승용,남,26세,상해없음
2014101100100655,2014년 10월 11일 22시,토요일,충청남도 천안시 동남구 풍세면,경상사고,0,0,2,0,차대차 - 추돌 - 주정차중,안전운전불이행,건조,맑음,단일로 - 기타,승용,남,63세,상해없음,승용,남,36세,경상
2014101200100259,2014년 10월 12일 14시,일요일,충청남도 천안시 서북구 성환읍,경상사고,0,0,2,0,차대차 - 추돌 - 주정차중,안전운전불이행,건조,맑음,교차로 - 교차로부근,승용,남,33세,상해없음,승용,남,52세,경상
2014101200100322,2014년 10월 12일 16시,일요일,충청남도 천안시 동남구 사직동,경상사고,0,0,1,0,차대사람 - 차도통행중,안전운전불이행,건조,맑음,단일로 - 기타,승용,남,57세,상해없음,보행자,여,50세,경상
2014101200100361,2014년 10월 12일 17시,일요일,충청남도 천안시 서북구 백석동,경상사고,0,0,2,0,차대차 - 측면직각충돌,신호위반,건조,맑음,단일로 - 기타,승용,남,29세,상해없음,승용,남,25세,경상
2014101200100459,2014년 10월 12일 19시,일요일,충청남도 천안시 서북구 백석동,사망사고,1,0,0,2,차대차 - 정면충돌,신호위반,건조,맑음,교차로 - 교차로안,승용,여,32세,부상신고,승용,남,36세,사망
2014101200100575,2014년 10월 12일 22시,일요일,충청남도 천안시 동남구 신부동,사망사고,1,0,0,0,차대사람 - 차도통행중,안전운전불이행,건조,흐림,단일로 - 기타,승용,남,49세,상해없음,보행자,남,57세,사망
2014101300100509,2014년 10월 13일 17시,월요일,충청남도 천안시 서북구 쌍용동,중상사고,0,1,0,0,차대사람 - 기타,안전운전불이행,건조,맑음,단일로 - 기타,승합,남,46세,상해없음,보행자,남,52세,중상
2014101300100557,2014년 10월 13일 18시,월요일,충청남도 천안시 서북구 성정동,경상사고,0,0,1,0,차대차 - 기타,안전운전불이행,건조,맑음,단일로 - 기타,기타불명,기타불명,기타불명,기타불명,승용,여,32세,경상
2014101300100558,2014년 10월 13일 18시,월요일,충청남도 천안시 동남구 구성동,경상사고,0,0,1,0,차대차 - 기타,안전운전불이행,건조,맑음,교차로 - 교차로안,승용,여,60세,상해없음,자전거,남,59세,경상
2014101300100559,2014년 10월 13일 18시,월요일,충청남도 천안시 동남구 안서동,경상사고,0,0,1,0,차대차 - 기타,안전운전불이행,건조,맑음,단일로 - 기타,화물,남,54세,상해없음,이륜,남,16세,경상
2014101400100143,2014년 10월 14일 08시,화요일,충청남도 천안시 서북구 성성동,중상사고,0,1,3,0,차대차 - 추돌 - 진행중,안전거리미확보,건조,맑음,단일로 - 교량,승용,남,35세,경상,승용,남,34세,경상
2014101400100337,2014년 10월 14일 14시,화요일,충청남도 천안시 서북구 두정동,경상사고,0,0,2,0,차대차 - 측면직각충돌,신호위반,건조,맑음,교차로 - 교차로안,승용,남,36세,상해없음,승용,남,56세,경상
2014101400100338,2014년 10월 14일 14시,화요일,충청남도 천안시 동남구 목천읍,중상사고,0,2,0,0,차대차 - 정면충돌,중앙선침범,건조,맑음,교차로 - 교차로부근,건설기계,남,61세,상해없음,승용,남,49세,중상
2014101400100552,2014년 10월 14일 19시,화요일,충청남도 천안시 서북구 불당동,경상사고,0,0,1,0,차대차 - 기타,신호위반,건조,맑음,교차로 - 교차로부근,원동기,남,23세,상해없음,자전거,남,39세,경상
2014101400100591,2014년 10월 14일 20시,화요일,충청남도 천안시 서북구 백석동,경상사고,0,0,2,0,차대차 - 추돌 - 주정차중,안전운전불이행,건조,맑음,교차로 - 교차로부근,승용,남,44세,상해없음,승용,남,36세,경상
2014101400100594,2014년 10월 14일 20시,화요일,충청남도 천안시 동남구 다가동,중상사고,0,1,0,0,차대사람 - 기타,안전운전불이행,건조,맑음,단일로 - 기타,자전거,여,11세,상해없음,보행자,여,49세,중상
2014101400100646,2014년 10월 14일 22시,화요일,충청남도 천안시 동남구 신부동,경상사고,0,0,1,0,차대차 - 측면직각충돌,신호위반,건조,맑음,교차로 - 교차로안,승용,남,43세,상해없음,이륜,남,23세,경상
2014101500100029,2014년 10월 15일 01시,수요일,충청남도 천안시 동남구 원성동,경상사고,0,0,1,0,차대차 - 기타,안전운전불이행,건조,맑음,교차로 - 교차로부근,승용,남,42세,상해없음,승용,여,55세,경상
2014101500100199,2014년 10월 15일 10시,수요일,충청남도 천안시 동남구 영성동,중상사고,0,1,0,0,차대차 - 기타,교차로운행방법위반,건조,맑음,교차로 - 교차로안,승용,남,73세,상해없음,이륜,남,57세,중상
2014101500100316,2014년 10월 15일 14시,수요일,충청남도 천안시 서북구 두정동,경상사고,0,0,1,0,차대차 - 기타,안전운전불이행,건조,맑음,단일로 - 기타,승용,여,31세,상해없음,승용,여,48세,기타불명
2014101500100471,2014년 10월 15일 18시,수요일,충청남도 천안시 동남구 신방동,중상사고,0,1,0,0,차대사람 - 기타,안전운전불이행,건조,맑음,단일로 - 기타,승용,남,45세,상해없음,보행자,여,45세,중상
2014101500100531,2014년 10월 15일 19시,수요일,충청남도 천안시 서북구 성성동,경상사고,0,0,1,0,차대차 - 추돌 - 주정차중,안전운전불이행,건조,맑음,단일로 - 기타,화물,남,40세,상해없음,승용,남,52세,경상
2014101500100596,2014년 10월 15일 21시,수요일,충청남도 천안시 서북구 쌍용동,경상사고,0,0,1,0,차대차 - 추돌 - 주정차중,안전운전불이행,건조,맑음,교차로 - 교차로부근,화물,남,43세,기타불명,승용,남,35세,경상
2014101500100650,2014년 10월 15일 23시,수요일,충청남도 천안시 서북구 불당동,경상사고,0,0,1,0,차대차 - 추돌 - 주정차중,안전운전불이행,건조,맑음,단일로 - 기타,승용,남,36세,상해없음,승합,남,43세,경상
2014101600100099,2014년 10월 16일 06시,목요일,충청남도 천안시 서북구 성정동,경상사고,0,0,1,0,차대차 - 기타,교차로운행방법위반,건조,맑음,교차로 - 교차로안,화물,남,66세,상해없음,원동기,남,50세,경상
2014101600100314,2014년 10월 16일 13시,목요일,충청남도 천안시 동남구 목천읍,경상사고,0,0,1,0,차대차 - 추돌 - 주정차중,안전거리미확보,건조,맑음,교차로 - 교차로부근,승용,남,48세,상해없음,승용,여,56세,경상
2014101600100486,2014년 10월 16일 17시,목요일,충청남도 천안시 동남구 수신면,중상사고,0,1,0,0,차대차 - 기타,안전운전불이행,건조,맑음,단일로 - 기타,승합,남,51세,상해없음,농기계,남,70세,중상
2014101600100533,2014년 10월 16일 18시,목요일,충청남도 천안시 동남구 오룡동,경상사고,0,0,1,0,차대사람 - 기타,안전운전불이행,건조,맑음,교차로 - 교차로안,승용,남,72세,상해없음,보행자,여,75세,경상
2014101600100578,2014년 10월 16일 19시,목요일,충청남도 천안시 서북구 직산읍,중상사고,0,1,0,0,차대차 - 측면직각충돌,직진우회전진행방해,건조,맑음,교차로 - 교차로안,승용,남,31세,상해없음,원동기,남,33세,중상
2014101700100134,2014년 10월 17일 07시,금요일,충청남도 천안시 서북구 두정동,경상사고,0,0,1,0,차대차 - 기타,안전운전불이행,건조,맑음,교차로 - 교차로부근,승용,남,29세,상해없음,승용,남,38세,경상
2014101700100303,2014년 10월 17일 11시,금요일,충청남도 천안시 서북구 입장면,사망사고,1,0,0,0,차대사람 - 기타,안전운전불이행,건조,맑음,교차로 - 교차로부근,승용,남,51세,상해없음,보행자,여,77세,사망
2014101700100380,2014년 10월 17일 13시,금요일,충청남도 천안시 동남구 광덕면,중상사고,0,1,0,0,차대사람 - 기타,안전운전불이행,건조,맑음,단일로 - 기타,이륜,남,49세,상해없음,보행자,여,53세,중상
2014101700100483,2014년 10월 17일 16시,금요일,충청남도 천안시 동남구 신방동,사망사고,1,0,1,0,차대차 - 기타,신호위반,건조,맑음,교차로 - 교차로안,승용,여,61세,상해없음,승용,남,79세,사망
2014101700100714,2014년 10월 17일 20시,금요일,충청남도 천안시 동남구 신부동,경상사고,0,0,1,0,차대차 - 기타,안전운전불이행,건조,맑음,단일로 - 기타,승용,남,53세,상해없음,승용,남,43세,경상
2014101700100749,2014년 10월 17일 21시,금요일,충청남도 천안시 서북구 두정동,경상사고,0,0,1,0,차대차 - 기타,신호위반,건조,맑음,교차로 - 교차로안,이륜,남,54세,상해없음,승용,여,30세,경상
2014101700100788,2014년 10월 17일 22시,금요일,충청남도 천안시 동남구 원성동,경상사고,0,0,1,0,차대차 - 기타,중앙선침범,건조,맑음,단일로 - 기타,승용,남,41세,상해없음,승용,남,32세,경상
2014101700100817,2014년 10월 17일 23시,금요일,충청남도 천안시 서북구 두정동,경상사고,0,0,3,0,차대차 - 추돌 - 진행중,안전운전불이행,건조,맑음,교차로 - 교차로부근,승용,남,49세,상해없음,승용,남,55세,경상
2014101800100019,2014년 10월 18일 00시,토요일,충청남도 천안시 동남구 신방동,경상사고,0,0,1,0,차대사람 - 기타,안전운전불이행,건조,맑음,단일로 - 기타,화물,남,43세,상해없음,보행자,남,34세,경상
2014101800100131,2014년 10월 18일 07시,토요일,충청남도 천안시 동남구 목천읍,중상사고,0,4,5,0,차대차 - 기타,신호위반,건조,맑음,교차로 - 교차로안,승용,남,53세,중상,승합,남,55세,상해없음
2014101800100185,2014년 10월 18일 09시,토요일,충청남도 천안시 서북구 성거읍,경상사고,0,0,3,0,차대차 - 기타,안전운전불이행,건조,맑음,단일로 - 기타,승용,남,73세,상해없음,승용,남,27세,경상
2014101800100460,2014년 10월 18일 16시,토요일,충청남도 천안시 동남구 신방동,중상사고,0,1,3,0,차대차 - 기타,안전운전불이행,건조,맑음,교차로 - 교차로안,이륜,남,17세,중상,승용,남,48세,상해없음
2014101800100550,2014년 10월 18일 18시,토요일,충청남도 천안시 서북구 성정동,경상사고,0,0,1,0,차대사람 - 횡단중,안전운전불이행,건조,맑음,단일로 - 횡단보도상,기타불명,기타불명,기타불명,기타불명,보행자,남,15세,경상
2014101800100551,2014년 10월 18일 18시,토요일,충청남도 천안시 서북구 부대동,중상사고,0,1,0,0,차대차 - 기타,안전운전불이행,건조,맑음,교차로 - 교차로안,승용,남,54세,상해없음,승용,남,35세,상해없음
2014101800100552,2014년 10월 18일 18시,토요일,충청남도 천안시 동남구 원성동,경상사고,0,0,1,0,차대차 - 추돌 - 진행중,안전운전불이행,건조,맑음,단일로 - 기타,승합,여,60세,상해없음,승용,여,47세,상해없음
2014101800100644,2014년 10월 18일 20시,토요일,충청남도 천안시 동남구 안서동,경상사고,0,0,1,0,차대차 - 기타,안전운전불이행,건조,맑음,교차로 - 교차로부근,승용,여,43세,상해없음,승용,남,43세,경상
2014101800100749,2014년 10월 18일 23시,토요일,충청남도 천안시 서북구 두정동,경상사고,0,0,2,0,차대차 - 추돌 - 주정차중,안전운전불이행,건조,맑음,교차로 - 교차로부근,승용,남,24세,상해없음,승용,여,25세,상해없음
2014101900100041,2014년 10월 19일 01시,일요일,충청남도 천안시 서북구 두정동,경상사고,0,0,1,0,차대사람 - 횡단중,안전운전불이행,건조,맑음,교차로 - 교차로부근,승용,여,27세,기타불명,보행자,여,21세,경상
2014101900100067,2014년 10월 19일 03시,일요일,충청남도 천안시 동남구 청당동,사망사고,1,0,0,0,차량단독 - 전도전복,안전운전불이행,건조,맑음,단일로 - 기타,승용,남,26세,사망,,,,
2014101900100074,2014년 10월 19일 04시,일요일,충청남도 천안시 서북구 입장면,경상사고,0,0,1,0,차대사람 - 횡단중,안전운전불이행,건조,맑음,단일로 - 기타,승용,남,52세,상해없음,보행자,남,23세,경상
2014101900100215,2014년 10월 19일 11시,일요일,충청남도 천안시 서북구 신당동,경상사고,0,0,1,0,차대차 - 측면직각충돌,안전운전불이행,건조,맑음,단일로 - 기타,승용,여,47세,상해없음,승용,남,31세,경상
2014101900100216,2014년 10월 19일 11시,일요일,충청남도 천안시 서북구 직산읍,경상사고,0,0,1,0,차대차 - 추돌 - 진행중,안전운전불이행,건조,맑음,교차로 - 교차로부근,승용,여,54세,상해없음,승용,남,47세,경상
2014102000100203,2014년 10월 20일 09시,월요일,충청남도 천안시 서북구 두정동,경상사고,0,0,1,0,차대차 - 기타,안전운전불이행,습기,비,단일로 - 기타,승용,남,39세,상해없음,승용,남,32세,상해없음
2014102000100240,2014년 10월 20일 10시,월요일,충청남도 천안시 서북구 입장면,중상사고,0,1,0,0,차대차 - 기타,안전운전불이행,습기,비,기타 - 기타,화물,남,48세,상해없음,승용,남,52세,중상
2014102000100336,2014년 10월 20일 13시,월요일,충청남도 천안시 서북구 직산읍,경상사고,0,0,2,0,차대차 - 추돌 - 진행중,안전운전불이행,습기,비,기타 - 기타,승용,여,42세,상해없음,승용,남,32세,경상
2014102000100578,2014년 10월 20일 19시,월요일,충청남도 천안시 동남구 안서동,중상사고,0,4,0,0,차대차 - 추돌 - 주정차중,안전운전불이행,건조,맑음,교차로 - 교차로부근,승용,여,53세,상해없음,승용,여,49세,중상
2014102000100609,2014년 10월 20일 20시,월요일,충청남도 천안시 동남구 구성동,중상사고,0,1,0,0,차대사람 - 횡단중,안전운전불이행,습기,비,단일로 - 기타,승용,남,23세,상해없음,보행자,남,56세,중상
2014102100100282,2014년 10월 21일 13시,화요일,충청남도 천안시 서북구 성환읍,경상사고,0,0,1,0,차대차 - 추돌 - 주정차중,안전운전불이행,습기,비,교차로 - 교차로부근,승용,남,37세,상해없음,승용,여,55세,경상
2014102100100390,2014년 10월 21일 16시,화요일,충청남도 천안시 서북구 두정동,중상사고,0,1,0,0,차대사람 - 횡단중,보행자보호의무위반,습기,비,단일로 - 횡단보도상,승용,여,54세,상해없음,보행자,여,54세,중상
2014102100100485,2014년 10월 21일 18시,화요일,충청남도 천안시 서북구 백석동,경상사고,0,0,1,0,차대사람 - 기타,안전운전불이행,습기,비,단일로 - 기타,승용,남,54세,기타불명,보행자,남,53세,경상
2014102100100490,2014년 10월 21일 18시,화요일,충청남도 천안시 동남구 안서동,경상사고,0,0,1,0,차대사람 - 차도통행중,안전운전불이행,건조,맑음,교차로 - 교차로안,승용,여,23세,상해없음,보행자,여,21세,경상
2014102100100558,2014년 10월 21일 19시,화요일,충청남도 천안시 서북구 두정동,중상사고,0,1,0,0,차대차 - 기타,안전운전불이행,습기,비,단일로 - 기타,승용,남,35세,상해없음,원동기,남,24세,중상
2014102100100618,2014년 10월 21일 20시,화요일,충청남도 천안시 동남구 안서동,경상사고,0,0,1,0,차대차 - 추돌 - 주정차중,안전운전불이행,건조,맑음,기타 - 기타,승합,남,62세,상해없음,이륜,남,50세,경상
2014102100100665,2014년 10월 21일 21시,화요일,충청남도 천안시 서북구 두정동,중상사고,0,3,0,0,차대차 - 기타,중앙선침범,습기,비,단일로 - 기타,승용,남,30세,상해없음,승용,남,36세,중상
2014102100100721,2014년 10월 21일 22시,화요일,충청남도 천안시 동남구 원성동,경상사고,0,0,1,0,차대사람 - 기타,신호위반,습기,비,단일로 - 기타,승용,여,52세,상해없음,보행자,여,50세,경상
2014102200100051,2014년 10월 22일 02시,수요일,충청남도 천안시 서북구 쌍용동,중상사고,0,1,0,0,차대사람 - 횡단중,보행자보호의무위반,습기,비,단일로 - 기타,승용,남,51세,상해없음,보행자,남,38세,중상
2014102200100088,2014년 10월 22일 05시,수요일,충청남도 천안시 서북구 쌍용동,중상사고,0,1,0,0,차대사람 - 횡단중,신호위반,건조,맑음,단일로 - 횡단보도상,화물,남,41세,상해없음,보행자,여,63세,중상
2014102200100167,2014년 10월 22일 08시,수요일,충청남도 천안시 서북구 불당동,경상사고,0,0,2,0,차대차 - 추돌 - 주정차중,신호위반,건조,맑음,교차로 - 교차로부근,승용,남,41세,상해없음,승용,남,36세,경상
2014102200100223,2014년 10월 22일 10시,수요일,충청남도 천안시 서북구 백석동,경상사고,0,0,1,0,차대차 - 추돌 - 진행중,안전거리미확보,건조,맑음,교차로 - 교차로부근,화물,남,61세,상해없음,화물,남,43세,상해없음
2014102200100306,2014년 10월 22일 13시,수요일,충청남도 천안시 동남구 영성동,경상사고,0,0,1,0,차대사람 - 기타,안전운전불이행,건조,맑음,단일로 - 기타,승용,남,40세,상해없음,보행자,여,27세,경상
2014102200100686,2014년 10월 22일 23시,수요일,충청남도 천안시 서북구 쌍용동,경상사고,0,0,1,0,차대차 - 기타,안전운전불이행,건조,맑음,교차로 - 교차로부근,승용,남,39세,상해없음,승용,남,24세,경상
2014102300100086,2014년 10월 23일 07시,목요일,충청남도 천안시 동남구 수신면,중상사고,0,1,0,0,차대차 - 측면직각충돌,안전운전불이행,건조,흐림,단일로 - 기타,승용,남,33세,기타불명,승용,남,54세,중상
2014102300100249,2014년 10월 23일 11시,목요일,충청남도 천안시 서북구 성거읍,경상사고,0,0,2,0,차대차 - 추돌 - 진행중,안전운전불이행,건조,맑음,단일로 - 기타,승합,남,57세,상해없음,승용,남,33세,경상
2014102300100250,2014년 10월 23일 11시,목요일,충청남도 천안시 서북구 입장면,중상사고,0,2,0,0,차대차 - 추돌 - 진행중,안전운전불이행,건조,맑음,단일로 - 기타,승용,남,31세,상해없음,화물,남,55세,중상
2014102300100475,2014년 10월 23일 17시,목요일,충청남도 천안시 서북구 쌍용동,중상사고,0,1,0,0,차대차 - 기타,안전운전불이행,건조,맑음,교차로 - 교차로부근,승용,남,43세,상해없음,원동기,남,21세,중상
2014102300100571,2014년 10월 23일 19시,목요일,충청남도 천안시 동남구 원성동,경상사고,0,0,1,0,차대차 - 측면직각충돌,직진우회전진행방해,건조,맑음,교차로 - 교차로안,승용,여,27세,상해없음,이륜,남,24세,경상
2014102400100013,2014년 10월 24일 00시,금요일,충청남도 천안시 서북구 두정동,경상사고,0,0,1,0,차대차 - 측면직각충돌,신호위반,건조,맑음,교차로 - 교차로안,승용,남,36세,상해없음,승용,남,61세,경상
2014102400100031,2014년 10월 24일 01시,금요일,충청남도 천안시 서북구 쌍용동,중상사고,0,1,3,0,차대차 - 기타,안전운전불이행,건조,맑음,교차로 - 교차로안,승용,남,40세,상해없음,승용,남,18세,경상
2014102400100106,2014년 10월 24일 07시,금요일,충청남도 천안시 동남구 원성동,경상사고,0,0,1,0,차대차 - 추돌 - 주정차중,안전운전불이행,건조,맑음,단일로 - 기타,승합,남,40세,상해없음,승용,여,46세,경상
2014102400100184,2014년 10월 24일 09시,금요일,충청남도 천안시 서북구 직산읍,중상사고,0,1,0,0,차대사람 - 기타,보행자보호의무위반,건조,맑음,단일로 - 기타,화물,남,54세,상해없음,보행자,남,70세,중상
2014102400100218,2014년 10월 24일 10시,금요일,충청남도 천안시 서북구 쌍용동,경상사고,0,0,1,0,차대차 - 기타,안전운전불이행,건조,맑음,교차로 - 교차로부근,승용,남,67세,상해없음,승용,남,40세,경상
2014102400100219,2014년 10월 24일 10시,금요일,충청남도 천안시 서북구 성거읍,중상사고,0,1,0,0,차대사람 - 기타,안전운전불이행,건조,맑음,기타 - 기타,건설기계,남,38세,기타불명,보행자,남,48세,중상
2014102400100286,2014년 10월 24일 12시,금요일,충청남도 천안시 서북구 성정동,경상사고,0,0,1,0,차대차 - 기타,안전운전불이행,건조,맑음,교차로 - 교차로부근,승용,남,31세,상해없음,원동기,남,46세,경상
2014102400100287,2014년 10월 24일 12시,금요일,충청남도 천안시 동남구 신부동,경상사고,0,0,2,0,차대차 - 추돌 - 진행중,안전운전불이행,건조,맑음,단일로 - 기타,승용,기타불명,기타불명,기타불명,승용,여,50세,경상
2014102400100341,2014년 10월 24일 14시,금요일,충청남도 천안시 동남구 신방동,중상사고,0,1,0,0,차대사람 - 기타,안전운전불이행,건조,맑음,단일로 - 기타,화물,남,48세,상해없음,보행자,여,70세,중상
2014102400100418,2014년 10월 24일 16시,금요일,충청남도 천안시 서북구 두정동,경상사고,0,0,1,0,차대차 - 기타,안전운전불이행,건조,맑음,단일로 - 횡단보도상,원동기,여,43세,상해없음,승용,여,34세,경상
2014102400100421,2014년 10월 24일 16시,금요일,충청남도 천안시 동남구 청당동,중상사고,0,1,0,0,차대차 - 기타,안전운전불이행,건조,맑음,단일로 - 기타,승용,남,38세,상해없음,이륜,여,58세,중상
2014102400100450,2014년 10월 24일 17시,금요일,충청남도 천안시 동남구 신방동,중상사고,0,1,0,0,차대차 - 기타,교차로운행방법위반,건조,맑음,교차로 - 교차로안,승용,남,33세,상해없음,이륜,남,32세,중상
2014102400100507,2014년 10월 24일 18시,금요일,충청남도 천안시 동남구 북면,경상사고,0,0,2,0,차대차 - 기타,교차로운행방법위반,건조,맑음,교차로 - 교차로안,승용,남,68세,상해없음,화물,남,40세,경상
2014102400100631,2014년 10월 24일 21시,금요일,충청남도 천안시 서북구 성환읍,경상사고,0,0,4,0,차대차 - 측면직각충돌,교차로운행방법위반,건조,맑음,교차로 - 교차로안,승용,남,48세,상해없음,승합,여,56세,경상
2014102400100659,2014년 10월 24일 22시,금요일,충청남도 천안시 서북구 성거읍,경상사고,0,0,5,0,차대차 - 추돌 - 주정차중,안전운전불이행,건조,맑음,교차로 - 교차로부근,승용,남,54세,상해없음,승용,여,19세,경상
2014102500100052,2014년 10월 25일 02시,토요일,충청남도 천안시 서북구 신당동,경상사고,0,0,1,0,차대차 - 추돌 - 진행중,안전운전불이행,건조,맑음,단일로 - 기타,승용,남,24세,상해없음,이륜,남,30세,경상
2014102500100114,2014년 10월 25일 06시,토요일,충청남도 천안시 서북구 성정동,중상사고,0,1,1,0,차대차 - 기타,신호위반,건조,맑음,교차로 - 교차로안,승용,남,41세,중상,승용,남,51세,경상
2014102500100252,2014년 10월 25일 11시,토요일,충청남도 천안시 서북구 백석동,중상사고,0,2,0,0,차대차 - 측면직각충돌,신호위반,건조,맑음,교차로 - 교차로안,승용,남,36세,중상,승용,여,55세,중상
2014102500100289,2014년 10월 25일 12시,토요일,충청남도 천안시 서북구 입장면,중상사고,0,1,2,0,차대차 - 측면직각충돌,안전운전불이행,건조,맑음,단일로 - 기타,승용,남,32세,상해없음,승합,남,54세,상해없음
2014102500100627,2014년 10월 25일 20시,토요일,충청남도 천안시 서북구 두정동,경상사고,0,0,1,0,차대차 - 측면직각충돌,신호위반,건조,맑음,교차로 - 교차로안,이륜,남,38세,상해없음,승용,남,58세,상해없음
2014102500100628,2014년 10월 25일 20시,토요일,충청남도 천안시 서북구 업성동,경상사고,0,0,2,0,차대차 - 추돌 - 주정차중,안전운전불이행,건조,맑음,단일로 - 기타,승용,여,45세,상해없음,승용,남,29세,경상
2014102500100662,2014년 10월 25일 21시,토요일,충청남도 천안시 동남구 삼룡동,경상사고,0,0,8,0,차대차 - 추돌 - 주정차중,중앙선침범,건조,맑음,교차로 - 교차로안,승용,여,54세,상해없음,승용,여,44세,경상
2014102600100075,2014년 10월 26일 05시,일요일,충청남도 천안시 서북구 불당동,사망사고,1,0,0,0,차대사람 - 기타,안전운전불이행,건조,맑음,단일로 - 기타,승용,남,25세,상해없음,보행자,남,44세,사망
2014102600100092,2014년 10월 26일 06시,일요일,충청남도 천안시 동남구 신부동,사망사고,1,1,0,0,차대차 - 측면직각충돌,중앙선침범,건조,맑음,단일로 - 기타,승용,남,26세,사망,승합,남,33세,중상
2014102600100141,2014년 10월 26일 09시,일요일,충청남도 천안시 서북구 성환읍,경상사고,0,0,1,0,차대차 - 측면직각충돌,신호위반,건조,맑음,교차로 - 교차로안,승용,남,28세,상해없음,화물,남,60세,경상
2014102600100215,2014년 10월 26일 12시,일요일,충청남도 천안시 서북구 쌍용동,경상사고,0,0,1,0,차대사람 - 횡단중,보행자보호의무위반,건조,맑음,단일로 - 기타,승용,남,33세,상해없음,보행자,여,17세,경상
2014102600100334,2014년 10월 26일 16시,일요일,충청남도 천안시 동남구 동면,중상사고,0,2,0,0,차대차 - 기타,중앙선침범,건조,맑음,단일로 - 기타,승용,남,48세,상해없음,승용,남,45세,중상
2014102600100413,2014년 10월 26일 18시,일요일,충청남도 천안시 서북구 불당동,경상사고,0,0,1,0,차대차 - 기타,안전운전불이행,건조,맑음,교차로 - 교차로부근,승용,남,51세,상해없음,승용,여,33세,경상
2014102600100414,2014년 10월 26일 18시,일요일,충청남도 천안시 동남구 신부동,경상사고,0,0,3,0,차대차 - 기타,차로위반,건조,맑음,단일로 - 기타,승용,남,29세,상해없음,승용,남,31세,경상
2014102700100054,2014년 10월 27일 05시,월요일,충청남도 천안시 동남구 구성동,중상사고,0,1,0,0,차대사람 - 기타,안전운전불이행,건조,맑음,단일로 - 기타,승합,남,58세,상해없음,보행자,남,17세,중상