사고번호,사고일시,요일,시군구,사고내용,사망자수,중상자수,경상자수,부상신고자수,사고유형,법규위반,노면상태,기상상태,도로형태,가해운전자 차종,가해운전자 성별,가해운전자 연령,가해운전자 상해정도,피해운전자 차종,피해운전자 성별,피해운전자 연령,피해운전자 상해정도
2014102700100123,2014년 10월 27일 08시,월요일,충청남도 천안시 동남구 삼룡동,경상사고,0,0,1,0,차대차 - 기타,안전운전불이행,건조,맑음,교차로 - 교차로안,승용,남,65세,상해없음,승용,남,52세,경상
2014102700100638,2014년 10월 27일 21시,월요일,충청남도 천안시 서북구 직산읍,경상사고,0,0,1,0,차대차 - 기타,중앙선침범,건조,맑음,단일로 - 기타,승용,남,28세,상해없음,승용,남,43세,경상
2014102700100639,2014년 10월 27일 21시,월요일,충청남도 천안시 동남구 목천읍,경상사고,0,0,1,0,차대차 - 측면직각충돌,중앙선침범,건조,맑음,단일로 - 기타,승용,남,49세,상해없음,자전거,남,29세,경상
2014102700100687,2014년 10월 27일 23시,월요일,충청남도 천안시 서북구 성정동,경상사고,0,0,1,0,차대차 - 기타,안전운전불이행,건조,맑음,교차로 - 교차로부근,승용,남,21세,상해없음,승용,남,37세,경상
2014102800100085,2014년 10월 28일 07시,화요일,충청남도 천안시 서북구 백석동,경상사고,0,0,1,0,차대차 - 기타,교차로운행방법위반,건조,맑음,교차로 - 교차로안,승용,남,37세,상해없음,승용,여,52세,경상
2014102800100133,2014년 10월 28일 08시,화요일,충청남도 천안시 서북구 쌍용동,경상사고,0,0,1,0,차대사람 - 기타,안전운전불이행,건조,맑음,단일로 - 기타,승용,여,36세,상해없음,보행자,여,54세,경상
2014102800100134,2014년 10월 28일 08시,화요일,충청남도 천안시 서북구 성정동,경상사고,0,0,1,0,차대사람 - 횡단중,보행자보호의무위반,건조,맑음,단일로 - 횡단보도상,승용,여,48세,상해없음,보행자,남,7세,경상
2014102800100212,2014년 10월 28일 10시,화요일,충청남도 천안시 동남구 성남면,경상사고,0,0,1,0,차대차 - 기타,안전운전불이행,건조,맑음,교차로 - 교차로안,승용,남,57세,상해없음,이륜,남,34세,경상
2014102800100334,2014년 10월 28일 14시,화요일,충청남도 천안시 서북구 쌍용동,경상사고,0,0,1,0,차대사람 - 횡단중,안전운전불이행,건조,맑음,단일로 - 기타,승용,남,39세,상해없음,보행자,여,66세,경상
2014102800100630,2014년 10월 28일 21시,화요일,충청남도 천안시 서북구 백석동,경상사고,0,0,1,0,차대차 - 추돌 - 진행중,차로위반,건조,맑음,단일로 - 기타,승용,남,33세,상해없음,승용,남,33세,경상
2014102800100667,2014년 10월 28일 22시,화요일,충청남도 천안시 동남구 신부동,경상사고,0,0,1,0,차대차 - 기타,안전운전불이행,건조,맑음,단일로 - 기타,승용,남,49세,상해없음,이륜,남,53세,경상
2014102900100009,2014년 10월 29일 00시,수요일,충청남도 천안시 서북구 성정동,경상사고,0,0,1,0,차대차 - 추돌 - 진행중,안전운전불이행,건조,맑음,단일로 - 기타,승용,남,40세,상해없음,이륜,남,18세,경상
2014102900100071,2014년 10월 29일 06시,수요일,충청남도 천안시 동남구 신방동,중상사고,0,1,0,0,차대차 - 기타,중앙선침범,건조,맑음,교차로 - 교차로부근,승용,남,53세,상해없음,화물,남,50세,중상
2014102900100126,2014년 10월 29일 08시,수요일,충청남도 천안시 동남구 목천읍,경상사고,0,0,1,0,차대차 - 측면직각충돌,안전운전불이행,건조,맑음,단일로 - 기타,화물,남,57세,상해없음,승용,남,26세,경상
2014102900100304,2014년 10월 29일 14시,수요일,충청남도 천안시 서북구 성정동,경상사고,0,0,1,0,차대사람 - 기타,안전운전불이행,건조,맑음,단일로 - 기타,승용,여,34세,상해없음,보행자,여,21세,경상
2014102900100397,2014년 10월 29일 17시,수요일,충청남도 천안시 서북구 직산읍,중상사고,0,1,2,0,차대차 - 추돌 - 진행중,안전운전불이행,건조,맑음,단일로 - 기타,화물,남,59세,상해없음,화물,남,58세,경상
2014102900100456,2014년 10월 29일 18시,수요일,충청남도 천안시 동남구 성남면,경상사고,0,0,2,0,차대사람 - 기타,안전운전불이행,건조,맑음,단일로 - 기타,승용,여,37세,상해없음,보행자,여,55세,경상
2014102900100457,2014년 10월 29일 18시,수요일,충청남도 천안시 동남구 병천면,중상사고,0,1,0,0,차대차 - 추돌 - 주정차중,안전운전불이행,건조,맑음,단일로 - 기타,승용,남,61세,상해없음,화물,남,37세,중상
2014102900100519,2014년 10월 29일 19시,수요일,충청남도 천안시 동남구 병천면,경상사고,0,0,1,0,차대사람 - 횡단중,안전운전불이행,건조,맑음,단일로 - 기타,승용,남,45세,상해없음,보행자,여,62세,경상
2014102900100520,2014년 10월 29일 19시,수요일,충청남도 천안시 동남구 대흥동,중상사고,0,1,0,0,차대사람 - 기타,안전운전불이행,건조,맑음,단일로 - 기타,기타불명,기타불명,기타불명,기타불명,보행자,남,59세,중상
2014102900100578,2014년 10월 29일 21시,수요일,충청남도 천안시 서북구 두정동,경상사고,0,0,1,0,차대사람 - 기타,안전운전불이행,건조,맑음,단일로 - 기타,승용,남,33세,상해없음,보행자,남,30세,경상
2014103000100142,2014년 10월 30일 08시,목요일,충청남도 천안시 서북구 성성동,경상사고,0,0,1,0,차대차 - 기타,안전운전불이행,건조,맑음,교차로 - 교차로안,승합,남,56세,상해없음,승용,남,54세,경상
2014103000100178,2014년 10월 30일 09시,목요일,충청남도 천안시 동남구 원성동,경상사고,0,0,1,0,차대차 - 추돌 - 진행중,안전운전불이행,건조,맑음,교차로 - 교차로안,승용,남,61세,상해없음,승용,남,56세,경상
2014103000100413,2014년 10월 30일 17시,목요일,충청남도 천안시 서북구 성환읍,경상사고,0,0,6,0,차대차 - 측면직각충돌,신호위반,건조,맑음,교차로 - 교차로안,승합,기타불명,기타불명,기타불명,승용,여,34세,경상
2014103000100464,2014년 10월 30일 18시,목요일,충청남도 천안시 서북구 성거읍,경상사고,0,0,1,0,차대사람 - 기타,안전운전불이행,건조,맑음,교차로 - 교차로부근,승용,남,31세,상해없음,보행자,남,41세,경상
2014103000100467,2014년 10월 30일 18시,목요일,충청남도 천안시 동남구 목천읍,중상사고,0,1,1,0,차대차 - 추돌 - 주정차중,안전운전불이행,건조,맑음,교차로 - 교차로안,화물,남,45세,상해없음,승용,여,39세,경상
2014103000100622,2014년 10월 30일 22시,목요일,충청남도 천안시 동남구 목천읍,사망사고,1,0,0,0,차대사람 - 차도통행중,안전운전불이행,건조,맑음,단일로 - 기타,이륜,남,61세,상해없음,보행자,여,86세,사망
2014103100100112,2014년 10월 31일 07시,금요일,충청남도 천안시 서북구 쌍용동,경상사고,0,0,2,0,차대차 - 추돌 - 주정차중,안전운전불이행,건조,맑음,단일로 - 기타,승용,남,55세,상해없음,승용,남,33세,경상
2014103100100180,2014년 10월 31일 09시,금요일,충청남도 천안시 동남구 구성동,경상사고,0,0,1,0,차대차 - 측면직각충돌,안전운전불이행,습기,비,교차로 - 교차로부근,승용,남,67세,상해없음,승용,여,40세,경상
2014103100100481,2014년 10월 31일 18시,금요일,충청남도 천안시 서북구 신당동,경상사고,0,0,1,0,차대차 - 추돌 - 주정차중,안전운전불이행,습기,비,단일로 - 기타,승용,남,29세,상해없음,승용,남,32세,경상
2014103100100483,2014년 10월 31일 18시,금요일,충청남도 천안시 동남구 신방동,경상사고,0,0,1,0,차대차 - 추돌 - 진행중,안전운전불이행,습기,비,교차로 - 교차로안,승합,남,62세,상해없음,승용,여,55세,경상
2014103100100484,2014년 10월 31일 18시,금요일,충청남도 천안시 동남구 대흥동,중상사고,0,1,0,0,차대사람 - 횡단중,안전운전불이행,습기,비,단일로 - 기타,승용,남,24세,상해없음,보행자,남,55세,중상
2014103100100485,2014년 10월 31일 18시,금요일,충청남도 천안시 동남구 목천읍,경상사고,0,0,1,0,차대차 - 추돌 - 진행중,안전운전불이행,건조,맑음,단일로 - 기타,승용,남,39세,상해없음,승용,여,51세,경상
2014103100100567,2014년 10월 31일 19시,금요일,충청남도 천안시 서북구 두정동,중상사고,0,1,0,0,차대사람 - 보도통행중,보행자보호의무위반,습기,비,교차로 - 교차로안,승용,여,40세,상해없음,보행자,여,25세,중상
2014103100100688,2014년 10월 31일 21시,금요일,충청남도 천안시 서북구 쌍용동,중상사고,0,1,2,0,차대차 - 추돌 - 주정차중,안전운전불이행,건조,맑음,단일로 - 기타,승용,남,49세,상해없음,승용,남,58세,중상
2014103100100689,2014년 10월 31일 21시,금요일,충청남도 천안시 서북구 직산읍,경상사고,0,0,2,0,차대차 - 기타,안전운전불이행,습기,비,교차로 - 교차로부근,승용,남,45세,상해없음,승용,여,51세,상해없음
2014103100100733,2014년 10월 31일 22시,금요일,충청남도 천안시 서북구 성환읍,중상사고,0,2,0,0,차대사람 - 기타,안전운전불이행,습기,비,교차로 - 교차로부근,승용,여,43세,상해없음,보행자,여,54세,중상
2014103100100778,2014년 10월 31일 23시,금요일,충청남도 천안시 서북구 두정동,경상사고,0,0,1,0,차대사람 - 기타,안전운전불이행,건조,맑음,단일로 - 기타,승용,남,26세,상해없음,보행자,남,29세,경상
2014110100100189,2014년 11월 1일 08시,토요일,충청남도 천안시 서북구 성환읍,중상사고,0,1,0,0,차대차 - 측면직각충돌,교차로운행방법위반,습기,비,교차로 - 교차로안,승용,남,39세,상해없음,이륜,남,74세,중상
2014110100100342,2014년 11월 1일 13시,토요일,충청남도 천안시 동남구 영성동,중상사고,0,1,1,0,차대사람 - 기타,안전운전불이행,건조,맑음,단일로 - 기타,승용,남,77세,상해없음,보행자,여,82세,중상
2014110100100406,2014년 11월 1일 15시,토요일,충청남도 천안시 서북구 두정동,경상사고,0,0,1,0,차대차 - 측면직각충돌,직진우회전진행방해,건조,맑음,교차로 - 교차로안,화물,남,22세,상해없음,승용,여,27세,경상
2014110100100433,2014년 11월 1일 16시,토요일,충청남도 천안시 동남구 광덕면,경상사고,0,0,2,0,차대차 - 추돌 - 주정차중,안전운전불이행,건조,맑음,교차로 - 교차로부근,화물,남,70세,상해없음,승용,남,30세,경상
2014110100100468,2014년 11월 1일 17시,토요일,충청남도 천안시 동남구 신방동,경상사고,0,0,1,0,차대차 - 측면직각충돌,교차로운행방법위반,건조,맑음,교차로 - 교차로안,승용,여,28세,상해없음,승용,남,48세,상해없음
2014110100100617,2014년 11월 1일 20시,토요일,충청남도 천안시 동남구 청당동,경상사고,0,0,1,0,차대차 - 측면직각충돌,신호위반,건조,맑음,교차로 - 교차로안,승용,여,63세,상해없음,승용,여,38세,경상
2014110200100058,2014년 11월 2일 02시,일요일,충청남도 천안시 서북구 성정동,경상사고,0,0,2,0,차대차 - 기타,신호위반,건조,맑음,교차로 - 교차로안,승용,여,27세,상해없음,승용,남,45세,경상
2014110200100084,2014년 11월 2일 04시,일요일,충청남도 천안시 서북구 쌍용동,경상사고,0,0,1,0,차대차 - 기타,안전운전불이행,습기,비,교차로 - 교차로부근,승용,남,22세,상해없음,승용,여,33세,경상
2014110200100426,2014년 11월 2일 18시,일요일,충청남도 천안시 동남구 북면,사망사고,1,0,0,0,차대차 - 기타,안전운전불이행,건조,맑음,단일로 - 기타,화물,남,60세,상해없음,이륜,남,54세,사망
2014110200100514,2014년 11월 2일 20시,일요일,충청남도 천안시 서북구 성거읍,경상사고,0,0,2,0,차대차 - 측면직각충돌,안전거리미확보,건조,맑음,단일로 - 기타,승용,기타불명,기타불명,기타불명,승용,남,35세,경상
2014110200100541,2014년 11월 2일 21시,일요일,충청남도 천안시 서북구 불당동,중상사고,0,1,0,0,차대사람 - 횡단중,안전운전불이행,건조,맑음,단일로 - 기타,승용,남,61세,상해없음,보행자,남,38세,중상
2014110300100032,2014년 11월 3일 03시,월요일,충청남도 천안시 서북구 업성동,중상사고,0,2,1,0,차대차 - 측면직각충돌,신호위반,건조,맑음,교차로 - 교차로안,승용,여,28세,상해없음,화물,남,62세,경상
2014110300100044,2014년 11월 3일 05시,월요일,충청남도 천안시 서북구 업성동,경상사고,0,0,2,0,차대차 - 추돌 - 주정차중,안전운전불이행,건조,맑음,교차로 - 교차로부근,화물,남,47세,상해없음,화물,남,69세,경상
2014110300100221,2014년 11월 3일 11시,월요일,충청남도 천안시 동남구 원성동,중상사고,0,1,1,0,차대차 - 기타,안전운전불이행,건조,맑음,교차로 - 교차로부근,화물,남,63세,상해없음,승합,남,54세,상해없음
2014110300100314,2014년 11월 3일 14시,월요일,충청남도 천안시 동남구 신방동,중상사고,0,2,1,0,차대차 - 추돌 - 주정차중,안전운전불이행,건조,맑음,단일로 - 기타,화물,남,46세,기타불명,승용,남,28세,중상
2014110300100538,2014년 11월 3일 19시,월요일,충청남도 천안시 서북구 두정동,경상사고,0,0,1,0,차대차 - 기타,신호위반,건조,맑음,교차로 - 교차로안,승용,여,50세,상해없음,승용,남,50세,경상
2014110300100661,2014년 11월 3일 23시,월요일,충청남도 천안시 서북구 두정동,중상사고,0,2,0,0,차대사람 - 횡단중,안전운전불이행,건조,맑음,단일로 - 기타,승용,남,55세,상해없음,보행자,남,57세,중상
2014110400100060,2014년 11월 4일 06시,화요일,충청남도 천안시 서북구 성정동,경상사고,0,0,1,0,차대차 - 측면직각충돌,안전운전불이행,건조,맑음,교차로 - 교차로안,승용,남,30세,상해없음,화물,남,48세,경상
2014110400100061,2014년 11월 4일 06시,화요일,충청남도 천안시 동남구 봉명동,경상사고,0,0,2,0,차대차 - 추돌 - 주정차중,안전운전불이행,건조,맑음,단일로 - 기타,승용,남,53세,상해없음,승용,남,66세,경상
2014110400100087,2014년 11월 4일 07시,화요일,충청남도 천안시 서북구 성거읍,중상사고,0,1,0,0,차대차 - 추돌 - 진행중,안전운전불이행,건조,맑음,단일로 - 기타,승용,남,46세,상해없음,원동기,남,76세,중상
2014110400100088,2014년 11월 4일 07시,화요일,충청남도 천안시 서북구 성정동,경상사고,0,0,1,0,차대사람 - 보도통행중,안전운전불이행,건조,맑음,단일로 - 기타,승용,남,20세,상해없음,보행자,여,20세,경상
2014110400100091,2014년 11월 4일 07시,화요일,충청남도 천안시 동남구 대흥동,경상사고,0,0,1,0,차대사람 - 횡단중,안전운전불이행,건조,맑음,단일로 - 기타,승용,남,48세,상해없음,보행자,여,54세,경상
2014110400100145,2014년 11월 4일 08시,화요일,충청남도 천안시 서북구 성정동,경상사고,0,0,1,0,차대차 - 측면직각충돌,안전운전불이행,건조,맑음,단일로 - 기타,승용,남,29세,상해없음,승용,남,46세,상해없음
2014110400100146,2014년 11월 4일 08시,화요일,충청남도 천안시 서북구 두정동,경상사고,0,0,2,0,차대차 - 기타,안전운전불이행,건조,맑음,교차로 - 교차로부근,건설기계,남,58세,상해없음,승용,여,49세,경상
2014110400100255,2014년 11월 4일 11시,화요일,충청남도 천안시 동남구 신부동,경상사고,0,0,2,0,차대차 - 기타,안전운전불이행,건조,맑음,기타 - 기타,승용,여,59세,상해없음,승용,남,23세,경상
2014110400100326,2014년 11월 4일 13시,화요일,충청남도 천안시 동남구 북면,경상사고,0,0,2,0,차대차 - 기타,중앙선침범,습기,맑음,단일로 - 기타,화물,남,59세,상해없음,승합,남,58세,경상
2014110400100591,2014년 11월 4일 19시,화요일,충청남도 천안시 서북구 두정동,경상사고,0,0,1,0,차대차 - 기타,교차로운행방법위반,건조,맑음,교차로 - 교차로안,승합,여,32세,상해없음,승용,남,41세,경상
2014110400100593,2014년 11월 4일 19시,화요일,충청남도 천안시 동남구 안서동,중상사고,0,1,0,0,차대사람 - 기타,안전운전불이행,건조,맑음,단일로 - 기타,기타불명,기타불명,기타불명,기타불명,보행자,여,20세,중상
2014110400100659,2014년 11월 4일 21시,화요일,충청남도 천안시 서북구 쌍용동,경상사고,0,0,1,0,차대사람 - 기타,신호위반,건조,맑음,교차로 - 교차로안,이륜,남,17세,상해없음,보행자,여,47세,경상
2014110400100724,2014년 11월 4일 23시,화요일,충청남도 천안시 서북구 직산읍,경상사고,0,0,2,0,차대차 - 측면직각충돌,안전운전불이행,건조,맑음,교차로 - 교차로안,승용,남,49세,상해없음,승용,여,27세,경상
2014110500100073,2014년 11월 5일 05시,수요일,충청남도 천안시 서북구 성정동,중상사고,0,1,0,0,차대차 - 측면직각충돌,안전운전불이행,건조,맑음,단일로 - 기타,자전거,남,76세,중상,승용,남,51세,상해없음
2014110500100168,2014년 11월 5일 08시,수요일,충청남도 천안시 동남구 북면,중상사고,0,2,2,0,차대차 - 추돌 - 진행중,안전운전불이행,건조,맑음,단일로 - 기타,승용,여,42세,경상,화물,남,72세,상해없음
2014110500100642,2014년 11월 5일 20시,수요일,충청남도 천안시 동남구 구성동,경상사고,0,0,2,0,차대차 - 기타,안전운전불이행,건조,맑음,교차로 - 교차로안,승용,남,36세,상해없음,이륜,남,17세,경상
2014110500100680,2014년 11월 5일 21시,수요일,충청남도 천안시 동남구 구성동,경상사고,0,0,1,0,차대차 - 측면직각충돌,안전운전불이행,건조,맑음,단일로 - 기타,승합,남,52세,상해없음,승합,남,45세,상해없음
2014110600100127,2014년 11월 6일 08시,목요일,충청남도 천안시 서북구 성정동,경상사고,0,0,1,0,차대차 - 기타,중앙선침범,건조,맑음,교차로 - 교차로부근,승용,여,41세,상해없음,원동기,남,49세,경상
2014110600100402,2014년 11월 6일 17시,목요일,충청남도 천안시 서북구 두정동,경상사고,0,0,1,0,차대차 - 기타,안전운전불이행,건조,맑음,단일로 - 기타,화물,남,53세,기타불명,승용,남,34세,경상
2014110600100403,2014년 11월 6일 17시,목요일,충청남도 천안시 서북구 성정동,중상사고,0,1,0,0,차대차 - 추돌 - 주정차중,안전운전불이행,건조,맑음,단일로 - 기타,승용,여,55세,상해없음,승용,여,62세,중상
2014110600100551,2014년 11월 6일 20시,목요일,충청남도 천안시 서북구 성거읍,사망사고,1,0,0,0,차대사람 - 횡단중,안전운전불이행,건조,맑음,단일로 - 기타,승용,남,26세,상해없음,보행자,남,82세,사망
2014110600100585,2014년 11월 6일 21시,목요일,충청남도 천안시 서북구 성환읍,중상사고,0,1,0,0,차대차 - 기타,보행자보호의무위반,건조,맑음,단일로 - 횡단보도상,승용,남,57세,상해없음,승용,남,44세,기타불명
2014110600100613,2014년 11월 6일 22시,목요일,충청남도 천안시 서북구 두정동,경상사고,0,0,1,0,차대차 - 기타,안전운전불이행,건조,맑음,교차로 - 교차로안,승용,남,25세,기타불명,승용,남,24세,경상
2014110700100014,2014년 11월 7일 00시,금요일,충청남도 천안시 서북구 성거읍,중상사고,0,1,0,0,차대차 - 기타,안전운전불이행,건조,맑음,단일로 - 기타,화물,남,55세,상해없음,자전거,남,34세,중상
2014110700100063,2014년 11월 7일 03시,금요일,충청남도 천안시 서북구 백석동,중상사고,0,1,1,0,차대차 - 추돌 - 주정차중,안전거리미확보,건조,맑음,교차로 - 교차로부근,화물,남,30세,상해없음,화물,남,39세,경상
2014110700100172,2014년 11월 7일 08시,금요일,충청남도 천안시 서북구 차암동,경상사고,0,0,1,0,차대차 - 기타,안전운전불이행,건조,맑음,교차로 - 교차로부근,승용,남,36세,상해없음,승용,여,44세,경상
2014110700100356,2014년 11월 7일 14시,금요일,충청남도 천안시 서북구 성환읍,경상사고,0,0,1,0,차대차 - 기타,안전운전불이행,건조,맑음,교차로 - 교차로부근,승합,남,47세,상해없음,화물,여,52세,경상
2014110700100389,2014년 11월 7일 15시,금요일,충청남도 천안시 서북구 성정동,경상사고,0,0,1,0,차대차 - 기타,교차로운행방법위반,건조,맑음,교차로 - 교차로안,화물,남,40세,상해없음,화물,남,69세,경상
2014110700100417,2014년 11월 7일 16시,금요일,충청남도 천안시 서북구 성정동,경상사고,0,0,1,0,차대사람 - 기타,안전운전불이행,건조,맑음,기타 - 기타,승용,여,50세,상해없음,보행자,남,38세,경상
2014110700100459,2014년 11월 7일 17시,금요일,충청남도 천안시 서북구 두정동,경상사고,0,0,1,0,차대차 - 측면직각충돌,직진우회전진행방해,건조,맑음,교차로 - 교차로안,승용,남,49세,상해없음,승용,남,23세,경상
2014110700100524,2014년 11월 7일 18시,금요일,충청남도 천안시 동남구 북면,경상사고,0,0,1,0,차대사람 - 기타,안전운전불이행,건조,맑음,단일로 - 기타,화물,남,56세,기타불명,보행자,여,41세,경상
2014110700100589,2014년 11월 7일 19시,금요일,충청남도 천안시 동남구 목천읍,경상사고,0,0,1,0,차대차 - 추돌 - 주정차중,안전운전불이행,건조,맑음,단일로 - 기타,승용,남,61세,상해없음,승용,남,41세,경상
2014110700100638,2014년 11월 7일 20시,금요일,충청남도 천안시 서북구 두정동,경상사고,0,0,1,0,차대사람 - 기타,안전운전불이행,건조,맑음,단일로 - 기타,승용,남,19세,상해없음,보행자,남,41세,경상
2014110800100015,2014년 11월 8일 00시,토요일,충청남도 천안시 서북구 두정동,경상사고,0,0,1,0,차대사람 - 길가장자리구역통행중,안전운전불이행,건조,맑음,교차로 - 교차로부근,승용,남,26세,상해없음,보행자,남,27세,경상
2014110800100131,2014년 11월 8일 07시,토요일,충청남도 천안시 서북구 백석동,경상사고,0,0,1,0,차대차 - 추돌 - 주정차중,안전운전불이행,건조,맑음,교차로 - 교차로부근,승용,남,29세,상해없음,승용,남,34세,경상
2014110800100244,2014년 11월 8일 12시,토요일,충청남도 천안시 서북구 성정동,중상사고,0,2,0,0,차대차 - 기타,교차로운행방법위반,건조,맑음,교차로 - 교차로안,승용,남,49세,상해없음,승용,여,49세,중상
2014110800100245,2014년 11월 8일 12시,토요일,충청남도 천안시 동남구 신부동,경상사고,0,0,2,0,차대차 - 추돌 - 주정차중,안전운전불이행,건조,맑음,교차로 - 교차로안,승용,남,23세,기타불명,승용,남,41세,경상
2014110800100246,2014년 11월 8일 12시,토요일,충청남도 천안시 동남구 목천읍,경상사고,0,0,1,0,차대사람 - 보도통행중,안전운전불이행,건조,맑음,단일로 - 기타,화물,남,57세,상해없음,보행자,남,4세,경상
2014110800100406,2014년 11월 8일 17시,토요일,충청남도 천안시 서북구 두정동,경상사고,0,0,1,0,차대차 - 추돌 - 주정차중,안전운전불이행,건조,맑음,단일로 - 기타,화물,남,54세,상해없음,승용,남,42세,경상
2014110800100463,2014년 11월 8일 18시,토요일,충청남도 천안시 서북구 직산읍,경상사고,0,0,1,0,차대차 - 추돌 - 진행중,안전운전불이행,건조,맑음,단일로 - 기타,화물,남,52세,상해없음,승용,남,38세,경상
2014110800100464,2014년 11월 8일 18시,토요일,충청남도 천안시 서북구 쌍용동,경상사고,0,0,1,0,차대차 - 추돌 - 진행중,안전운전불이행,건조,맑음,단일로 - 기타,승용,남,31세,상해없음,승용,남,50세,경상
2014110800100511,2014년 11월 8일 19시,토요일,충청남도 천안시 서북구 직산읍,중상사고,0,1,0,0,차대사람 - 기타,안전운전불이행,건조,맑음,단일로 - 횡단보도상,승용,여,40세,상해없음,보행자,남,21세,중상
2014110800100546,2014년 11월 8일 20시,토요일,충청남도 천안시 동남구 구성동,경상사고,0,0,3,0,차대차 - 기타,안전운전불이행,건조,맑음,단일로 - 기타,승용,남,33세,상해없음,승용,남,48세,경상
2014110900100020,2014년 11월 9일 00시,일요일,충청남도 천안시 서북구 입장면,사망사고,1,0,0,0,차대차 - 기타,안전운전불이행,건조,맑음,미분류 - 미분류,승용,남,33세,기타불명,이륜,남,42세,사망
2014110900100059,2014년 11월 9일 02시,일요일,충청남도 천안시 서북구 쌍용동,경상사고,0,0,2,0,차대차 - 기타,안전운전불이행,건조,맑음,교차로 - 교차로안,승용,여,19세,경상,승용,남,74세,상해없음
2014110900100133,2014년 11월 9일 09시,일요일,충청남도 천안시 서북구 불당동,중상사고,0,1,0,0,차대사람 - 횡단중,신호위반,건조,맑음,교차로 - 교차로안,원동기,남,44세,상해없음,보행자,여,45세,중상
2014110900100261,2014년 11월 9일 14시,일요일,충청남도 천안시 동남구 신부동,경상사고,0,0,3,0,차대차 - 추돌 - 주정차중,안전운전불이행,건조,맑음,단일로 - 기타,승용,남,58세,상해없음,승용,여,55세,경상
2014110900100483,2014년 11월 9일 20시,일요일,충청남도 천안시 서북구 성거읍,경상사고,0,0,1,0,차대차 - 측면직각충돌,안전거리미확보,건조,맑음,단일로 - 기타,화물,남,50세,상해없음,승용,남,53세,경상
2014111000100073,2014년 11월 10일 07시,월요일,충청남도 천안시 동남구 용곡동,중상사고,0,1,0,0,차대차 - 추돌 - 진행중,안전운전불이행,건조,맑음,교차로 - 교차로안,승용,남,39세,상해없음,이륜,남,51세,중상
2014111000100214,2014년 11월 10일 11시,월요일,충청남도 천안시 서북구 불당동,경상사고,0,0,1,0,차대사람 - 횡단중,보행자보호의무위반,건조,맑음,단일로 - 기타,승용,여,43세,상해없음,보행자,여,10세,경상
2014111000100586,2014년 11월 10일 20시,월요일,충청남도 천안시 동남구 구성동,경상사고,0,0,2,0,차대차 - 측면직각충돌,안전운전불이행,건조,맑음,단일로 - 기타,승용,여,49세,경상,승합,남,46세,상해없음
2014111000100610,2014년 11월 10일 21시,월요일,충청남도 천안시 동남구 다가동,경상사고,0,0,1,0,차대사람 - 횡단중,보행자보호의무위반,건조,맑음,교차로 - 교차로안,승용,남,40세,상해없음,보행자,남,66세,경상
2014111100100134,2014년 11월 11일 08시,화요일,충청남도 천안시 동남구 청당동,경상사고,0,0,2,0,차대차 - 기타,안전운전불이행,건조,맑음,단일로 - 기타,승용,남,39세,기타불명,승용,남,42세,경상
2014111100100182,2014년 11월 11일 09시,화요일,충청남도 천안시 동남구 대흥동,경상사고,0,0,1,0,차대사람 - 횡단중,안전운전불이행,건조,맑음,단일로 - 횡단보도부근,승합,기타불명,기타불명,기타불명,보행자,여,23세,경상
2014111100100183,2014년 11월 11일 09시,화요일,충청남도 천안시 동남구 대흥동,중상사고,0,4,0,0,차대차 - 기타,중앙선침범,건조,맑음,단일로 - 기타,승용,남,41세,상해없음,승용,남,40세,중상
2014111100100184,2014년 11월 11일 09시,화요일,충청남도 천안시 동남구 구성동,중상사고,0,1,0,0,차대차 - 기타,안전운전불이행,건조,맑음,단일로 - 기타,승용,여,70세,중상,화물,남,59세,상해없음
2014111100100456,2014년 11월 11일 18시,화요일,충청남도 천안시 서북구 성거읍,경상사고,0,0,2,0,차대차 - 기타,중앙선침범,건조,맑음,교차로 - 교차로부근,승용,여,53세,상해없음,승용,여,37세,경상
2014111100100511,2014년 11월 11일 19시,화요일,충청남도 천안시 서북구 쌍용동,중상사고,0,1,0,0,차대차 - 기타,신호위반,건조,맑음,교차로 - 교차로안,승합,남,53세,상해없음,승용,여,49세,중상
2014111100100584,2014년 11월 11일 21시,화요일,충청남도 천안시 서북구 성거읍,사망사고,1,0,0,0,차대사람 - 기타,안전운전불이행,건조,맑음,단일로 - 기타,승합,남,36세,상해없음,보행자,남,52세,사망
2014111200100224,2014년 11월 12일 09시,수요일,충청남도 천안시 동남구 신부동,경상사고,0,0,3,0,차대차 - 추돌 - 진행중,안전운전불이행,건조,맑음,단일로 - 기타,화물,남,59세,상해없음,승용,남,47세,경상
2014111200100339,2014년 11월 12일 13시,수요일,충청남도 천안시 서북구 백석동,경상사고,0,0,1,0,차대차 - 추돌 - 진행중,안전운전불이행,건조,맑음,단일로 - 기타,승용,남,47세,상해없음,승용,남,33세,경상
2014111200100477,2014년 11월 12일 17시,수요일,충청남도 천안시 서북구 쌍용동,중상사고,0,1,0,0,차대차 - 측면직각충돌,신호위반,습기,비,교차로 - 교차로안,승용,여,52세,상해없음,승용,여,50세,중상
2014111200100530,2014년 11월 12일 18시,수요일,충청남도 천안시 동남구 광덕면,사망사고,1,0,0,0,차대사람 - 횡단중,안전운전불이행,습기,비,교차로 - 교차로안,승용,남,74세,상해없음,보행자,여,70세,사망