사고번호,사고일시,요일,시군구,사고내용,사망자수,중상자수,경상자수,부상신고자수,사고유형,법규위반,노면상태,기상상태,도로형태,가해운전자 차종,가해운전자 성별,가해운전자 연령,가해운전자 상해정도,피해운전자 차종,피해운전자 성별,피해운전자 연령,피해운전자 상해정도
2014111200100531,2014년 11월 12일 18시,수요일,충청남도 천안시 동남구 신방동,경상사고,0,0,1,0,차대사람 - 횡단중,안전운전불이행,습기,흐림,교차로 - 교차로부근,승용,남,25세,상해없음,보행자,남,8세,경상
2014111200100602,2014년 11월 12일 19시,수요일,충청남도 천안시 동남구 수신면,중상사고,0,1,0,0,차대차 - 측면직각충돌,안전운전불이행,습기,비,교차로 - 교차로부근,승용,남,51세,상해없음,승용,남,42세,중상
2014111200100651,2014년 11월 12일 20시,수요일,충청남도 천안시 동남구 구성동,경상사고,0,0,1,0,차대차 - 추돌 - 진행중,안전운전불이행,습기,비,단일로 - 기타,승용,여,54세,상해없음,원동기,남,24세,경상
2014111300100163,2014년 11월 13일 09시,목요일,충청남도 천안시 서북구 두정동,중상사고,0,2,0,0,차대차 - 측면직각충돌,신호위반,건조,맑음,교차로 - 교차로안,승합,남,53세,상해없음,승용,여,46세,중상
2014111300100196,2014년 11월 13일 10시,목요일,충청남도 천안시 서북구 직산읍,경상사고,0,0,3,0,차대차 - 추돌 - 진행중,안전운전불이행,건조,맑음,단일로 - 기타,화물,남,53세,상해없음,승용,남,34세,경상
2014111300100236,2014년 11월 13일 11시,목요일,충청남도 천안시 서북구 성정동,사망사고,1,0,0,0,차대차 - 측면직각충돌,안전운전불이행,건조,맑음,교차로 - 교차로부근,원동기,남,69세,상해없음,원동기,남,65세,사망
2014111300100302,2014년 11월 13일 13시,목요일,충청남도 천안시 서북구 성거읍,경상사고,0,0,1,0,차대차 - 측면직각충돌,교차로운행방법위반,건조,맑음,교차로 - 교차로부근,승용,남,60세,상해없음,승용,남,66세,경상
2014111300100336,2014년 11월 13일 14시,목요일,충청남도 천안시 동남구 영성동,중상사고,0,1,0,0,차대차 - 기타,안전거리미확보,건조,맑음,단일로 - 기타,승용,남,65세,상해없음,이륜,남,23세,중상
2014111300100337,2014년 11월 13일 14시,목요일,충청남도 천안시 동남구 영성동,중상사고,0,1,0,0,차대차 - 기타,교차로운행방법위반,건조,맑음,교차로 - 교차로안,화물,남,47세,상해없음,이륜,남,19세,중상
2014111300100406,2014년 11월 13일 16시,목요일,충청남도 천안시 동남구 봉명동,중상사고,0,1,2,0,차대차 - 기타,교차로운행방법위반,건조,맑음,교차로 - 교차로안,화물,남,54세,상해없음,승합,여,53세,상해없음
2014111300100448,2014년 11월 13일 17시,목요일,충청남도 천안시 서북구 성정동,경상사고,0,0,1,0,차대차 - 기타,안전거리미확보,건조,맑음,기타 - 기타,승용,남,48세,상해없음,승합,남,50세,상해없음
2014111300100507,2014년 11월 13일 18시,목요일,충청남도 천안시 서북구 성환읍,중상사고,0,1,0,0,차대차 - 기타,신호위반,건조,맑음,교차로 - 교차로안,승용,여,45세,상해없음,승용,여,46세,중상
2014111300100568,2014년 11월 13일 19시,목요일,충청남도 천안시 서북구 성환읍,중상사고,0,1,0,0,차량단독 - 공작물충돌,안전운전불이행,건조,맑음,기타 - 기타,화물,남,69세,상해없음,,,,
2014111300100570,2014년 11월 13일 19시,목요일,충청남도 천안시 동남구 봉명동,중상사고,0,1,0,0,차대사람 - 기타,안전운전불이행,건조,맑음,교차로 - 교차로안,승용,남,55세,상해없음,보행자,남,10세,중상
2014111300100636,2014년 11월 13일 21시,목요일,충청남도 천안시 동남구 병천면,경상사고,0,0,6,0,차대차 - 기타,중앙선침범,건조,맑음,단일로 - 기타,승용,남,34세,상해없음,승합,남,45세,경상
2014111300100689,2014년 11월 13일 23시,목요일,충청남도 천안시 동남구 목천읍,중상사고,0,1,1,0,차대차 - 기타,신호위반,건조,맑음,교차로 - 교차로안,화물,남,58세,상해없음,승용,남,34세,경상
2014111300100690,2014년 11월 13일 23시,목요일,충청남도 천안시 동남구 목천읍,경상사고,0,0,1,0,차대차 - 추돌 - 진행중,안전운전불이행,건조,맑음,단일로 - 기타,승용,남,27세,상해없음,화물,남,57세,경상
2014111400100072,2014년 11월 14일 04시,금요일,충청남도 천안시 서북구 성정동,중상사고,0,1,0,0,차대차 - 측면직각충돌,직진우회전진행방해,건조,맑음,교차로 - 교차로안,승용,남,25세,중상,승용,여,26세,상해없음
2014111400100135,2014년 11월 14일 07시,금요일,충청남도 천안시 서북구 입장면,중상사고,0,1,0,0,차대사람 - 횡단중,보행자보호의무위반,건조,맑음,단일로 - 횡단보도상,화물,남,38세,상해없음,보행자,여,52세,중상
2014111400100205,2014년 11월 14일 09시,금요일,충청남도 천안시 서북구 성환읍,중상사고,0,1,1,0,차대차 - 기타,안전운전불이행,건조,맑음,교차로 - 교차로안,화물,남,41세,상해없음,원동기,남,74세,경상
2014111400100458,2014년 11월 14일 16시,금요일,충청남도 천안시 서북구 성정동,경상사고,0,0,1,0,차대사람 - 기타,안전운전불이행,건조,맑음,단일로 - 기타,화물,남,51세,상해없음,보행자,여,14세,경상
2014111400100499,2014년 11월 14일 17시,금요일,충청남도 천안시 동남구 병천면,경상사고,0,0,1,0,차대사람 - 기타,안전운전불이행,건조,맑음,단일로 - 기타,승용,여,50세,상해없음,보행자,남,23세,경상
2014111400100565,2014년 11월 14일 18시,금요일,충청남도 천안시 서북구 성정동,경상사고,0,0,1,0,차대차 - 기타,안전운전불이행,건조,맑음,교차로 - 교차로부근,승용,여,31세,상해없음,원동기,남,38세,경상
2014111500100116,2014년 11월 15일 06시,토요일,충청남도 천안시 서북구 쌍용동,중상사고,0,1,0,0,차대차 - 기타,안전운전불이행,건조,맑음,단일로 - 기타,자전거,남,65세,중상,승용,남,61세,상해없음
2014111500100556,2014년 11월 15일 19시,토요일,충청남도 천안시 서북구 성거읍,중상사고,0,1,0,0,차대차 - 기타,안전운전불이행,건조,맑음,단일로 - 기타,승합,남,52세,상해없음,승합,남,54세,상해없음
2014111500100596,2014년 11월 15일 20시,토요일,충청남도 천안시 동남구 목천읍,경상사고,0,0,1,0,차대차 - 추돌 - 주정차중,안전운전불이행,건조,맑음,단일로 - 기타,이륜,남,50세,경상,승용,여,31세,기타불명
2014111600100018,2014년 11월 16일 00시,일요일,충청남도 천안시 동남구 신부동,경상사고,0,0,2,0,차대차 - 기타,안전운전불이행,건조,맑음,단일로 - 기타,승합,남,53세,상해없음,이륜,남,18세,경상
2014111600100159,2014년 11월 16일 10시,일요일,충청남도 천안시 동남구 구성동,경상사고,0,0,2,0,차대차 - 측면직각충돌,안전운전불이행,건조,맑음,단일로 - 기타,승용,남,65세,상해없음,승용,남,29세,경상
2014111600100187,2014년 11월 16일 11시,일요일,충청남도 천안시 동남구 병천면,경상사고,0,0,2,0,차대차 - 추돌 - 주정차중,중앙선침범,건조,맑음,단일로 - 기타,화물,남,55세,상해없음,승용,남,68세,경상
2014111600100188,2014년 11월 16일 11시,일요일,충청남도 천안시 동남구 목천읍,경상사고,0,0,1,0,차대차 - 추돌 - 진행중,안전운전불이행,건조,맑음,단일로 - 기타,승용,여,49세,상해없음,승용,여,37세,경상
2014111600100271,2014년 11월 16일 14시,일요일,충청남도 천안시 동남구 광덕면,경상사고,0,0,7,0,차대차 - 추돌 - 주정차중,안전운전불이행,건조,맑음,단일로 - 기타,화물,남,34세,상해없음,승용,남,22세,경상
2014111600100471,2014년 11월 16일 20시,일요일,충청남도 천안시 서북구 성정동,경상사고,0,0,1,0,차대차 - 측면직각충돌,안전운전불이행,건조,맑음,단일로 - 기타,승용,남,40세,상해없음,원동기,남,42세,경상
2014111600100473,2014년 11월 16일 20시,일요일,충청남도 천안시 동남구 봉명동,중상사고,0,1,0,0,차대차 - 측면직각충돌,신호위반,건조,맑음,교차로 - 교차로안,승용,남,35세,기타불명,승용,남,52세,중상
2014111600100551,2014년 11월 16일 23시,일요일,충청남도 천안시 동남구 목천읍,경상사고,0,0,1,0,차대차 - 추돌 - 진행중,안전거리미확보,건조,맑음,단일로 - 기타,승용,남,54세,상해없음,원동기,남,17세,경상
2014111700100132,2014년 11월 17일 08시,월요일,충청남도 천안시 서북구 불당동,경상사고,0,0,1,0,차대사람 - 기타,안전운전불이행,습기,비,기타 - 기타,자전거,남,13세,상해없음,보행자,여,55세,경상
2014111700100212,2014년 11월 17일 10시,월요일,충청남도 천안시 동남구 신방동,경상사고,0,0,1,0,차대사람 - 기타,안전운전불이행,건조,맑음,교차로 - 교차로부근,승합,여,50세,상해없음,보행자,남,82세,경상
2014111700100648,2014년 11월 17일 22시,월요일,충청남도 천안시 서북구 성정동,경상사고,0,0,2,0,차대차 - 추돌 - 주정차중,안전운전불이행,건조,맑음,교차로 - 교차로부근,승용,남,30세,상해없음,승용,여,48세,경상
2014111800100031,2014년 11월 18일 02시,화요일,충청남도 천안시 서북구 입장면,경상사고,0,0,2,0,차대차 - 측면직각충돌,신호위반,건조,맑음,교차로 - 교차로안,승용,남,32세,상해없음,화물,남,57세,경상
2014111800100220,2014년 11월 18일 11시,화요일,충청남도 천안시 서북구 두정동,경상사고,0,0,1,0,차대차 - 기타,교차로운행방법위반,건조,맑음,교차로 - 교차로안,승용,남,57세,상해없음,승용,여,42세,경상
2014111800100420,2014년 11월 18일 17시,화요일,충청남도 천안시 동남구 봉명동,경상사고,0,0,1,0,차대차 - 측면직각충돌,교차로운행방법위반,건조,맑음,교차로 - 교차로안,승용,여,49세,상해없음,자전거,남,14세,경상
2014111800100477,2014년 11월 18일 18시,화요일,충청남도 천안시 서북구 성거읍,중상사고,0,1,0,0,차대차 - 기타,안전거리미확보,건조,맑음,단일로 - 기타,승용,남,43세,상해없음,승용,여,65세,상해없음
2014111800100569,2014년 11월 18일 20시,화요일,충청남도 천안시 서북구 직산읍,경상사고,0,0,1,0,차대차 - 측면직각충돌,신호위반,건조,맑음,교차로 - 교차로안,승용,남,52세,상해없음,승용,남,29세,경상
2014111800100572,2014년 11월 18일 20시,화요일,충청남도 천안시 동남구 안서동,중상사고,0,1,0,0,차대차 - 기타,안전운전불이행,건조,맑음,교차로 - 교차로안,승용,남,34세,상해없음,이륜,남,16세,중상
2014111800100595,2014년 11월 18일 21시,화요일,충청남도 천안시 서북구 불당동,경상사고,0,0,2,0,차대차 - 측면직각충돌,직진우회전진행방해,건조,맑음,교차로 - 교차로안,승용,여,42세,경상,승용,남,41세,경상
2014111800100654,2014년 11월 18일 23시,화요일,충청남도 천안시 동남구 봉명동,경상사고,0,0,2,0,차대차 - 추돌 - 주정차중,안전운전불이행,건조,맑음,단일로 - 기타,승용,남,57세,상해없음,승용,남,36세,상해없음
2014111900100009,2014년 11월 19일 00시,수요일,충청남도 천안시 서북구 쌍용동,중상사고,0,1,1,0,차대차 - 기타,신호위반,건조,맑음,교차로 - 교차로안,승용,남,36세,기타불명,승용,여,52세,중상
2014111900100027,2014년 11월 19일 01시,수요일,충청남도 천안시 서북구 두정동,중상사고,0,1,0,0,차대차 - 측면직각충돌,안전운전불이행,건조,맑음,교차로 - 교차로안,원동기,남,25세,중상,승용,남,55세,상해없음
2014111900100412,2014년 11월 19일 16시,수요일,충청남도 천안시 동남구 신부동,경상사고,0,0,1,0,차대차 - 추돌 - 주정차중,안전운전불이행,건조,맑음,교차로 - 교차로부근,승용,남,25세,상해없음,승용,여,34세,경상
2014111900100413,2014년 11월 19일 16시,수요일,충청남도 천안시 동남구 광덕면,경상사고,0,0,1,0,차대차 - 기타,안전운전불이행,건조,맑음,단일로 - 기타,승용,남,52세,상해없음,승용,남,55세,경상
2014111900100559,2014년 11월 19일 19시,수요일,충청남도 천안시 서북구 백석동,중상사고,0,1,2,0,차대차 - 기타,교차로운행방법위반,건조,맑음,교차로 - 교차로안,승합,남,45세,상해없음,승용,남,46세,상해없음
2014111900100561,2014년 11월 19일 19시,수요일,충청남도 천안시 동남구 신방동,중상사고,0,2,0,0,차대사람 - 횡단중,안전운전불이행,건조,맑음,교차로 - 교차로부근,이륜,남,19세,중상,보행자,남,76세,중상
2014111900100630,2014년 11월 19일 21시,수요일,충청남도 천안시 서북구 두정동,경상사고,0,0,1,0,차대차 - 기타,교차로운행방법위반,건조,맑음,교차로 - 교차로부근,승용,여,40세,상해없음,원동기,남,22세,경상
2014111900100632,2014년 11월 19일 21시,수요일,충청남도 천안시 동남구 봉명동,중상사고,0,1,0,0,차대차 - 측면직각충돌,교차로운행방법위반,건조,맑음,교차로 - 교차로안,승용,여,21세,상해없음,자전거,남,13세,중상
2014112000100006,2014년 11월 20일 00시,목요일,충청남도 천안시 서북구 입장면,경상사고,0,0,1,0,차대차 - 기타,교차로운행방법위반,건조,맑음,교차로 - 교차로부근,승합,남,18세,상해없음,승용,남,31세,경상
2014112000100276,2014년 11월 20일 12시,목요일,충청남도 천안시 동남구 유량동,경상사고,0,0,1,0,차대차 - 기타,안전운전불이행,건조,맑음,단일로 - 기타,승용,여,64세,상해없음,승용,남,57세,경상
2014112000100438,2014년 11월 20일 16시,목요일,충청남도 천안시 동남구 목천읍,중상사고,0,1,0,0,차대차 - 기타,신호위반,건조,맑음,교차로 - 교차로안,승용,남,74세,중상,화물,남,48세,상해없음
2014112000100484,2014년 11월 20일 17시,목요일,충청남도 천안시 동남구 사직동,경상사고,0,0,1,0,차대사람 - 기타,안전운전불이행,건조,맑음,교차로 - 교차로안,승용,남,45세,상해없음,보행자,여,27세,경상
2014112000100600,2014년 11월 20일 19시,목요일,충청남도 천안시 서북구 쌍용동,중상사고,0,2,0,0,차대차 - 정면충돌,신호위반,건조,맑음,교차로 - 교차로안,승용,남,31세,상해없음,승용,남,40세,중상
2014112000100677,2014년 11월 20일 21시,목요일,충청남도 천안시 서북구 성정동,경상사고,0,0,1,1,차대차 - 기타,중앙선침범,건조,맑음,교차로 - 교차로부근,승용,남,24세,상해없음,승용,여,47세,부상신고
2014112000100678,2014년 11월 20일 21시,목요일,충청남도 천안시 서북구 두정동,경상사고,0,0,4,0,차대차 - 기타,안전운전불이행,건조,맑음,단일로 - 기타,화물,남,59세,상해없음,승용,남,40세,경상
2014112100100011,2014년 11월 21일 00시,금요일,충청남도 천안시 서북구 성정동,경상사고,0,0,1,0,차대차 - 기타,안전운전불이행,건조,맑음,교차로 - 교차로부근,승용,남,26세,상해없음,승용,남,26세,경상
2014112100100028,2014년 11월 21일 01시,금요일,충청남도 천안시 서북구 두정동,경상사고,0,0,1,0,차대차 - 측면직각충돌,안전운전불이행,건조,맑음,교차로 - 교차로부근,승용,남,39세,상해없음,승합,남,43세,경상
2014112100100220,2014년 11월 21일 11시,금요일,충청남도 천안시 서북구 두정동,경상사고,0,0,2,0,차대차 - 측면직각충돌,신호위반,건조,맑음,교차로 - 교차로안,승용,남,38세,상해없음,승용,남,70세,경상
2014112100100273,2014년 11월 21일 14시,금요일,충청남도 천안시 동남구 청당동,중상사고,0,1,0,0,차대차 - 측면직각충돌,신호위반,건조,맑음,교차로 - 교차로안,화물,남,51세,상해없음,승용,여,47세,중상
2014112100100503,2014년 11월 21일 19시,금요일,충청남도 천안시 서북구 성정동,경상사고,0,0,1,0,차대차 - 기타,안전운전불이행,건조,맑음,단일로 - 기타,기타불명,기타불명,기타불명,기타불명,원동기,남,17세,경상
2014112100100604,2014년 11월 21일 22시,금요일,충청남도 천안시 동남구 봉명동,경상사고,0,0,1,0,차대차 - 추돌 - 주정차중,안전운전불이행,건조,맑음,교차로 - 교차로부근,승용,남,29세,상해없음,승용,여,30세,경상
2014112100100639,2014년 11월 21일 23시,금요일,충청남도 천안시 서북구 불당동,경상사고,0,0,2,0,차대차 - 기타,안전운전불이행,건조,맑음,단일로 - 기타,승용,남,55세,상해없음,승용,남,28세,경상
2014112100100641,2014년 11월 21일 23시,금요일,충청남도 천안시 동남구 신부동,중상사고,0,1,0,0,차대차 - 추돌 - 주정차중,안전운전불이행,건조,맑음,단일로 - 기타,승용,남,30세,상해없음,승용,남,30세,중상
2014112200100011,2014년 11월 22일 00시,토요일,충청남도 천안시 서북구 백석동,경상사고,0,0,2,0,차대차 - 기타,신호위반,건조,맑음,교차로 - 교차로안,승용,남,39세,기타불명,승용,여,29세,경상
2014112200100145,2014년 11월 22일 07시,토요일,충청남도 천안시 서북구 성정동,경상사고,0,0,1,0,차대사람 - 기타,안전운전불이행,건조,맑음,단일로 - 기타,승용,남,40세,상해없음,보행자,여,19세,경상
2014112200100499,2014년 11월 22일 16시,토요일,충청남도 천안시 동남구 영성동,중상사고,0,1,0,0,차대사람 - 횡단중,신호위반,건조,맑음,단일로 - 기타,승용,여,44세,상해없음,보행자,여,57세,중상
2014112200100584,2014년 11월 22일 18시,토요일,충청남도 천안시 서북구 성정동,경상사고,0,0,1,0,차대차 - 추돌 - 진행중,안전거리미확보,건조,맑음,교차로 - 교차로부근,화물,기타불명,기타불명,기타불명,승합,남,52세,상해없음
2014112200100585,2014년 11월 22일 18시,토요일,충청남도 천안시 서북구 두정동,중상사고,0,1,0,0,차대사람 - 횡단중,보행자보호의무위반,습기,흐림,교차로 - 교차로부근,승용,남,45세,상해없음,보행자,여,46세,중상
2014112200100643,2014년 11월 22일 19시,토요일,충청남도 천안시 서북구 성거읍,경상사고,0,0,5,0,차대차 - 추돌 - 진행중,안전거리미확보,건조,흐림,단일로 - 기타,승용,남,38세,경상,승용,남,26세,경상
2014112300100016,2014년 11월 23일 00시,일요일,충청남도 천안시 서북구 성거읍,경상사고,0,0,2,0,차대차 - 추돌 - 진행중,안전운전불이행,건조,맑음,단일로 - 기타,승용,남,29세,상해없음,승용,남,52세,경상
2014112300100052,2014년 11월 23일 02시,일요일,충청남도 천안시 서북구 백석동,경상사고,0,0,1,0,차대사람 - 기타,안전운전불이행,습기,안개,단일로 - 기타,승용,여,34세,상해없음,보행자,남,50세,경상
2014112300100141,2014년 11월 23일 09시,일요일,충청남도 천안시 서북구 성정동,경상사고,0,0,2,0,차대차 - 기타,안전운전불이행,습기,안개,교차로 - 교차로부근,승용,남,29세,상해없음,승용,남,48세,상해없음
2014112300100232,2014년 11월 23일 13시,일요일,충청남도 천안시 서북구 성정동,경상사고,0,0,1,0,차대차 - 기타,교차로운행방법위반,건조,맑음,교차로 - 교차로안,승용,남,53세,상해없음,승용,남,31세,경상
2014112300100258,2014년 11월 23일 14시,일요일,충청남도 천안시 서북구 입장면,경상사고,0,0,3,0,차대차 - 기타,안전거리미확보,건조,맑음,단일로 - 기타,원동기,남,52세,상해없음,승용,남,32세,경상
2014112300100287,2014년 11월 23일 15시,일요일,충청남도 천안시 동남구 원성동,경상사고,0,0,1,0,차대차 - 추돌 - 주정차중,안전운전불이행,건조,맑음,단일로 - 기타,승용,남,31세,상해없음,승용,여,60세,경상
2014112300100307,2014년 11월 23일 16시,일요일,충청남도 천안시 동남구 삼룡동,중상사고,0,1,1,0,차대차 - 기타,중앙선침범,건조,흐림,교차로 - 교차로안,화물,남,57세,상해없음,화물,남,53세,중상
2014112300100510,2014년 11월 23일 21시,일요일,충청남도 천안시 서북구 성환읍,중상사고,0,1,1,0,차대차 - 기타,안전운전불이행,습기,비,단일로 - 기타,승용,남,31세,상해없음,승용,남,32세,경상
2014112300100512,2014년 11월 23일 21시,일요일,충청남도 천안시 동남구 목천읍,경상사고,0,0,1,0,차량단독 - 공작물충돌,안전운전불이행,건조,맑음,단일로 - 기타,승용,남,46세,경상,,,,
2014112300100533,2014년 11월 23일 22시,일요일,충청남도 천안시 서북구 입장면,경상사고,0,0,1,0,차대차 - 기타,안전운전불이행,건조,맑음,단일로 - 기타,승용,여,42세,상해없음,화물,남,47세,경상
2014112400100028,2014년 11월 24일 02시,월요일,충청남도 천안시 서북구 성정동,경상사고,0,0,1,0,차대차 - 추돌 - 주정차중,안전운전불이행,건조,맑음,교차로 - 교차로부근,기타불명,기타불명,기타불명,기타불명,승용,여,29세,경상
2014112400100095,2014년 11월 24일 07시,월요일,충청남도 천안시 서북구 두정동,경상사고,0,0,1,0,차대차 - 추돌 - 주정차중,안전운전불이행,습기,비,교차로 - 교차로부근,승용,남,33세,상해없음,승용,남,29세,경상
2014112400100191,2014년 11월 24일 10시,월요일,충청남도 천안시 동남구 대흥동,중상사고,0,1,0,0,차대사람 - 횡단중,안전운전불이행,건조,맑음,단일로 - 기타,승용,남,50세,상해없음,보행자,여,63세,중상
2014112400100448,2014년 11월 24일 17시,월요일,충청남도 천안시 서북구 성정동,경상사고,0,0,1,0,차대차 - 기타,중앙선침범,습기,기타,교차로 - 교차로안,원동기,남,23세,경상,승용,남,48세,상해없음
2014112400100524,2014년 11월 24일 18시,월요일,충청남도 천안시 서북구 성환읍,경상사고,0,0,1,0,차대차 - 기타,안전운전불이행,건조,맑음,단일로 - 기타,승용,여,52세,상해없음,승용,남,36세,경상
2014112400100762,2014년 11월 24일 23시,월요일,충청남도 천안시 서북구 성환읍,중상사고,0,1,0,0,차대사람 - 기타,안전운전불이행,건조,맑음,단일로 - 기타,기타불명,기타불명,기타불명,기타불명,보행자,남,20세,중상
2014112500100111,2014년 11월 25일 07시,화요일,충청남도 천안시 서북구 성정동,경상사고,0,0,1,0,차대차 - 추돌 - 주정차중,안전운전불이행,건조,맑음,교차로 - 교차로부근,승용,남,51세,상해없음,승용,남,31세,경상
2014112500100366,2014년 11월 25일 15시,화요일,충청남도 천안시 서북구 성정동,경상사고,0,0,1,0,차대차 - 측면직각충돌,신호위반,건조,맑음,교차로 - 교차로안,승용,남,27세,상해없음,승용,여,60세,경상
2014112500100604,2014년 11월 25일 21시,화요일,충청남도 천안시 서북구 두정동,경상사고,0,0,2,0,차대차 - 측면직각충돌,안전운전불이행,건조,맑음,교차로 - 교차로부근,승용,남,48세,상해없음,승용,남,33세,경상
2014112600100177,2014년 11월 26일 10시,수요일,충청남도 천안시 동남구 목천읍,경상사고,0,0,1,0,차대차 - 추돌 - 진행중,안전거리미확보,건조,맑음,단일로 - 기타,승용,여,36세,상해없음,화물,남,59세,경상
2014112600100592,2014년 11월 26일 21시,수요일,충청남도 천안시 서북구 성거읍,중상사고,0,1,4,1,차대차 - 기타,신호위반,건조,맑음,교차로 - 교차로안,승용,남,51세,부상신고,승용,남,25세,중상
2014112700100285,2014년 11월 27일 13시,목요일,충청남도 천안시 동남구 목천읍,경상사고,0,0,1,0,차대차 - 추돌 - 주정차중,안전거리미확보,건조,맑음,단일로 - 기타,승용,여,34세,상해없음,승용,남,56세,경상
2014112700100474,2014년 11월 27일 18시,목요일,충청남도 천안시 동남구 목천읍,중상사고,0,1,0,0,차대차 - 측면직각충돌,안전운전불이행,건조,맑음,단일로 - 기타,승용,남,25세,상해없음,원동기,남,47세,중상
2014112700100511,2014년 11월 27일 19시,목요일,충청남도 천안시 서북구 성환읍,경상사고,0,0,1,0,차대차 - 기타,안전운전불이행,건조,맑음,단일로 - 기타,승용,남,44세,상해없음,승용,남,67세,경상
2014112700100512,2014년 11월 27일 19시,목요일,충청남도 천안시 동남구 구성동,경상사고,0,0,1,0,차대차 - 측면직각충돌,안전운전불이행,건조,맑음,교차로 - 교차로부근,기타불명,기타불명,기타불명,기타불명,원동기,남,17세,경상
2014112700100542,2014년 11월 27일 20시,목요일,충청남도 천안시 서북구 성정동,경상사고,0,0,1,0,차대사람 - 횡단중,안전운전불이행,건조,맑음,단일로 - 기타,승용,남,27세,상해없음,보행자,남,47세,경상
2014112700100613,2014년 11월 27일 22시,목요일,충청남도 천안시 서북구 두정동,중상사고,0,1,0,0,차대사람 - 횡단중,안전운전불이행,건조,맑음,단일로 - 기타,원동기,남,29세,기타불명,보행자,여,24세,중상
2014112800100330,2014년 11월 28일 13시,금요일,충청남도 천안시 서북구 두정동,경상사고,0,0,1,0,차대차 - 기타,안전운전불이행,건조,맑음,단일로 - 기타,원동기,남,44세,경상,승용,남,43세,상해없음
2014112800100331,2014년 11월 28일 13시,금요일,충청남도 천안시 동남구 유량동,경상사고,0,0,1,0,차대사람 - 길가장자리구역통행중,안전운전불이행,습기,비,단일로 - 기타,승용,여,47세,상해없음,보행자,여,18세,경상
2014112800100481,2014년 11월 28일 17시,금요일,충청남도 천안시 서북구 업성동,경상사고,0,0,1,0,차대차 - 추돌 - 진행중,안전운전불이행,건조,맑음,단일로 - 기타,승용,남,41세,상해없음,원동기,남,66세,경상
2014112800100537,2014년 11월 28일 18시,금요일,충청남도 천안시 동남구 봉명동,경상사고,0,0,1,0,차대차 - 측면직각충돌,중앙선침범,습기,비,교차로 - 교차로부근,승용,남,43세,상해없음,이륜,남,29세,경상
2014112800100621,2014년 11월 28일 19시,금요일,충청남도 천안시 서북구 입장면,중상사고,0,1,0,0,차대사람 - 기타,안전운전불이행,습기,비,교차로 - 교차로부근,승용,여,41세,상해없음,보행자,남,73세,중상
2014112800100782,2014년 11월 28일 23시,금요일,충청남도 천안시 동남구 광덕면,중상사고,0,1,0,0,차대차 - 추돌 - 진행중,안전운전불이행,건조,맑음,단일로 - 기타,승용,여,25세,상해없음,승용,남,26세,중상
2014112900100036,2014년 11월 29일 01시,토요일,충청남도 천안시 서북구 직산읍,중상사고,0,1,0,0,차량단독 - 전도전복,안전운전불이행,습기,흐림,교차로 - 교차로부근,승용,남,41세,중상,,,,
2014112900100037,2014년 11월 29일 01시,토요일,충청남도 천안시 서북구 성정동,중상사고,0,1,0,0,차대사람 - 기타,기타,건조,맑음,기타 - 기타,승용,남,53세,상해없음,보행자,남,47세,중상
2014112900100303,2014년 11월 29일 13시,토요일,충청남도 천안시 서북구 성정동,경상사고,0,0,1,0,차대차 - 기타,안전운전불이행,건조,맑음,단일로 - 기타,승용,남,31세,상해없음,승용,남,26세,기타불명
2014112900100305,2014년 11월 29일 13시,토요일,충청남도 천안시 동남구 신방동,중상사고,0,1,0,0,차대차 - 기타,안전운전불이행,건조,맑음,단일로 - 기타,승용,남,22세,상해없음,승용,여,36세,중상
2014112900100575,2014년 11월 29일 19시,토요일,충청남도 천안시 동남구 쌍용동,중상사고,0,1,1,0,차대차 - 기타,안전운전불이행,건조,맑음,교차로 - 교차로부근,승용,남,40세,상해없음,승용,남,34세,상해없음
2014112900100704,2014년 11월 29일 23시,토요일,충청남도 천안시 동남구 다가동,중상사고,0,1,0,0,차대차 - 기타,안전운전불이행,건조,맑음,단일로 - 기타,승용,여,44세,상해없음,자전거,남,65세,중상
2014113000100013,2014년 11월 30일 00시,일요일,충청남도 천안시 동남구 신방동,경상사고,0,0,2,0,차대차 - 기타,안전운전불이행,건조,맑음,교차로 - 교차로부근,승용,남,28세,상해없음,화물,남,42세,경상
2014113000100014,2014년 11월 30일 00시,일요일,충청남도 천안시 동남구 신부동,경상사고,0,0,1,0,차대차 - 기타,안전운전불이행,건조,맑음,교차로 - 교차로부근,승용,남,31세,상해없음,승용,남,26세,경상
2014113000100130,2014년 11월 30일 08시,일요일,충청남도 천안시 서북구 성환읍,경상사고,0,0,2,0,차량단독 - 공작물충돌,안전운전불이행,습기,흐림,교차로 - 교차로안,승용,남,27세,경상,,,,
2014113000100519,2014년 11월 30일 21시,일요일,충청남도 천안시 서북구 성정동,중상사고,0,1,0,0,차대사람 - 횡단중,신호위반,습기,맑음,교차로 - 교차로안,승용,남,27세,상해없음,보행자,남,48세,중상