사고번호,사고일시,요일,시군구,사고내용,사망자수,중상자수,경상자수,부상신고자수,사고유형,법규위반,노면상태,기상상태,도로형태,가해운전자 차종,가해운전자 성별,가해운전자 연령,가해운전자 상해정도,피해운전자 차종,피해운전자 성별,피해운전자 연령,피해운전자 상해정도
2014113000100557,2014년 11월 30일 23시,일요일,충청남도 천안시 동남구 청당동,중상사고,0,3,1,0,차대차 - 측면직각충돌,신호위반,건조,맑음,교차로 - 교차로안,승용,여,45세,상해없음,승용,남,50세,중상
2014120100100103,2014년 12월 1일 08시,월요일,충청남도 천안시 서북구 성거읍,경상사고,0,0,1,0,차대차 - 추돌 - 진행중,안전거리미확보,결빙,눈,교차로 - 교차로부근,승용,남,47세,상해없음,승용,남,60세,경상
2014120100100200,2014년 12월 1일 11시,월요일,충청남도 천안시 동남구 원성동,중상사고,0,1,0,0,차대사람 - 보도통행중,보행자보호의무위반,결빙,눈,단일로 - 기타,화물,남,78세,상해없음,보행자,남,56세,중상
2014120100100298,2014년 12월 1일 14시,월요일,충청남도 천안시 동남구 목천읍,경상사고,0,0,2,0,차대차 - 기타,교차로운행방법위반,습기,맑음,교차로 - 교차로부근,승용,남,26세,경상,승용,여,43세,상해없음
2014120100100333,2014년 12월 1일 15시,월요일,충청남도 천안시 서북구 쌍용동,경상사고,0,0,1,0,차대차 - 기타,안전운전불이행,적설,눈,교차로 - 교차로부근,승용,여,35세,상해없음,승용,여,41세,경상
2014120100100473,2014년 12월 1일 18시,월요일,충청남도 천안시 서북구 백석동,경상사고,0,0,1,0,차대차 - 기타,안전운전불이행,결빙,흐림,교차로 - 교차로부근,승용,여,31세,상해없음,승용,남,36세,경상
2014120100100524,2014년 12월 1일 19시,월요일,충청남도 천안시 서북구 쌍용동,경상사고,0,0,1,0,차대차 - 추돌 - 주정차중,안전운전불이행,결빙,눈,교차로 - 교차로부근,승용,여,30세,상해없음,승용,남,40세,경상
2014120100100528,2014년 12월 1일 19시,월요일,충청남도 천안시 동남구 신방동,경상사고,0,0,2,0,차대차 - 기타,안전운전불이행,결빙,맑음,단일로 - 기타,승용,남,24세,상해없음,화물,남,65세,경상
2014120100100560,2014년 12월 1일 20시,월요일,충청남도 천안시 동남구 봉명동,경상사고,0,0,1,0,차대사람 - 기타,안전운전불이행,건조,맑음,교차로 - 교차로부근,승합,남,48세,상해없음,보행자,남,43세,경상
2014120100100621,2014년 12월 1일 22시,월요일,충청남도 천안시 서북구 불당동,경상사고,0,0,2,0,차대차 - 추돌 - 주정차중,안전운전불이행,결빙,흐림,교차로 - 교차로부근,승용,남,41세,상해없음,승용,남,41세,경상
2014120200100217,2014년 12월 2일 12시,화요일,충청남도 천안시 동남구 신부동,중상사고,0,1,0,0,차대차 - 기타,안전운전불이행,건조,맑음,단일로 - 기타,승용,여,26세,상해없음,승용,여,25세,중상
2014120200100276,2014년 12월 2일 14시,화요일,충청남도 천안시 동남구 영성동,중상사고,0,1,0,0,차대사람 - 기타,안전운전불이행,건조,맑음,단일로 - 기타,화물,남,43세,상해없음,보행자,여,47세,중상
2014120200100352,2014년 12월 2일 16시,화요일,충청남도 천안시 서북구 백석동,중상사고,0,1,0,0,차대차 - 기타,안전운전불이행,건조,맑음,교차로 - 교차로안,승용,남,33세,기타불명,자전거,여,14세,중상
2014120200100353,2014년 12월 2일 16시,화요일,충청남도 천안시 동남구 유량동,중상사고,0,1,0,0,차대차 - 정면충돌,중앙선침범,기타,맑음,단일로 - 기타,승용,남,56세,기타불명,화물,남,64세,중상
2014120200100422,2014년 12월 2일 18시,화요일,충청남도 천안시 서북구 성거읍,중상사고,0,2,0,0,차대차 - 정면충돌,중앙선침범,건조,맑음,단일로 - 기타,화물,남,54세,상해없음,원동기,남,30세,중상
2014120200100423,2014년 12월 2일 18시,화요일,충청남도 천안시 서북구 성정동,경상사고,0,0,4,0,차대차 - 기타,중앙선침범,건조,맑음,단일로 - 기타,승용,여,30세,경상,승용,남,60세,경상
2014120200100426,2014년 12월 2일 18시,화요일,충청남도 천안시 동남구 광덕면,사망사고,1,0,0,0,차대사람 - 횡단중,보행자보호의무위반,적설,눈,단일로 - 횡단보도상,승용,남,30세,상해없음,보행자,남,59세,사망
2014120200100473,2014년 12월 2일 19시,화요일,충청남도 천안시 서북구 성정동,중상사고,0,1,0,0,차대차 - 측면직각충돌,신호위반,건조,흐림,교차로 - 교차로부근,원동기,남,24세,중상,승용,남,25세,상해없음
2014120200100539,2014년 12월 2일 21시,화요일,충청남도 천안시 서북구 성환읍,중상사고,0,1,1,1,차대차 - 추돌 - 주정차중,안전운전불이행,결빙,눈,교차로 - 교차로부근,승용,남,54세,기타불명,승용,여,62세,경상
2014120200100561,2014년 12월 2일 22시,화요일,충청남도 천안시 서북구 쌍용동,경상사고,0,0,1,0,차대차 - 추돌 - 진행중,안전운전불이행,건조,맑음,단일로 - 기타,기타불명,기타불명,기타불명,기타불명,승용,여,25세,경상
2014120300100145,2014년 12월 3일 07시,수요일,충청남도 천안시 서북구 두정동,경상사고,0,0,1,0,차대차 - 기타,안전운전불이행,결빙,눈,교차로 - 교차로안,기타불명,기타불명,기타불명,기타불명,승용,여,58세,상해없음
2014120300100146,2014년 12월 3일 07시,수요일,충청남도 천안시 서북구 차암동,경상사고,0,0,1,0,차대차 - 기타,안전운전불이행,적설,흐림,교차로 - 교차로부근,승용,남,52세,기타불명,승용,남,37세,경상
2014120300100273,2014년 12월 3일 12시,수요일,충청남도 천안시 서북구 와촌동,중상사고,0,1,0,0,차대사람 - 기타,중앙선침범,건조,맑음,단일로 - 기타,승용,여,39세,상해없음,보행자,남,9세,중상
2014120400100017,2014년 12월 4일 00시,목요일,충청남도 천안시 동남구 신방동,경상사고,0,0,1,0,차대차 - 기타,신호위반,적설,눈,교차로 - 교차로안,승용,남,28세,기타불명,승용,남,34세,경상
2014120400100163,2014년 12월 4일 08시,목요일,충청남도 천안시 서북구 두정동,경상사고,0,0,1,0,차대차 - 추돌 - 주정차중,안전운전불이행,결빙,맑음,단일로 - 기타,승용,여,47세,상해없음,승용,여,24세,경상
2014120400100198,2014년 12월 4일 09시,목요일,충청남도 천안시 서북구 백석동,경상사고,0,0,1,0,차대차 - 기타,신호위반,적설,눈,교차로 - 교차로안,승용,남,56세,상해없음,승용,남,39세,상해없음
2014120400100199,2014년 12월 4일 09시,목요일,충청남도 천안시 서북구 두정동,경상사고,0,0,1,0,차대차 - 추돌 - 주정차중,안전운전불이행,결빙,맑음,기타 - 기타,승용,남,26세,상해없음,승용,여,23세,경상
2014120400100200,2014년 12월 4일 09시,목요일,충청남도 천안시 서북구 백석동,경상사고,0,0,1,0,차대차 - 기타,안전운전불이행,결빙,맑음,단일로 - 기타,승용,여,25세,상해없음,화물,남,48세,경상
2014120400100253,2014년 12월 4일 11시,목요일,충청남도 천안시 서북구 업성동,중상사고,0,1,0,0,차대차 - 기타,중앙선침범,건조,맑음,교차로 - 교차로부근,화물,남,33세,상해없음,화물,여,55세,중상
2014120400100277,2014년 12월 4일 12시,목요일,충청남도 천안시 서북구 쌍용동,중상사고,0,1,0,0,차대사람 - 기타,안전운전불이행,습기,맑음,기타 - 기타,화물,남,41세,상해없음,보행자,남,84세,중상
2014120400100303,2014년 12월 4일 13시,목요일,충청남도 천안시 서북구 성정동,중상사고,0,1,0,0,차대차 - 기타,기타,건조,맑음,기타 - 기타,이륜,남,44세,중상,승합,남,35세,상해없음
2014120400100678,2014년 12월 4일 22시,목요일,충청남도 천안시 서북구 백석동,경상사고,0,0,3,0,차대차 - 측면직각충돌,안전운전불이행,적설,눈,단일로 - 기타,승용,남,30세,상해없음,승용,남,46세,경상
2014120500100013,2014년 12월 5일 00시,금요일,충청남도 천안시 서북구 두정동,경상사고,0,0,1,0,차대사람 - 기타,안전운전불이행,건조,맑음,단일로 - 기타,승용,남,41세,상해없음,보행자,남,37세,경상
2014120500100030,2014년 12월 5일 01시,금요일,충청남도 천안시 동남구 신부동,경상사고,0,0,3,0,차대차 - 측면직각충돌,안전운전불이행,건조,흐림,단일로 - 기타,승용,남,21세,상해없음,승용,남,56세,경상
2014120500100068,2014년 12월 5일 05시,금요일,충청남도 천안시 서북구 쌍용동,경상사고,0,0,1,0,차대차 - 기타,중앙선침범,건조,맑음,교차로 - 교차로부근,승용,남,35세,상해없음,승용,남,65세,경상
2014120500100090,2014년 12월 5일 06시,금요일,충청남도 천안시 서북구 두정동,경상사고,0,0,1,0,차대차 - 측면직각충돌,안전운전불이행,결빙,눈,단일로 - 기타,승용,남,30세,상해없음,승용,남,26세,경상
2014120500100252,2014년 12월 5일 11시,금요일,충청남도 천안시 서북구 성환읍,경상사고,0,0,2,0,차대차 - 기타,안전운전불이행,기타,맑음,단일로 - 기타,승용,남,31세,상해없음,화물,남,70세,경상
2014120500100580,2014년 12월 5일 19시,금요일,충청남도 천안시 서북구 백석동,경상사고,0,0,3,0,차대차 - 기타,안전운전불이행,건조,맑음,기타 - 기타,승용,남,55세,기타불명,승용,여,31세,경상
2014120600100018,2014년 12월 6일 00시,토요일,충청남도 천안시 서북구 입장면,중상사고,0,2,0,0,차대차 - 측면직각충돌,기타,건조,맑음,교차로 - 교차로안,승용,남,24세,중상,승용,여,46세,중상
2014120600100019,2014년 12월 6일 00시,토요일,충청남도 천안시 서북구 두정동,경상사고,0,0,1,0,차대사람 - 기타,안전운전불이행,건조,맑음,단일로 - 기타,승용,남,35세,상해없음,보행자,남,24세,경상
2014120600100020,2014년 12월 6일 00시,토요일,충청남도 천안시 서북구 쌍용동,중상사고,0,2,0,0,차대차 - 기타,신호위반,건조,맑음,교차로 - 교차로안,승용,남,33세,상해없음,승용,남,52세,중상
2014120600100021,2014년 12월 6일 00시,토요일,충청남도 천안시 서북구 쌍용동,경상사고,0,0,1,0,차대차 - 추돌 - 주정차중,안전운전불이행,결빙,눈,교차로 - 교차로부근,승용,남,43세,상해없음,승용,남,39세,경상
2014120600100099,2014년 12월 6일 03시,토요일,충청남도 천안시 서북구 쌍용동,중상사고,0,1,3,0,차대차 - 기타,안전운전불이행,건조,맑음,단일로 - 기타,승용,남,29세,중상,승용,남,30세,상해없음
2014120600100173,2014년 12월 6일 08시,토요일,충청남도 천안시 서북구 직산읍,경상사고,0,0,1,0,차대차 - 기타,안전운전불이행,건조,맑음,단일로 - 기타,승용,남,36세,상해없음,승용,여,41세,경상
2014120600100174,2014년 12월 6일 08시,토요일,충청남도 천안시 서북구 직산읍,경상사고,0,0,3,0,차대차 - 기타,안전운전불이행,건조,맑음,단일로 - 기타,승합,남,72세,상해없음,승합,남,35세,경상
2014120600100421,2014년 12월 6일 16시,토요일,충청남도 천안시 서북구 성정동,경상사고,0,0,1,0,차대차 - 기타,안전운전불이행,건조,맑음,교차로 - 교차로안,승용,남,16세,상해없음,승용,남,60세,경상
2014120600100423,2014년 12월 6일 16시,토요일,충청남도 천안시 동남구 구성동,경상사고,0,0,2,0,차대차 - 측면직각충돌,안전운전불이행,결빙,눈,교차로 - 교차로부근,화물,남,49세,상해없음,승용,여,37세,경상
2014120600100424,2014년 12월 6일 16시,토요일,충청남도 천안시 동남구 목천읍,중상사고,0,2,0,0,차대차 - 추돌 - 진행중,안전운전불이행,건조,흐림,단일로 - 기타,승용,남,55세,상해없음,승용,남,50세,중상
2014120600100524,2014년 12월 6일 18시,토요일,충청남도 천안시 동남구 영성동,경상사고,0,0,1,0,차대사람 - 기타,안전운전불이행,건조,흐림,단일로 - 기타,승용,남,58세,상해없음,보행자,여,51세,경상
2014120600100609,2014년 12월 6일 20시,토요일,충청남도 천안시 서북구 성환읍,중상사고,0,2,1,0,차대차 - 추돌 - 진행중,안전거리미확보,결빙,눈,단일로 - 기타,승용,남,33세,중상,화물,남,39세,중상
2014120700100039,2014년 12월 7일 01시,일요일,충청남도 천안시 동남구 다가동,경상사고,0,0,1,0,차대차 - 추돌 - 주정차중,안전운전불이행,건조,맑음,단일로 - 기타,승용,남,31세,상해없음,화물,남,45세,경상
2014120700100155,2014년 12월 7일 10시,일요일,충청남도 천안시 동남구 신방동,중상사고,0,1,0,0,차대사람 - 횡단중,안전운전불이행,습기,맑음,교차로 - 교차로부근,승용,남,26세,상해없음,보행자,여,30세,중상
2014120700100403,2014년 12월 7일 19시,일요일,충청남도 천안시 동남구 구성동,경상사고,0,0,2,0,차대차 - 추돌 - 진행중,안전운전불이행,건조,맑음,교차로 - 교차로부근,승용,남,47세,상해없음,승용,남,47세,경상
2014120800100013,2014년 12월 8일 00시,월요일,충청남도 천안시 동남구 봉명동,경상사고,0,0,1,0,차대차 - 추돌 - 주정차중,안전운전불이행,건조,맑음,교차로 - 교차로부근,승용,여,46세,상해없음,승용,남,51세,경상
2014120800100197,2014년 12월 8일 09시,월요일,충청남도 천안시 서북구 성환읍,경상사고,0,0,1,0,차대차 - 기타,안전운전불이행,습기,흐림,단일로 - 기타,화물,남,67세,상해없음,승용,남,24세,경상
2014120800100264,2014년 12월 8일 11시,월요일,충청남도 천안시 동남구 목천읍,경상사고,0,0,1,0,차대차 - 측면직각충돌,안전거리미확보,건조,맑음,단일로 - 기타,승용,남,32세,상해없음,승용,남,34세,경상
2014120800100350,2014년 12월 8일 14시,월요일,충청남도 천안시 서북구 입장면,경상사고,0,0,1,0,차대차 - 기타,교차로운행방법위반,건조,맑음,교차로 - 교차로안,승용,여,47세,상해없음,원동기,남,72세,경상
2014120800100427,2014년 12월 8일 16시,월요일,충청남도 천안시 서북구 두정동,중상사고,0,1,0,0,차대사람 - 기타,안전운전불이행,건조,맑음,단일로 - 기타,승용,남,30세,상해없음,보행자,남,11세,중상
2014120800100428,2014년 12월 8일 16시,월요일,충청남도 천안시 서북구 직산읍,경상사고,0,0,2,0,차대차 - 기타,신호위반,건조,맑음,교차로 - 교차로안,승용,남,36세,경상,화물,남,55세,경상
2014120800100531,2014년 12월 8일 18시,월요일,충청남도 천안시 서북구 쌍용동,경상사고,0,0,1,0,차대차 - 기타,중앙선침범,건조,맑음,단일로 - 기타,승용,남,65세,상해없음,원동기,남,16세,경상
2014120800100532,2014년 12월 8일 18시,월요일,충청남도 천안시 서북구 백석동,경상사고,0,0,1,0,차대사람 - 차도통행중,안전운전불이행,건조,맑음,교차로 - 교차로안,승용,남,55세,상해없음,보행자,여,17세,경상
2014120800100535,2014년 12월 8일 18시,월요일,충청남도 천안시 동남구 목천읍,경상사고,0,0,1,0,차량단독 - 기타,안전운전불이행,건조,맑음,단일로 - 기타,이륜,남,67세,경상,,,,
2014120800100576,2014년 12월 8일 19시,월요일,충청남도 천안시 서북구 두정동,경상사고,0,0,1,0,차대차 - 기타,중앙선침범,건조,맑음,교차로 - 교차로부근,승용,남,59세,상해없음,승용,여,36세,경상
2014120800100665,2014년 12월 8일 22시,월요일,충청남도 천안시 동남구 봉명동,중상사고,0,1,0,0,차대사람 - 기타,신호위반,건조,맑음,교차로 - 교차로부근,승용,남,34세,상해없음,보행자,남,63세,중상
2014120900100025,2014년 12월 9일 01시,화요일,충청남도 천안시 서북구 성거읍,사망사고,1,0,0,0,차대차 - 추돌 - 주정차중,안전운전불이행,습기,흐림,단일로 - 기타,승용,남,32세,사망,화물,남,44세,상해없음
2014120900100205,2014년 12월 9일 09시,화요일,충청남도 천안시 동남구 원성동,경상사고,0,0,1,0,차대사람 - 횡단중,안전운전불이행,건조,맑음,교차로 - 교차로부근,승용,여,37세,상해없음,보행자,여,53세,경상
2014120900100450,2014년 12월 9일 17시,화요일,충청남도 천안시 동남구 청수동,경상사고,0,0,1,0,차대사람 - 횡단중,안전운전불이행,건조,맑음,단일로 - 기타,승용,여,41세,상해없음,보행자,남,9세,경상
2014120900100660,2014년 12월 9일 22시,화요일,충청남도 천안시 서북구 성정동,중상사고,0,1,2,0,차대차 - 기타,안전운전불이행,건조,맑음,단일로 - 기타,승합,남,32세,상해없음,승용,여,47세,경상
2014120900100690,2014년 12월 9일 23시,화요일,충청남도 천안시 서북구 두정동,경상사고,0,0,2,0,차대차 - 기타,안전운전불이행,건조,맑음,단일로 - 기타,승용,남,34세,상해없음,승용,남,58세,경상
2014120900100691,2014년 12월 9일 23시,화요일,충청남도 천안시 서북구 쌍용동,중상사고,0,1,0,0,차대사람 - 횡단중,신호위반,건조,맑음,교차로 - 교차로안,승용,남,56세,상해없음,보행자,여,21세,중상
2014121000100495,2014년 12월 10일 18시,수요일,충청남도 천안시 동남구 구성동,경상사고,0,0,1,0,차대차 - 기타,안전운전불이행,건조,맑음,단일로 - 기타,승용,여,41세,상해없음,승용,여,41세,경상
2014121000100550,2014년 12월 10일 19시,수요일,충청남도 천안시 서북구 입장면,중상사고,0,1,0,0,차대차 - 기타,안전운전불이행,습기,흐림,기타 - 기타,원동기,남,18세,중상,승용,남,41세,상해없음
2014121000100551,2014년 12월 10일 19시,수요일,충청남도 천안시 서북구 성정동,경상사고,0,0,1,0,차대사람 - 기타,안전운전불이행,습기,흐림,교차로 - 교차로부근,승합,남,53세,상해없음,보행자,여,37세,경상
2014121000100552,2014년 12월 10일 19시,수요일,충청남도 천안시 서북구 쌍용동,중상사고,0,1,0,0,차대차 - 기타,안전거리미확보,건조,맑음,교차로 - 교차로부근,승용,여,30세,상해없음,승합,남,56세,상해없음
2014121000100553,2014년 12월 10일 19시,수요일,충청남도 천안시 서북구 쌍용동,경상사고,0,0,1,0,차대차 - 추돌 - 주정차중,안전운전불이행,결빙,흐림,교차로 - 교차로부근,승용,남,47세,상해없음,승용,남,47세,경상
2014121000100656,2014년 12월 10일 21시,수요일,충청남도 천안시 동남구 신방동,중상사고,0,1,0,0,차대사람 - 횡단중,안전운전불이행,건조,맑음,교차로 - 교차로부근,승합,남,31세,상해없음,보행자,여,35세,중상
2014121000100657,2014년 12월 10일 21시,수요일,충청남도 천안시 동남구 풍세면,경상사고,0,0,2,0,차대차 - 기타,안전운전불이행,결빙,눈,단일로 - 기타,승용,남,61세,상해없음,승용,여,29세,경상
2014121000100700,2014년 12월 10일 22시,수요일,충청남도 천안시 서북구 불당동,중상사고,0,2,0,0,차대차 - 기타,신호위반,건조,맑음,교차로 - 교차로안,승용,여,46세,상해없음,승용,남,54세,중상
2014121000100739,2014년 12월 10일 23시,수요일,충청남도 천안시 서북구 두정동,경상사고,0,0,1,0,차대차 - 추돌 - 주정차중,안전운전불이행,습기,흐림,교차로 - 교차로부근,승용,남,24세,상해없음,승용,남,39세,경상
2014121000100740,2014년 12월 10일 23시,수요일,충청남도 천안시 동남구 봉명동,경상사고,0,0,2,0,차대차 - 기타,중앙선침범,습기,비,단일로 - 기타,승용,남,46세,상해없음,승용,남,33세,경상
2014121100100083,2014년 12월 11일 05시,목요일,충청남도 천안시 서북구 쌍용동,경상사고,0,0,1,0,차대차 - 측면직각충돌,신호위반,건조,맑음,교차로 - 교차로안,승용,여,62세,상해없음,승용,여,55세,경상
2014121100100381,2014년 12월 11일 17시,목요일,충청남도 천안시 서북구 두정동,경상사고,0,0,1,0,차대차 - 기타,안전운전불이행,건조,맑음,단일로 - 기타,승용,남,36세,상해없음,원동기,남,38세,경상
2014121100100551,2014년 12월 11일 22시,목요일,충청남도 천안시 서북구 성정동,경상사고,0,0,1,0,차대차 - 측면직각충돌,안전운전불이행,건조,맑음,교차로 - 교차로안,승용,남,42세,기타불명,승용,남,52세,경상
2014121100100552,2014년 12월 11일 22시,목요일,충청남도 천안시 서북구 백석동,경상사고,0,0,2,0,차대차 - 추돌 - 주정차중,안전운전불이행,건조,맑음,교차로 - 교차로안,승용,남,35세,상해없음,승용,남,37세,경상
2014121200100150,2014년 12월 12일 08시,금요일,충청남도 천안시 동남구 신방동,경상사고,0,0,1,0,차대차 - 측면직각충돌,안전운전불이행,건조,맑음,단일로 - 기타,승용,여,46세,상해없음,자전거,남,70세,경상
2014121200100230,2014년 12월 12일 11시,금요일,충청남도 천안시 서북구 신당동,경상사고,0,0,2,0,차대차 - 기타,안전운전불이행,건조,맑음,단일로 - 기타,건설기계,남,53세,상해없음,승용,여,40세,경상
2014121200100328,2014년 12월 12일 14시,금요일,충청남도 천안시 동남구 원성동,중상사고,0,1,0,0,차대차 - 기타,교차로운행방법위반,건조,맑음,교차로 - 교차로안,승용,여,46세,상해없음,승용,남,64세,중상
2014121200100451,2014년 12월 12일 17시,금요일,충청남도 천안시 동남구 동면,경상사고,0,0,3,0,차대차 - 측면직각충돌,안전운전불이행,적설,눈,단일로 - 기타,승합,남,53세,상해없음,승용,남,47세,상해없음
2014121200100509,2014년 12월 12일 18시,금요일,충청남도 천안시 동남구 봉명동,경상사고,0,0,1,0,차대차 - 추돌 - 진행중,안전운전불이행,결빙,눈,단일로 - 기타,승용,여,63세,상해없음,승용,남,35세,상해없음
2014121200100646,2014년 12월 12일 21시,금요일,충청남도 천안시 동남구 목천읍,중상사고,0,1,1,0,차대차 - 기타,안전운전불이행,적설,눈,단일로 - 기타,화물,남,42세,상해없음,화물,남,71세,중상
2014121300100140,2014년 12월 13일 06시,토요일,충청남도 천안시 동남구 병천면,중상사고,0,1,0,0,차대차 - 기타,중앙선침범,결빙,맑음,단일로 - 기타,승용,남,23세,상해없음,승용,남,68세,중상
2014121300100255,2014년 12월 13일 11시,토요일,충청남도 천안시 동남구 안서동,중상사고,0,1,4,0,차대차 - 기타,안전운전불이행,건조,맑음,단일로 - 기타,승합,남,35세,상해없음,승합,남,46세,중상
2014121300100516,2014년 12월 13일 18시,토요일,충청남도 천안시 서북구 두정동,경상사고,0,0,1,0,차대사람 - 횡단중,보행자보호의무위반,건조,맑음,교차로 - 교차로부근,기타불명,기타불명,기타불명,기타불명,보행자,여,40세,경상
2014121300100680,2014년 12월 13일 23시,토요일,충청남도 천안시 서북구 성정동,경상사고,0,0,1,0,차대차 - 기타,안전운전불이행,적설,눈,단일로 - 기타,승용,남,32세,상해없음,승용,남,38세,경상
2014121400100060,2014년 12월 14일 02시,일요일,충청남도 천안시 서북구 쌍용동,경상사고,0,0,1,0,차대차 - 추돌 - 주정차중,안전운전불이행,적설,눈,단일로 - 기타,승용,남,26세,상해없음,승용,남,56세,경상
2014121400100061,2014년 12월 14일 02시,일요일,충청남도 천안시 서북구 성정동,경상사고,0,0,1,0,차대차 - 기타,교차로운행방법위반,건조,맑음,단일로 - 기타,승용,남,45세,상해없음,승용,남,50세,경상
2014121400100194,2014년 12월 14일 11시,일요일,충청남도 천안시 동남구 구성동,경상사고,0,0,5,0,차대차 - 정면충돌,중앙선침범,건조,맑음,단일로 - 기타,승용,남,63세,상해없음,승용,남,47세,경상
2014121400100374,2014년 12월 14일 18시,일요일,충청남도 천안시 동남구 신부동,경상사고,0,0,1,0,차대사람 - 기타,신호위반,건조,흐림,단일로 - 기타,승용,여,47세,상해없음,보행자,여,20세,경상
2014121400100416,2014년 12월 14일 19시,일요일,충청남도 천안시 서북구 성환읍,중상사고,0,2,1,0,차대차 - 정면충돌,중앙선침범,건조,맑음,단일로 - 기타,승용,남,46세,상해없음,승용,여,41세,경상
2014121400100452,2014년 12월 14일 20시,일요일,충청남도 천안시 서북구 불당동,경상사고,0,0,1,0,차대차 - 추돌 - 주정차중,안전운전불이행,결빙,맑음,단일로 - 기타,승용,남,44세,상해없음,승용,남,36세,경상
2014121400100517,2014년 12월 14일 23시,일요일,충청남도 천안시 서북구 성정동,경상사고,0,0,2,0,차대차 - 기타,안전운전불이행,건조,맑음,교차로 - 교차로부근,승용,남,43세,상해없음,승용,남,41세,경상
2014121400100518,2014년 12월 14일 23시,일요일,충청남도 천안시 동남구 목천읍,경상사고,0,0,1,0,차대사람 - 기타,안전운전불이행,건조,흐림,교차로 - 교차로안,승용,남,29세,상해없음,보행자,여,46세,경상
2014121500100271,2014년 12월 15일 13시,월요일,충청남도 천안시 동남구 목천읍,중상사고,0,2,3,0,차대차 - 정면충돌,교차로운행방법위반,건조,맑음,교차로 - 교차로안,승용,여,34세,중상,승용,여,32세,경상
2014121500100541,2014년 12월 15일 20시,월요일,충청남도 천안시 서북구 불당동,경상사고,0,0,2,0,차대차 - 추돌 - 주정차중,안전운전불이행,습기,비,교차로 - 교차로부근,승용,남,30세,상해없음,화물,남,40세,경상
2014121600100187,2014년 12월 16일 10시,화요일,충청남도 천안시 동남구 신부동,중상사고,0,1,0,0,차대사람 - 길가장자리구역통행중,안전운전불이행,건조,맑음,단일로 - 기타,승용,여,32세,상해없음,보행자,여,38세,중상
2014121600100222,2014년 12월 16일 12시,화요일,충청남도 천안시 서북구 성환읍,경상사고,0,0,1,0,차대사람 - 기타,안전운전불이행,건조,맑음,단일로 - 기타,승용,남,70세,상해없음,보행자,남,45세,경상
2014121600100274,2014년 12월 16일 14시,화요일,충청남도 천안시 서북구 직산읍,경상사고,0,0,1,0,차대차 - 추돌 - 진행중,안전운전불이행,건조,맑음,교차로 - 교차로부근,건설기계,남,40세,상해없음,승용,남,59세,경상
2014121600100312,2014년 12월 16일 15시,화요일,충청남도 천안시 서북구 업성동,경상사고,0,0,3,0,차대차 - 측면직각충돌,직진우회전진행방해,건조,맑음,교차로 - 교차로안,승용,남,49세,상해없음,승용,여,48세,경상
2014121600100332,2014년 12월 16일 16시,화요일,충청남도 천안시 동남구 봉명동,경상사고,0,0,1,0,차대사람 - 길가장자리구역통행중,안전운전불이행,결빙,눈,교차로 - 교차로부근,승합,여,47세,상해없음,보행자,여,18세,경상
2014121600100417,2014년 12월 16일 18시,화요일,충청남도 천안시 동남구 영성동,중상사고,0,1,0,0,차대사람 - 횡단중,안전운전불이행,습기,맑음,단일로 - 기타,승합,남,27세,상해없음,보행자,남,68세,중상
2014121600100522,2014년 12월 16일 21시,화요일,충청남도 천안시 동남구 동면,중상사고,0,1,0,0,차대차 - 측면직각충돌,중앙선침범,습기,맑음,교차로 - 교차로부근,승합,남,44세,상해없음,승용,남,40세,중상
2014121700100171,2014년 12월 17일 10시,수요일,충청남도 천안시 서북구 성거읍,경상사고,0,0,1,0,차대차 - 기타,교차로운행방법위반,건조,맑음,교차로 - 교차로부근,화물,남,49세,상해없음,승용,여,45세,경상
2014121700100223,2014년 12월 17일 12시,수요일,충청남도 천안시 서북구 두정동,경상사고,0,0,2,0,차대차 - 기타,안전운전불이행,건조,맑음,단일로 - 기타,승합,남,52세,상해없음,승용,남,35세,경상
2014121700100333,2014년 12월 17일 16시,수요일,충청남도 천안시 서북구 성거읍,중상사고,0,1,0,0,차대차 - 기타,안전운전불이행,건조,맑음,교차로 - 교차로부근,화물,남,57세,상해없음,승용,여,42세,중상
2014121700100427,2014년 12월 17일 18시,수요일,충청남도 천안시 서북구 쌍용동,중상사고,0,1,1,0,차대차 - 기타,신호위반,건조,맑음,교차로 - 교차로안,승용,여,28세,경상,승용,여,37세,중상
2014121700100430,2014년 12월 17일 18시,수요일,충청남도 천안시 동남구 풍세면,중상사고,0,1,0,0,차대사람 - 기타,안전운전불이행,결빙,눈,단일로 - 기타,승용,여,45세,상해없음,보행자,남,61세,중상
2014121700100496,2014년 12월 17일 20시,수요일,충청남도 천안시 동남구 안서동,경상사고,0,0,1,0,차대차 - 기타,안전운전불이행,건조,맑음,교차로 - 교차로부근,승용,남,47세,상해없음,승용,여,39세,경상
2014121700100497,2014년 12월 17일 20시,수요일,충청남도 천안시 동남구 원성동,경상사고,0,0,1,0,차대차 - 기타,교차로운행방법위반,건조,맑음,교차로 - 교차로안,이륜,남,17세,경상,승용,남,32세,상해없음
2014121700100525,2014년 12월 17일 21시,수요일,충청남도 천안시 서북구 쌍용동,경상사고,0,0,1,0,차대차 - 추돌 - 주정차중,안전운전불이행,건조,맑음,교차로 - 교차로부근,승용,남,39세,상해없음,승용,여,43세,경상