사고번호,사고일시,요일,시군구,사고내용,사망자수,중상자수,경상자수,부상신고자수,사고유형,법규위반,노면상태,기상상태,도로형태,가해운전자 차종,가해운전자 성별,가해운전자 연령,가해운전자 상해정도,피해운전자 차종,피해운전자 성별,피해운전자 연령,피해운전자 상해정도
2015010700100544,2015년 1월 7일 23시,수요일,충청남도 천안시 서북구 쌍용동,중상사고,0,1,0,0,차대차 - 추돌 - 주정차중,안전운전불이행,건조,맑음,교차로 - 교차로부근,승용,남,24세,상해없음,승용,여,23세,중상
2015010800100073,2015년 1월 8일 06시,목요일,충청남도 천안시 서북구 불당동,중상사고,0,1,0,0,차대사람 - 횡단중,보행자보호의무위반,건조,맑음,교차로 - 교차로부근,승용,남,45세,상해없음,보행자,남,51세,중상
2015010800100221,2015년 1월 8일 12시,목요일,충청남도 천안시 서북구 신당동,경상사고,0,0,1,0,차대차 - 측면직각충돌,안전운전불이행,건조,맑음,교차로 - 교차로부근,승용,남,61세,상해없음,승용,여,36세,상해없음
2015010800100483,2015년 1월 8일 21시,목요일,충청남도 천안시 서북구 성정동,경상사고,0,0,1,0,차대차 - 추돌 - 진행중,안전운전불이행,건조,맑음,단일로 - 기타,승용,남,49세,기타불명,이륜,남,37세,경상
2015010800100530,2015년 1월 8일 23시,목요일,충청남도 천안시 서북구 직산읍,경상사고,0,0,1,0,차대차 - 추돌 - 진행중,안전운전불이행,건조,맑음,단일로 - 기타,기타불명,기타불명,기타불명,기타불명,승용,남,27세,경상
2015010900100081,2015년 1월 9일 06시,금요일,충청남도 천안시 서북구 백석동,경상사고,0,0,3,0,차대차 - 기타,안전운전불이행,건조,맑음,교차로 - 교차로부근,승용,여,42세,상해없음,승용,남,43세,경상
2015010900100131,2015년 1월 9일 08시,금요일,충청남도 천안시 서북구 불당동,경상사고,0,0,1,0,차대차 - 기타,신호위반,건조,맑음,교차로 - 교차로안,승용,남,36세,상해없음,승용,남,33세,경상
2015010900100132,2015년 1월 9일 08시,금요일,충청남도 천안시 서북구 백석동,경상사고,0,0,1,0,차대차 - 기타,교차로운행방법위반,건조,맑음,교차로 - 교차로안,승용,남,45세,경상,화물,남,57세,상해없음
2015010900100180,2015년 1월 9일 10시,금요일,충청남도 천안시 서북구 두정동,중상사고,0,1,0,0,차대사람 - 횡단중,안전운전불이행,건조,맑음,단일로 - 기타,승용,남,53세,상해없음,보행자,여,27세,중상
2015010900100249,2015년 1월 9일 13시,금요일,충청남도 천안시 동남구 다가동,경상사고,0,0,1,1,차대차 - 측면직각충돌,교차로운행방법위반,건조,맑음,교차로 - 교차로안,승용,여,53세,상해없음,승용,남,67세,상해없음
2015010900100410,2015년 1월 9일 18시,금요일,충청남도 천안시 서북구 두정동,경상사고,0,0,1,0,차대사람 - 횡단중,보행자보호의무위반,건조,맑음,교차로 - 교차로안,승용,남,25세,상해없음,보행자,여,43세,경상
2015010900100526,2015년 1월 9일 21시,금요일,충청남도 천안시 서북구 백석동,경상사고,0,0,1,0,차대차 - 기타,안전운전불이행,건조,맑음,단일로 - 기타,원동기,남,54세,경상,승용,여,56세,상해없음
2015010900100527,2015년 1월 9일 21시,금요일,충청남도 천안시 동남구 구성동,중상사고,0,1,7,0,차대차 - 추돌 - 진행중,안전거리미확보,건조,맑음,단일로 - 기타,승합,남,44세,중상,승용,남,34세,경상
2015010900100564,2015년 1월 9일 22시,금요일,충청남도 천안시 동남구 병천면,경상사고,0,0,1,0,차대차 - 측면직각충돌,중앙선침범,건조,맑음,단일로 - 기타,승용,남,39세,상해없음,승용,남,45세,경상
2015011000100143,2015년 1월 10일 07시,토요일,충청남도 천안시 서북구 직산읍,중상사고,0,1,0,0,차대사람 - 횡단중,신호위반,건조,맑음,교차로 - 교차로부근,승용,남,67세,상해없음,보행자,남,22세,중상
2015011000100215,2015년 1월 10일 10시,토요일,충청남도 천안시 서북구 직산읍,경상사고,0,0,1,0,차대차 - 측면직각충돌,안전운전불이행,건조,맑음,단일로 - 기타,승용,여,47세,상해없음,승용,남,41세,경상
2015011000100258,2015년 1월 10일 12시,토요일,충청남도 천안시 동남구 원성동,중상사고,0,1,0,0,차대차 - 추돌 - 진행중,안전운전불이행,건조,맑음,교차로 - 교차로부근,승용,남,53세,상해없음,자전거,남,13세,중상
2015011000100300,2015년 1월 10일 13시,토요일,충청남도 천안시 동남구 동면,사망사고,1,1,1,0,차대차 - 정면충돌,중앙선침범,건조,맑음,단일로 - 기타,승용,남,44세,경상,승용,여,69세,사망
2015011000100329,2015년 1월 10일 14시,토요일,충청남도 천안시 서북구 불당동,경상사고,0,0,2,0,차대차 - 추돌 - 주정차중,안전운전불이행,건조,맑음,교차로 - 교차로부근,승용,여,42세,상해없음,승용,남,33세,경상
2015011000100495,2015년 1월 10일 19시,토요일,충청남도 천안시 서북구 쌍용동,경상사고,0,0,5,0,차대차 - 측면직각충돌,안전운전불이행,건조,맑음,교차로 - 교차로부근,원동기,남,47세,상해없음,승용,남,39세,경상
2015011000100584,2015년 1월 10일 22시,토요일,충청남도 천안시 서북구 차암동,경상사고,0,0,1,0,차대사람 - 횡단중,보행자보호의무위반,건조,맑음,교차로 - 교차로부근,승용,남,22세,상해없음,보행자,남,34세,경상
2015011000100606,2015년 1월 10일 23시,토요일,충청남도 천안시 서북구 성정동,중상사고,0,1,0,0,차대사람 - 차도통행중,안전운전불이행,건조,맑음,교차로 - 교차로부근,승용,남,27세,상해없음,보행자,남,43세,중상
2015011100100080,2015년 1월 11일 05시,일요일,충청남도 천안시 동남구 신방동,경상사고,0,0,3,0,차대차 - 추돌 - 주정차중,안전운전불이행,습기,흐림,교차로 - 교차로부근,승용,남,35세,상해없음,승용,남,47세,경상
2015011100100101,2015년 1월 11일 07시,일요일,충청남도 천안시 동남구 광덕면,중상사고,0,1,1,0,차대차 - 추돌 - 진행중,안전운전불이행,결빙,흐림,단일로 - 기타,화물,남,47세,상해없음,화물,남,48세,상해없음
2015011100100124,2015년 1월 11일 08시,일요일,충청남도 천안시 서북구 성환읍,중상사고,0,1,1,0,차대차 - 추돌 - 진행중,안전운전불이행,건조,맑음,단일로 - 기타,승용,남,76세,중상,승용,남,37세,경상
2015011100100167,2015년 1월 11일 10시,일요일,충청남도 천안시 서북구 쌍용동,경상사고,0,0,1,0,차대사람 - 차도통행중,안전운전불이행,건조,맑음,단일로 - 기타,승용,남,54세,상해없음,보행자,남,51세,경상
2015011100100168,2015년 1월 11일 10시,일요일,충청남도 천안시 서북구 백석동,경상사고,0,0,2,0,차대차 - 추돌 - 진행중,안전운전불이행,건조,맑음,교차로 - 교차로부근,승용,남,36세,상해없음,승용,남,43세,경상
2015011100100183,2015년 1월 11일 11시,일요일,충청남도 천안시 서북구 백석동,경상사고,0,0,1,0,차대차 - 추돌 - 주정차중,안전운전불이행,결빙,맑음,교차로 - 교차로안,승용,여,49세,상해없음,승용,남,53세,상해없음
2015011100100278,2015년 1월 11일 15시,일요일,충청남도 천안시 동남구 병천면,중상사고,0,1,0,0,차대사람 - 길가장자리구역통행중,안전운전불이행,건조,맑음,단일로 - 기타,승용,남,60세,상해없음,보행자,남,78세,중상
2015011100100464,2015년 1월 11일 22시,일요일,충청남도 천안시 서북구 성정동,중상사고,0,1,0,0,차대사람 - 차도통행중,안전운전불이행,건조,맑음,교차로 - 교차로안,승용,여,52세,상해없음,보행자,남,52세,중상
2015011200100291,2015년 1월 12일 15시,월요일,충청남도 천안시 서북구 쌍용동,경상사고,0,0,2,0,차대차 - 추돌 - 진행중,안전거리미확보,건조,맑음,단일로 - 기타,승용,여,53세,상해없음,승용,남,42세,경상
2015011200100343,2015년 1월 12일 17시,월요일,충청남도 천안시 동남구 안서동,중상사고,0,1,0,0,차대차 - 측면직각충돌,안전운전불이행,건조,맑음,단일로 - 기타,이륜,남,19세,상해없음,화물,남,54세,상해없음
2015011200100470,2015년 1월 12일 21시,월요일,충청남도 천안시 서북구 성거읍,경상사고,0,0,1,0,차대차 - 기타,중앙선침범,건조,맑음,단일로 - 기타,승용,남,48세,상해없음,승용,남,37세,경상
2015011200100516,2015년 1월 12일 23시,월요일,충청남도 천안시 서북구 성거읍,경상사고,0,0,1,0,차대차 - 정면충돌,중앙선침범,건조,맑음,교차로 - 교차로부근,승용,남,26세,상해없음,승용,남,45세,경상
2015011300100033,2015년 1월 13일 02시,화요일,충청남도 천안시 서북구 두정동,경상사고,0,0,2,0,차대차 - 정면충돌,안전운전불이행,건조,맑음,교차로 - 교차로부근,승용,남,32세,상해없음,승용,남,34세,경상
2015011300100078,2015년 1월 13일 06시,화요일,충청남도 천안시 서북구 쌍용동,경상사고,0,0,1,0,차대차 - 측면직각충돌,안전거리미확보,건조,맑음,단일로 - 기타,건설기계,남,49세,상해없음,승용,남,44세,경상
2015011300100263,2015년 1월 13일 13시,화요일,충청남도 천안시 동남구 풍세면,중상사고,0,1,0,0,차대차 - 추돌 - 주정차중,안전운전불이행,건조,맑음,단일로 - 기타,화물,남,49세,상해없음,화물,남,50세,중상
2015011300100427,2015년 1월 13일 19시,화요일,충청남도 천안시 동남구 수신면,중상사고,0,1,0,0,차대사람 - 길가장자리구역통행중,안전운전불이행,건조,맑음,교차로 - 교차로안,승용,여,29세,상해없음,보행자,여,41세,중상
2015011300100515,2015년 1월 13일 22시,화요일,충청남도 천안시 서북구 성정동,경상사고,0,0,1,0,차대사람 - 횡단중,보행자보호의무위반,건조,맑음,단일로 - 기타,승용,여,29세,상해없음,보행자,남,28세,경상
2015011400100021,2015년 1월 14일 01시,수요일,충청남도 천안시 서북구 성환읍,중상사고,0,1,0,0,차대사람 - 차도통행중,안전운전불이행,건조,맑음,단일로 - 기타,화물,남,37세,상해없음,보행자,여,67세,중상
2015011400100110,2015년 1월 14일 08시,수요일,충청남도 천안시 서북구 두정동,경상사고,0,0,1,0,차대차 - 추돌 - 진행중,교차로운행방법위반,건조,맑음,교차로 - 교차로부근,승용,남,38세,상해없음,승용,여,37세,경상
2015011400100293,2015년 1월 14일 16시,수요일,충청남도 천안시 서북구 성정동,중상사고,0,1,0,0,차대사람 - 차도통행중,안전운전불이행,건조,맑음,단일로 - 기타,승용,남,34세,상해없음,보행자,여,77세,중상
2015011400100319,2015년 1월 14일 17시,수요일,충청남도 천안시 서북구 두정동,경상사고,0,0,1,0,차대차 - 정면충돌,신호위반,건조,맑음,교차로 - 교차로부근,승용,남,19세,상해없음,이륜,남,25세,경상
2015011400100407,2015년 1월 14일 19시,수요일,충청남도 천안시 서북구 백석동,경상사고,0,0,1,0,차대차 - 기타,안전운전불이행,건조,맑음,단일로 - 기타,특수,남,49세,상해없음,승용,남,40세,경상
2015011400100436,2015년 1월 14일 20시,수요일,충청남도 천안시 서북구 입장면,중상사고,0,1,0,0,차량단독 - 기타,안전운전불이행,건조,맑음,단일로 - 기타,승합,남,51세,상해없음,,,,
2015011500100026,2015년 1월 15일 01시,목요일,충청남도 천안시 서북구 백석동,경상사고,0,0,1,0,차대차 - 추돌 - 주정차중,안전운전불이행,건조,맑음,단일로 - 기타,승용,남,36세,상해없음,승용,남,42세,경상
2015011500100051,2015년 1월 15일 04시,목요일,충청남도 천안시 동남구 병천면,중상사고,0,1,1,0,차대차 - 측면직각충돌,교차로운행방법위반,건조,맑음,교차로 - 교차로안,승용,여,46세,중상,승합,남,42세,경상
2015011500100068,2015년 1월 15일 06시,목요일,충청남도 천안시 동남구 청당동,경상사고,0,0,1,0,차대차 - 측면직각충돌,신호위반,건조,맑음,교차로 - 교차로안,승용,여,29세,상해없음,승용,남,37세,경상
2015011500100154,2015년 1월 15일 10시,목요일,충청남도 천안시 서북구 차암동,경상사고,0,0,2,0,차대차 - 기타,안전운전불이행,건조,맑음,교차로 - 교차로안,승용,남,22세,상해없음,승용,남,52세,경상
2015011500100179,2015년 1월 15일 11시,목요일,충청남도 천안시 서북구 두정동,경상사고,0,0,1,0,차대사람 - 횡단중,신호위반,건조,맑음,교차로 - 교차로부근,승용,남,56세,상해없음,보행자,남,62세,경상
2015011500100208,2015년 1월 15일 12시,목요일,충청남도 천안시 서북구 성거읍,중상사고,0,1,1,2,차대차 - 기타,안전운전불이행,건조,맑음,단일로 - 기타,승용,여,39세,부상신고,화물,남,70세,중상
2015011500100314,2015년 1월 15일 16시,목요일,충청남도 천안시 서북구 쌍용동,중상사고,0,1,0,0,차대사람 - 횡단중,보행자보호의무위반,건조,맑음,단일로 - 기타,승용,남,56세,상해없음,보행자,남,9세,중상
2015011500100432,2015년 1월 15일 19시,목요일,충청남도 천안시 서북구 불당동,경상사고,0,0,2,0,차대차 - 측면직각충돌,신호위반,건조,맑음,교차로 - 교차로안,승용,남,39세,상해없음,승용,여,25세,경상
2015011600100016,2015년 1월 16일 00시,금요일,충청남도 천안시 서북구 백석동,중상사고,0,2,0,0,차대차 - 추돌 - 주정차중,안전운전불이행,건조,맑음,교차로 - 교차로부근,승용,남,34세,상해없음,승용,남,27세,중상
2015011600100017,2015년 1월 16일 00시,금요일,충청남도 천안시 동남구 신방동,경상사고,0,0,3,0,차대차 - 측면직각충돌,신호위반,건조,기타,교차로 - 교차로안,승용,남,35세,상해없음,승용,남,35세,경상
2015011600100046,2015년 1월 16일 02시,금요일,충청남도 천안시 서북구 백석동,경상사고,0,0,1,0,차량단독 - 공작물충돌,안전운전불이행,건조,맑음,단일로 - 기타,승용,남,31세,경상,,,,
2015011600100221,2015년 1월 16일 11시,금요일,충청남도 천안시 서북구 성거읍,중상사고,0,1,0,0,차대사람 - 횡단중,안전운전불이행,습기,비,단일로 - 횡단보도상,승용,남,63세,상해없음,보행자,여,56세,중상
2015011600100252,2015년 1월 16일 12시,금요일,충청남도 천안시 서북구 두정동,경상사고,0,0,1,0,차대차 - 기타,교차로운행방법위반,습기,흐림,교차로 - 교차로안,원동기,남,52세,경상,승용,남,70세,상해없음
2015011600100304,2015년 1월 16일 14시,금요일,충청남도 천안시 서북구 입장면,중상사고,0,1,0,0,차대차 - 기타,교차로운행방법위반,건조,맑음,교차로 - 교차로안,화물,남,35세,상해없음,승용,남,33세,중상
2015011600100305,2015년 1월 16일 14시,금요일,충청남도 천안시 서북구 백석동,중상사고,0,1,0,0,차대사람 - 횡단중,신호위반,건조,맑음,단일로 - 횡단보도상,화물,남,55세,상해없음,보행자,남,7세,중상
2015011600100336,2015년 1월 16일 15시,금요일,충청남도 천안시 동남구 성남면,경상사고,0,0,1,0,차대차 - 추돌 - 주정차중,안전운전불이행,습기,비,단일로 - 기타,이륜,남,75세,경상,승용,남,53세,상해없음
2015011600100384,2015년 1월 16일 17시,금요일,충청남도 천안시 동남구 신방동,중상사고,0,1,0,0,차대차 - 추돌 - 진행중,안전운전불이행,습기,비,단일로 - 기타,승용,남,30세,상해없음,이륜,남,54세,중상
2015011600100433,2015년 1월 16일 18시,금요일,충청남도 천안시 동남구 목천읍,경상사고,0,0,1,0,차대차 - 추돌 - 진행중,중앙선침범,습기,비,단일로 - 기타,승용,남,65세,상해없음,승용,남,35세,경상
2015011700100038,2015년 1월 17일 01시,토요일,충청남도 천안시 동남구 안서동,경상사고,0,0,1,0,차대차 - 추돌 - 진행중,안전운전불이행,건조,맑음,단일로 - 기타,승용,남,30세,상해없음,승용,남,51세,경상
2015011700100099,2015년 1월 17일 04시,토요일,충청남도 천안시 서북구 성정동,경상사고,0,0,1,0,차대차 - 추돌 - 주정차중,안전운전불이행,건조,맑음,단일로 - 기타,승용,남,45세,상해없음,승용,남,31세,경상
2015011700100410,2015년 1월 17일 16시,토요일,충청남도 천안시 서북구 성환읍,경상사고,0,0,1,0,차대사람 - 차도통행중,안전운전불이행,건조,맑음,단일로 - 기타,승용,남,45세,상해없음,보행자,남,54세,경상
2015011700100571,2015년 1월 17일 21시,토요일,충청남도 천안시 동남구 봉명동,중상사고,0,2,0,0,차대차 - 측면직각충돌,중앙선침범,건조,맑음,교차로 - 교차로안,승용,남,51세,상해없음,승용,남,33세,중상
2015011800100027,2015년 1월 18일 01시,일요일,충청남도 천안시 서북구 성거읍,경상사고,0,0,1,0,차대차 - 기타,안전운전불이행,건조,맑음,단일로 - 기타,승용,남,35세,경상,승용,남,26세,상해없음
2015011800100088,2015년 1월 18일 06시,일요일,충청남도 천안시 동남구 목천읍,경상사고,0,0,1,0,차대차 - 추돌 - 진행중,안전운전불이행,건조,맑음,단일로 - 기타,승용,남,26세,상해없음,건설기계,남,45세,경상
2015011800100100,2015년 1월 18일 07시,일요일,충청남도 천안시 동남구 구성동,경상사고,0,0,2,0,차대차 - 추돌 - 진행중,안전운전불이행,건조,맑음,단일로 - 기타,승용,남,23세,상해없음,승용,남,48세,경상
2015011800100166,2015년 1월 18일 12시,일요일,충청남도 천안시 서북구 두정동,경상사고,0,0,1,0,차대차 - 추돌 - 주정차중,안전운전불이행,건조,맑음,단일로 - 기타,승용,남,23세,상해없음,승용,여,30세,경상
2015011800100207,2015년 1월 18일 14시,일요일,충청남도 천안시 동남구 신부동,경상사고,0,0,1,0,차대차 - 기타,안전운전불이행,건조,맑음,단일로 - 기타,승용,남,27세,상해없음,승용,여,42세,경상
2015011800100351,2015년 1월 18일 19시,일요일,충청남도 천안시 동남구 목천읍,중상사고,0,1,0,0,차대차 - 측면직각충돌,안전운전불이행,습기,눈,단일로 - 기타,화물,남,45세,상해없음,이륜,남,46세,중상
2015011900100010,2015년 1월 19일 00시,월요일,충청남도 천안시 서북구 직산읍,중상사고,0,1,0,0,차대차 - 추돌 - 진행중,안전운전불이행,적설,눈,단일로 - 기타,승용,남,34세,상해없음,승용,여,43세,중상
2015011900100462,2015년 1월 19일 19시,월요일,충청남도 천안시 서북구 성정동,경상사고,0,0,1,0,차대사람 - 횡단중,보행자보호의무위반,건조,맑음,단일로 - 횡단보도상,승용,남,58세,상해없음,보행자,여,40세,경상
2015011900100463,2015년 1월 19일 19시,월요일,충청남도 천안시 서북구 직산읍,중상사고,0,1,0,0,차대차 - 정면충돌,중앙선침범,건조,맑음,단일로 - 기타,원동기,남,31세,중상,화물,남,38세,상해없음
2015011900100464,2015년 1월 19일 19시,월요일,충청남도 천안시 서북구 쌍용동,중상사고,0,1,0,0,차대차 - 측면직각충돌,신호위반,건조,맑음,교차로 - 교차로안,승용,남,26세,상해없음,원동기,남,56세,중상
2015011900100517,2015년 1월 19일 21시,월요일,충청남도 천안시 서북구 성환읍,경상사고,0,0,2,1,차대차 - 측면직각충돌,안전운전불이행,건조,맑음,교차로 - 교차로부근,승용,여,50세,부상신고,승용,남,46세,경상
2015011900100553,2015년 1월 19일 22시,월요일,충청남도 천안시 서북구 쌍용동,중상사고,0,1,0,0,차대사람 - 횡단중,안전운전불이행,건조,맑음,교차로 - 교차로안,승용,남,39세,상해없음,보행자,남,65세,중상
2015012000100184,2015년 1월 20일 10시,화요일,충청남도 천안시 서북구 두정동,경상사고,0,0,2,0,차대차 - 측면직각충돌,신호위반,건조,맑음,교차로 - 교차로안,승용,남,45세,상해없음,승용,여,36세,경상
2015012100100078,2015년 1월 21일 06시,수요일,충청남도 천안시 서북구 직산읍,경상사고,0,0,1,0,차대사람 - 기타,안전운전불이행,건조,맑음,교차로 - 교차로안,화물,남,35세,상해없음,보행자,남,47세,경상
2015012100100537,2015년 1월 21일 22시,수요일,충청남도 천안시 서북구 성정동,중상사고,0,1,0,0,차대사람 - 횡단중,안전운전불이행,건조,맑음,교차로 - 교차로부근,승용,남,60세,상해없음,보행자,여,22세,중상
2015012100100538,2015년 1월 21일 22시,수요일,충청남도 천안시 서북구 두정동,중상사고,0,1,0,0,차량단독 - 공작물충돌,안전운전불이행,습기,비,단일로 - 기타,승용,남,39세,상해없음,,,,
2015012100100540,2015년 1월 21일 22시,수요일,충청남도 천안시 동남구 목천읍,경상사고,0,0,1,0,차대차 - 추돌 - 진행중,안전운전불이행,건조,맑음,단일로 - 기타,승용,남,27세,상해없음,승용,남,37세,경상
2015012200100151,2015년 1월 22일 08시,목요일,충청남도 천안시 동남구 수신면,사망사고,1,0,0,0,차대차 - 측면직각충돌,중앙선침범,결빙,흐림,단일로 - 기타,승용,여,40세,사망,화물,남,45세,상해없음
2015012200100177,2015년 1월 22일 09시,목요일,충청남도 천안시 동남구 풍세면,경상사고,0,0,1,0,차대차 - 추돌 - 주정차중,안전운전불이행,건조,맑음,교차로 - 교차로부근,승합,여,45세,상해없음,승용,남,48세,경상
2015012200100323,2015년 1월 22일 15시,목요일,충청남도 천안시 서북구 쌍용동,경상사고,0,0,1,0,차대사람 - 기타,안전운전불이행,건조,맑음,단일로 - 기타,승용,여,52세,상해없음,보행자,여,11세,경상
2015012200100401,2015년 1월 22일 18시,목요일,충청남도 천안시 동남구 수신면,중상사고,0,1,1,0,차대차 - 측면직각충돌,교차로운행방법위반,건조,맑음,교차로 - 교차로안,승용,남,23세,상해없음,승용,남,42세,상해없음
2015012200100484,2015년 1월 22일 20시,목요일,충청남도 천안시 서북구 두정동,경상사고,0,0,1,0,차대차 - 측면직각충돌,신호위반,건조,맑음,교차로 - 교차로안,원동기,남,51세,상해없음,원동기,남,49세,경상
2015012200100580,2015년 1월 22일 23시,목요일,충청남도 천안시 서북구 성정동,경상사고,0,0,1,0,차대차 - 추돌 - 주정차중,안전운전불이행,건조,맑음,교차로 - 교차로부근,승용,남,28세,상해없음,승용,남,72세,경상
2015012200100581,2015년 1월 22일 23시,목요일,충청남도 천안시 동남구 신방동,경상사고,0,0,1,0,차대사람 - 차도통행중,안전운전불이행,건조,맑음,단일로 - 기타,승용,남,42세,상해없음,보행자,남,28세,경상
2015012300100015,2015년 1월 23일 00시,금요일,충청남도 천안시 서북구 성성동,중상사고,0,1,0,0,차량단독 - 공작물충돌,과속,건조,흐림,단일로 - 기타,승용,남,29세,기타불명,,,,
2015012300100051,2015년 1월 23일 02시,금요일,충청남도 천안시 서북구 두정동,경상사고,0,0,1,0,차량단독 - 공작물충돌,안전운전불이행,건조,맑음,단일로 - 기타,승용,남,26세,기타불명,,,,
2015012300100242,2015년 1월 23일 11시,금요일,충청남도 천안시 동남구 영성동,중상사고,0,1,0,0,차대차 - 추돌 - 진행중,안전운전불이행,건조,맑음,교차로 - 교차로안,승용,남,66세,기타불명,이륜,남,51세,중상
2015012300100512,2015년 1월 23일 20시,금요일,충청남도 천안시 서북구 두정동,중상사고,0,1,0,0,차대차 - 추돌 - 진행중,안전운전불이행,건조,맑음,단일로 - 기타,이륜,남,19세,중상,승용,남,39세,상해없음
2015012400100016,2015년 1월 24일 00시,토요일,충청남도 천안시 서북구 두정동,경상사고,0,0,1,0,차대차 - 기타,안전운전불이행,습기,맑음,단일로 - 기타,승용,남,29세,상해없음,승용,남,25세,경상
2015012400100037,2015년 1월 24일 01시,토요일,충청남도 천안시 서북구 두정동,경상사고,0,0,1,0,차대차 - 측면직각충돌,신호위반,건조,맑음,교차로 - 교차로안,승용,남,21세,상해없음,승용,남,31세,경상
2015012400100098,2015년 1월 24일 06시,토요일,충청남도 천안시 동남구 구성동,경상사고,0,0,1,0,차대차 - 추돌 - 진행중,안전운전불이행,건조,맑음,단일로 - 기타,승용,남,18세,경상,화물,남,47세,상해없음
2015012400100172,2015년 1월 24일 10시,토요일,충청남도 천안시 서북구 두정동,중상사고,0,1,0,0,차대차 - 기타,안전거리미확보,건조,맑음,교차로 - 교차로부근,승용,남,28세,상해없음,화물,남,43세,상해없음
2015012400100359,2015년 1월 24일 17시,토요일,충청남도 천안시 서북구 성정동,경상사고,0,0,2,0,차대차 - 추돌 - 진행중,안전거리미확보,건조,맑음,단일로 - 기타,승용,남,36세,상해없음,승용,남,25세,경상
2015012400100360,2015년 1월 24일 17시,토요일,충청남도 천안시 서북구 성거읍,경상사고,0,0,1,0,차대차 - 측면직각충돌,안전운전불이행,건조,맑음,교차로 - 교차로안,화물,남,64세,상해없음,승용,남,53세,경상
2015012400100362,2015년 1월 24일 17시,토요일,충청남도 천안시 동남구 원성동,중상사고,0,1,0,0,차대사람 - 횡단중,안전운전불이행,건조,맑음,교차로 - 교차로안,승용,여,36세,상해없음,보행자,여,82세,중상
2015012400100482,2015년 1월 24일 20시,토요일,충청남도 천안시 서북구 두정동,경상사고,0,0,2,0,차대차 - 측면직각충돌,안전운전불이행,건조,맑음,교차로 - 교차로안,승용,남,62세,상해없음,승용,여,28세,경상
2015012400100567,2015년 1월 24일 23시,토요일,충청남도 천안시 동남구 신부동,경상사고,0,0,1,0,차대차 - 측면직각충돌,기타,건조,맑음,단일로 - 기타,이륜,남,43세,경상,승용,남,46세,상해없음
2015012500100057,2015년 1월 25일 04시,일요일,충청남도 천안시 서북구 두정동,중상사고,0,1,1,0,차대차 - 측면직각충돌,신호위반,건조,맑음,교차로 - 교차로안,승용,남,26세,상해없음,승용,남,45세,중상
2015012500100058,2015년 1월 25일 04시,일요일,충청남도 천안시 서북구 성정동,경상사고,0,0,2,0,차대차 - 추돌 - 주정차중,안전운전불이행,건조,맑음,단일로 - 기타,승용,남,29세,상해없음,승용,남,31세,경상
2015012500100138,2015년 1월 25일 11시,일요일,충청남도 천안시 서북구 신당동,중상사고,0,1,3,0,차대차 - 측면직각충돌,신호위반,건조,맑음,교차로 - 교차로부근,화물,남,62세,중상,승용,여,54세,경상
2015012500100272,2015년 1월 25일 18시,일요일,충청남도 천안시 서북구 성거읍,중상사고,0,1,0,0,차대차 - 기타,신호위반,습기,비,교차로 - 교차로안,화물,남,23세,상해없음,원동기,남,42세,중상
2015012600100335,2015년 1월 26일 16시,월요일,충청남도 천안시 서북구 쌍용동,중상사고,0,1,1,0,차대차 - 기타,안전운전불이행,건조,맑음,교차로 - 교차로부근,승용,여,50세,상해없음,승합,남,39세,상해없음
2015012600100409,2015년 1월 26일 18시,월요일,충청남도 천안시 서북구 불당동,경상사고,0,0,1,0,차대사람 - 기타,안전운전불이행,건조,맑음,단일로 - 기타,승용,여,49세,상해없음,보행자,남,17세,경상
2015012600100507,2015년 1월 26일 21시,월요일,충청남도 천안시 서북구 성정동,경상사고,0,0,1,0,차대차 - 측면직각충돌,안전운전불이행,건조,맑음,교차로 - 교차로부근,승용,남,50세,상해없음,승용,여,46세,경상
2015012700100040,2015년 1월 27일 03시,화요일,충청남도 천안시 서북구 성정동,경상사고,0,0,1,0,차대차 - 측면직각충돌,안전운전불이행,건조,맑음,교차로 - 교차로안,승용,남,31세,상해없음,원동기,남,19세,경상
2015012700100081,2015년 1월 27일 07시,화요일,충청남도 천안시 서북구 성정동,경상사고,0,0,2,0,차대차 - 측면직각충돌,신호위반,건조,맑음,교차로 - 교차로안,승용,남,31세,상해없음,승용,남,26세,경상
2015012700100152,2015년 1월 27일 10시,화요일,충청남도 천안시 서북구 성정동,경상사고,0,0,1,0,차대차 - 측면직각충돌,교차로운행방법위반,건조,맑음,교차로 - 교차로안,승용,여,48세,상해없음,승용,여,26세,경상
2015012700100221,2015년 1월 27일 13시,화요일,충청남도 천안시 동남구 사직동,경상사고,0,0,1,0,차대차 - 측면직각충돌,안전운전불이행,건조,맑음,교차로 - 교차로부근,승용,남,18세,상해없음,승용,남,72세,경상
2015012700100251,2015년 1월 27일 14시,화요일,충청남도 천안시 서북구 성환읍,경상사고,0,0,1,0,차대차 - 측면직각충돌,교차로운행방법위반,건조,맑음,교차로 - 교차로안,승용,남,72세,상해없음,승용,여,47세,경상
2015012700100280,2015년 1월 27일 15시,화요일,충청남도 천안시 서북구 쌍용동,경상사고,0,0,1,0,차대차 - 측면직각충돌,안전운전불이행,건조,맑음,단일로 - 기타,승용,남,32세,상해없음,승용,남,46세,경상
2015012700100307,2015년 1월 27일 16시,화요일,충청남도 천안시 서북구 성정동,경상사고,0,0,1,0,차대차 - 측면직각충돌,안전운전불이행,건조,맑음,교차로 - 교차로안,승용,여,37세,상해없음,승용,남,42세,경상