사고번호,사고일시,요일,시군구,사고내용,사망자수,중상자수,경상자수,부상신고자수,사고유형,법규위반,노면상태,기상상태,도로형태,가해운전자 차종,가해운전자 성별,가해운전자 연령,가해운전자 상해정도,피해운전자 차종,피해운전자 성별,피해운전자 연령,피해운전자 상해정도
2015031100100299,2015년 3월 11일 15시,수요일,충청남도 천안시 동남구 북면,경상사고,0,0,1,0,차대차 - 추돌 - 진행중,중앙선침범,건조,맑음,단일로 - 기타,승용,여,52세,상해없음,화물,남,53세,경상
2015031100100327,2015년 3월 11일 16시,수요일,충청남도 천안시 서북구 성정동,중상사고,0,1,1,0,차대차 - 측면직각충돌,신호위반,건조,맑음,교차로 - 교차로안,승용,남,63세,상해없음,원동기,남,35세,중상
2015031100100358,2015년 3월 11일 17시,수요일,충청남도 천안시 서북구 백석동,경상사고,0,0,1,0,차대차 - 측면직각충돌,신호위반,건조,맑음,교차로 - 교차로안,승용,여,32세,상해없음,승용,남,74세,경상
2015031100100501,2015년 3월 11일 21시,수요일,충청남도 천안시 서북구 성정동,경상사고,0,0,2,0,차대차 - 추돌 - 주정차중,안전운전불이행,건조,맑음,교차로 - 교차로부근,승용,남,31세,기타불명,이륜,남,33세,경상
2015031200100043,2015년 3월 12일 02시,목요일,충청남도 천안시 서북구 백석동,경상사고,0,0,1,0,차대차 - 추돌 - 주정차중,안전운전불이행,건조,맑음,단일로 - 기타,승용,남,36세,상해없음,승용,여,36세,경상
2015031200100147,2015년 3월 12일 08시,목요일,충청남도 천안시 동남구 봉명동,경상사고,0,0,1,0,차대차 - 추돌 - 주정차중,안전운전불이행,건조,맑음,교차로 - 교차로부근,승용,남,30세,상해없음,승용,남,59세,경상
2015031200100183,2015년 3월 12일 09시,목요일,충청남도 천안시 서북구 성거읍,경상사고,0,0,1,0,차대차 - 기타,차로위반,건조,맑음,단일로 - 기타,건설기계,남,53세,상해없음,승용,남,47세,경상
2015031200100290,2015년 3월 12일 13시,목요일,충청남도 천안시 서북구 직산읍,경상사고,0,0,1,0,차대차 - 측면직각충돌,직진우회전진행방해,건조,맑음,교차로 - 교차로안,승용,남,48세,상해없음,원동기,남,32세,경상
2015031200100507,2015년 3월 12일 19시,목요일,충청남도 천안시 동남구 청당동,경상사고,0,0,1,0,차대차 - 측면직각충돌,안전운전불이행,건조,맑음,교차로 - 교차로안,승용,남,57세,상해없음,화물,남,53세,경상
2015031200100619,2015년 3월 12일 22시,목요일,충청남도 천안시 서북구 성정동,경상사고,0,0,2,0,차대차 - 추돌 - 주정차중,안전운전불이행,건조,맑음,단일로 - 기타,승용,남,38세,상해없음,승용,남,44세,경상
2015031300100275,2015년 3월 13일 12시,금요일,충청남도 천안시 동남구 신부동,경상사고,0,0,1,0,차대차 - 측면직각충돌,안전운전불이행,건조,맑음,기타 - 기타,승용,남,63세,기타불명,승용,남,46세,경상
2015031300100368,2015년 3월 13일 15시,금요일,충청남도 천안시 서북구 쌍용동,경상사고,0,0,1,0,차대차 - 측면직각충돌,신호위반,건조,맑음,교차로 - 교차로안,화물,남,62세,상해없음,원동기,남,23세,경상
2015031300100370,2015년 3월 13일 15시,금요일,충청남도 천안시 동남구 목천읍,중상사고,0,1,0,0,차대사람 - 횡단중,보행자보호의무위반,건조,맑음,교차로 - 교차로부근,승용,여,51세,상해없음,보행자,남,8세,중상
2015031300100478,2015년 3월 13일 18시,금요일,충청남도 천안시 동남구 다가동,경상사고,0,0,1,0,차대사람 - 횡단중,안전운전불이행,건조,맑음,단일로 - 기타,승용,남,75세,상해없음,보행자,여,58세,경상
2015031300100526,2015년 3월 13일 19시,금요일,충청남도 천안시 동남구 신방동,경상사고,0,0,1,0,차대차 - 추돌 - 진행중,안전거리미확보,건조,맑음,단일로 - 기타,승용,여,32세,상해없음,승용,여,30세,경상
2015031300100570,2015년 3월 13일 20시,금요일,충청남도 천안시 동남구 다가동,경상사고,0,0,1,0,차대차 - 측면직각충돌,안전운전불이행,건조,맑음,교차로 - 교차로안,승합,남,51세,상해없음,승용,여,34세,경상
2015031300100618,2015년 3월 13일 21시,금요일,충청남도 천안시 동남구 신부동,경상사고,0,0,1,0,차대차 - 측면직각충돌,안전거리미확보,건조,맑음,단일로 - 기타,승용,남,50세,상해없음,이륜,남,34세,경상
2015031400100367,2015년 3월 14일 14시,토요일,충청남도 천안시 동남구 광덕면,경상사고,0,0,2,0,차대차 - 추돌 - 진행중,안전거리미확보,건조,맑음,단일로 - 기타,승용,남,42세,상해없음,승용,남,59세,경상
2015031400100444,2015년 3월 14일 16시,토요일,충청남도 천안시 서북구 쌍용동,중상사고,0,1,0,0,차대차 - 기타,안전운전불이행,건조,맑음,단일로 - 기타,승용,남,25세,상해없음,원동기,남,32세,중상
2015031400100594,2015년 3월 14일 20시,토요일,충청남도 천안시 동남구 대흥동,중상사고,0,1,0,0,차대차 - 추돌 - 진행중,안전운전불이행,건조,맑음,교차로 - 교차로안,승용,여,34세,상해없음,이륜,남,23세,중상
2015031500100034,2015년 3월 15일 01시,일요일,충청남도 천안시 서북구 성정동,중상사고,0,1,1,0,차대차 - 기타,안전운전불이행,건조,맑음,교차로 - 교차로안,승용,남,33세,상해없음,승용,남,34세,경상
2015031500100373,2015년 3월 15일 17시,일요일,충청남도 천안시 동남구 광덕면,중상사고,0,1,5,0,차대차 - 기타,안전운전불이행,건조,맑음,단일로 - 기타,승용,남,70세,상해없음,승용,여,31세,경상
2015031500100452,2015년 3월 15일 19시,일요일,충청남도 천안시 동남구 신방동,경상사고,0,0,4,0,차대차 - 기타,안전운전불이행,건조,맑음,단일로 - 기타,승용,남,39세,상해없음,원동기,남,43세,경상
2015031500100485,2015년 3월 15일 20시,일요일,충청남도 천안시 동남구 쌍용동,중상사고,0,1,0,0,차대차 - 측면직각충돌,신호위반,건조,맑음,단일로 - 기타,승용,남,27세,상해없음,이륜,남,27세,중상
2015031500100486,2015년 3월 15일 20시,일요일,충청남도 천안시 동남구 봉명동,경상사고,0,0,1,0,차대차 - 추돌 - 주정차중,안전운전불이행,건조,맑음,단일로 - 기타,승용,남,49세,상해없음,승용,여,26세,경상
2015031600100051,2015년 3월 16일 06시,월요일,충청남도 천안시 서북구 성거읍,중상사고,0,1,0,0,차대차 - 기타,안전운전불이행,건조,맑음,단일로 - 기타,화물,남,46세,상해없음,승용,남,29세,중상
2015031600100064,2015년 3월 16일 07시,월요일,충청남도 천안시 서북구 직산읍,경상사고,0,0,1,0,차대차 - 측면직각충돌,직진우회전진행방해,건조,맑음,교차로 - 교차로안,자전거,여,19세,경상,승용,남,19세,상해없음
2015031600100102,2015년 3월 16일 08시,월요일,충청남도 천안시 동남구 다가동,경상사고,0,0,2,0,차대차 - 측면직각충돌,차로위반,건조,맑음,단일로 - 기타,승용,남,57세,상해없음,승용,남,63세,경상
2015031600100155,2015년 3월 16일 10시,월요일,충청남도 천안시 서북구 백석동,중상사고,0,1,1,0,차대차 - 추돌 - 진행중,안전운전불이행,건조,맑음,단일로 - 기타,승용,남,56세,상해없음,승용,여,40세,경상
2015031600100158,2015년 3월 16일 10시,월요일,충청남도 천안시 동남구 병천면,경상사고,0,0,1,0,차대차 - 추돌 - 진행중,안전운전불이행,건조,맑음,단일로 - 기타,원동기,남,79세,경상,승합,남,78세,상해없음
2015031600100265,2015년 3월 16일 13시,월요일,충청남도 천안시 동남구 동면,경상사고,0,0,1,0,차대차 - 측면직각충돌,교차로운행방법위반,건조,맑음,교차로 - 교차로안,원동기,남,84세,경상,화물,남,60세,상해없음
2015031700100029,2015년 3월 17일 02시,화요일,충청남도 천안시 서북구 성환읍,중상사고,0,1,0,0,차량단독 - 전도전복,안전운전불이행,건조,맑음,단일로 - 기타,승용,남,18세,상해없음,,,,
2015031700100247,2015년 3월 17일 12시,화요일,충청남도 천안시 서북구 쌍용동,경상사고,0,0,1,0,차대사람 - 횡단중,신호위반,건조,맑음,단일로 - 횡단보도상,화물,남,74세,상해없음,보행자,여,53세,경상
2015031700100308,2015년 3월 17일 14시,화요일,충청남도 천안시 서북구 직산읍,중상사고,0,1,0,0,차대차 - 기타,직진우회전진행방해,건조,맑음,교차로 - 교차로안,승용,남,55세,상해없음,원동기,남,43세,중상
2015031700100311,2015년 3월 17일 14시,화요일,충청남도 천안시 동남구 목천읍,중상사고,0,1,0,0,차대사람 - 길가장자리구역통행중,안전운전불이행,건조,맑음,기타 - 기타,화물,남,50세,상해없음,보행자,여,71세,중상
2015031700100312,2015년 3월 17일 14시,화요일,충청남도 천안시 동남구 원성동,중상사고,0,1,0,0,차대차 - 측면직각충돌,교차로운행방법위반,건조,맑음,교차로 - 교차로안,화물,남,34세,상해없음,자전거,남,75세,중상
2015031700100438,2015년 3월 17일 18시,화요일,충청남도 천안시 서북구 두정동,경상사고,0,0,2,0,차대차 - 추돌 - 주정차중,안전운전불이행,건조,맑음,단일로 - 기타,승용,남,48세,상해없음,승용,여,35세,경상
2015031700100441,2015년 3월 17일 18시,화요일,충청남도 천안시 동남구 성남면,중상사고,0,1,0,0,차대차 - 측면직각충돌,안전운전불이행,건조,맑음,단일로 - 기타,화물,남,50세,상해없음,승용,남,39세,중상
2015031700100482,2015년 3월 17일 19시,화요일,충청남도 천안시 서북구 쌍용동,경상사고,0,0,2,0,차대차 - 추돌 - 진행중,안전운전불이행,건조,맑음,단일로 - 기타,화물,여,56세,상해없음,승용,남,25세,경상
2015031700100548,2015년 3월 17일 21시,화요일,충청남도 천안시 서북구 성성동,중상사고,0,3,1,0,차대차 - 측면직각충돌,신호위반,건조,맑음,교차로 - 교차로부근,화물,남,22세,중상,승용,여,29세,경상
2015031700100575,2015년 3월 17일 22시,화요일,충청남도 천안시 서북구 백석동,사망사고,1,0,0,0,차대사람 - 보도통행중,안전운전불이행,건조,맑음,교차로 - 교차로부근,승용,남,33세,상해없음,보행자,남,48세,사망
2015031800100024,2015년 3월 18일 01시,수요일,충청남도 천안시 서북구 쌍용동,중상사고,0,3,1,0,차대차 - 측면직각충돌,신호위반,건조,맑음,교차로 - 교차로안,승용,남,34세,중상,승용,남,40세,중상
2015031800100134,2015년 3월 18일 08시,수요일,충청남도 천안시 서북구 성거읍,경상사고,0,0,1,0,차대사람 - 횡단중,안전운전불이행,습기,비,단일로 - 기타,화물,남,65세,상해없음,보행자,남,20세,경상
2015031800100137,2015년 3월 18일 08시,수요일,충청남도 천안시 동남구 용곡동,경상사고,0,0,3,0,차대사람 - 횡단중,안전운전불이행,건조,맑음,단일로 - 기타,승용,여,44세,상해없음,보행자,여,36세,경상
2015031800100265,2015년 3월 18일 13시,수요일,충청남도 천안시 동남구 원성동,경상사고,0,0,1,0,차대차 - 추돌 - 진행중,안전운전불이행,습기,비,단일로 - 기타,화물,남,47세,상해없음,승용,여,34세,경상
2015031800100569,2015년 3월 18일 20시,수요일,충청남도 천안시 동남구 청당동,경상사고,0,0,1,0,차대차 - 측면직각충돌,교차로운행방법위반,건조,맑음,교차로 - 교차로안,승용,여,40세,상해없음,승용,여,43세,경상
2015031800100653,2015년 3월 18일 22시,수요일,충청남도 천안시 동남구 구성동,경상사고,0,0,1,0,차대사람 - 횡단중,안전운전불이행,건조,맑음,단일로 - 기타,승용,남,35세,상해없음,보행자,남,52세,경상
2015031800100654,2015년 3월 18일 22시,수요일,충청남도 천안시 동남구 목천읍,경상사고,0,0,2,0,차대차 - 측면직각충돌,안전운전불이행,습기,흐림,교차로 - 교차로부근,화물,남,47세,상해없음,승용,남,45세,경상
2015031900100098,2015년 3월 19일 07시,목요일,충청남도 천안시 서북구 성거읍,중상사고,0,1,2,0,차대차 - 측면직각충돌,안전운전불이행,건조,맑음,교차로 - 교차로안,승용,남,26세,중상,승용,남,44세,경상
2015031900100371,2015년 3월 19일 15시,목요일,충청남도 천안시 동남구 문화동,중상사고,0,1,0,0,차대사람 - 보도통행중,안전운전불이행,건조,맑음,단일로 - 기타,승용,남,65세,상해없음,보행자,남,68세,중상
2015031900100516,2015년 3월 19일 19시,목요일,충청남도 천안시 서북구 두정동,경상사고,0,0,3,0,차대차 - 측면직각충돌,교차로운행방법위반,건조,맑음,교차로 - 교차로안,승용,남,29세,상해없음,승용,남,27세,경상
2015031900100519,2015년 3월 19일 19시,목요일,충청남도 천안시 동남구 성황동,중상사고,0,1,0,0,차대차 - 측면직각충돌,신호위반,건조,맑음,교차로 - 교차로안,기타불명,기타불명,기타불명,기타불명,승용,남,37세,중상
2015032000100008,2015년 3월 20일 00시,금요일,충청남도 천안시 동남구 쌍용동,중상사고,0,1,0,0,차대차 - 정면충돌,교차로운행방법위반,건조,맑음,교차로 - 교차로안,승용,남,36세,상해없음,승용,남,25세,중상
2015032000100042,2015년 3월 20일 02시,금요일,충청남도 천안시 서북구 성정동,경상사고,0,0,1,0,차대차 - 추돌 - 주정차중,안전운전불이행,건조,맑음,단일로 - 기타,승용,남,33세,상해없음,승용,남,35세,경상
2015032000100083,2015년 3월 20일 06시,금요일,충청남도 천안시 동남구 구성동,경상사고,0,0,1,0,차대차 - 추돌 - 진행중,안전운전불이행,건조,맑음,단일로 - 기타,화물,남,31세,상해없음,승용,여,50세,경상
2015032000100102,2015년 3월 20일 07시,금요일,충청남도 천안시 서북구 쌍용동,경상사고,0,0,1,0,차대차 - 측면직각충돌,안전거리미확보,건조,맑음,단일로 - 기타,승용,남,53세,상해없음,승용,남,54세,상해없음
2015032000100141,2015년 3월 20일 08시,금요일,충청남도 천안시 서북구 두정동,경상사고,0,0,1,0,차대사람 - 기타,안전운전불이행,건조,맑음,단일로 - 기타,승용,여,29세,상해없음,보행자,여,23세,경상
2015032000100170,2015년 3월 20일 09시,금요일,충청남도 천안시 서북구 두정동,경상사고,0,0,1,0,차대사람 - 기타,안전운전불이행,건조,맑음,단일로 - 기타,기타불명,기타불명,기타불명,기타불명,보행자,남,37세,경상
2015032000100196,2015년 3월 20일 10시,금요일,충청남도 천안시 동남구 신부동,중상사고,0,1,0,0,차대사람 - 차도통행중,안전운전불이행,건조,맑음,단일로 - 기타,화물,남,42세,상해없음,보행자,남,48세,중상
2015032000100551,2015년 3월 20일 20시,금요일,충청남도 천안시 서북구 두정동,경상사고,0,0,3,0,차대차 - 추돌 - 주정차중,안전운전불이행,건조,맑음,단일로 - 기타,승용,남,38세,상해없음,승용,남,25세,경상
2015032000100593,2015년 3월 20일 21시,금요일,충청남도 천안시 동남구 삼룡동,중상사고,0,2,2,0,차대차 - 기타,차로위반,건조,맑음,단일로 - 기타,승용,남,61세,상해없음,승용,여,29세,중상
2015032100100011,2015년 3월 21일 00시,토요일,충청남도 천안시 서북구 백석동,경상사고,0,0,1,0,차대차 - 측면직각충돌,안전운전불이행,건조,맑음,단일로 - 기타,승용,남,33세,상해없음,승용,여,38세,경상
2015032100100030,2015년 3월 21일 01시,토요일,충청남도 천안시 동남구 봉명동,중상사고,0,1,0,0,차대사람 - 횡단중,안전운전불이행,건조,맑음,단일로 - 기타,승용,남,62세,상해없음,보행자,남,34세,중상
2015032100100074,2015년 3월 21일 04시,토요일,충청남도 천안시 서북구 백석동,중상사고,0,1,1,0,차량단독 - 전도전복,안전운전불이행,건조,맑음,단일로 - 기타,화물,남,56세,상해없음,,,,
2015032100100226,2015년 3월 21일 12시,토요일,충청남도 천안시 동남구 병천면,경상사고,0,0,1,0,차대차 - 측면직각충돌,안전운전불이행,건조,맑음,단일로 - 기타,승합,남,36세,상해없음,원동기,남,66세,경상
2015032100100294,2015년 3월 21일 14시,토요일,충청남도 천안시 동남구 안서동,경상사고,0,0,1,0,차대차 - 측면직각충돌,차로위반,건조,맑음,단일로 - 기타,원동기,남,20세,경상,승용,남,28세,상해없음
2015032100100295,2015년 3월 21일 14시,토요일,충청남도 천안시 동남구 구성동,경상사고,0,0,1,0,차대차 - 측면직각충돌,차로위반,건조,맑음,단일로 - 기타,승용,남,29세,상해없음,승용,남,34세,경상
2015032100100339,2015년 3월 21일 15시,토요일,충청남도 천안시 동남구 원성동,경상사고,0,0,4,0,차대차 - 측면직각충돌,안전거리미확보,건조,맑음,단일로 - 기타,건설기계,남,38세,상해없음,승용,여,36세,경상
2015032100100368,2015년 3월 21일 16시,토요일,충청남도 천안시 서북구 성거읍,경상사고,0,0,1,0,차대차 - 추돌 - 진행중,안전거리미확보,건조,맑음,단일로 - 기타,승용,남,52세,상해없음,화물,남,60세,경상
2015032100100494,2015년 3월 21일 19시,토요일,충청남도 천안시 서북구 성정동,중상사고,0,1,0,0,차대사람 - 횡단중,보행자보호의무위반,건조,맑음,단일로 - 횡단보도상,승용,여,59세,상해없음,보행자,여,44세,중상
2015032200100012,2015년 3월 22일 00시,일요일,충청남도 천안시 동남구 신방동,중상사고,0,1,1,0,차대차 - 정면충돌,신호위반,건조,맑음,교차로 - 교차로안,승용,남,23세,경상,승용,남,23세,중상
2015032200100093,2015년 3월 22일 05시,일요일,충청남도 천안시 서북구 성정동,경상사고,0,0,2,0,차대차 - 추돌 - 주정차중,안전운전불이행,건조,맑음,교차로 - 교차로부근,승용,남,25세,기타불명,승용,남,33세,경상
2015032200100359,2015년 3월 22일 16시,일요일,충청남도 천안시 동남구 원성동,경상사고,0,0,1,0,차대차 - 측면직각충돌,안전운전불이행,건조,맑음,단일로 - 기타,화물,남,56세,상해없음,승용,남,63세,경상
2015032200100460,2015년 3월 22일 19시,일요일,충청남도 천안시 동남구 신방동,경상사고,0,0,1,0,차대차 - 기타,교차로운행방법위반,건조,맑음,교차로 - 교차로안,승용,기타불명,기타불명,기타불명,이륜,남,19세,경상
2015032300100012,2015년 3월 23일 01시,월요일,충청남도 천안시 서북구 와촌동,중상사고,0,1,1,0,차대사람 - 횡단중,안전운전불이행,건조,맑음,단일로 - 기타,원동기,남,55세,상해없음,보행자,남,51세,중상
2015032300100117,2015년 3월 23일 08시,월요일,충청남도 천안시 서북구 성거읍,중상사고,0,1,1,0,차대차 - 기타,중앙선침범,건조,맑음,교차로 - 교차로부근,승용,남,57세,상해없음,승용,여,34세,상해없음
2015032300100173,2015년 3월 23일 10시,월요일,충청남도 천안시 서북구 두정동,경상사고,0,0,1,0,차대차 - 추돌 - 주정차중,안전운전불이행,건조,맑음,교차로 - 교차로부근,승용,남,46세,상해없음,화물,남,30세,경상
2015032300100295,2015년 3월 23일 14시,월요일,충청남도 천안시 서북구 쌍용동,중상사고,0,1,0,0,차대차 - 측면직각충돌,신호위반,건조,맑음,교차로 - 교차로부근,승용,남,26세,상해없음,원동기,남,21세,중상
2015032300100326,2015년 3월 23일 15시,월요일,충청남도 천안시 서북구 업성동,경상사고,0,0,1,0,차대차 - 측면직각충돌,신호위반,건조,맑음,교차로 - 교차로안,승용,남,56세,상해없음,화물,남,36세,경상
2015032300100363,2015년 3월 23일 16시,월요일,충청남도 천안시 서북구 쌍용동,경상사고,0,0,1,0,차대사람 - 기타,안전운전불이행,건조,맑음,단일로 - 기타,승용,남,22세,기타불명,보행자,남,22세,경상
2015032300100412,2015년 3월 23일 17시,월요일,충청남도 천안시 동남구 신부동,중상사고,0,1,0,0,차대사람 - 횡단중,보행자보호의무위반,건조,맑음,단일로 - 횡단보도상,승용,남,56세,상해없음,보행자,여,29세,중상
2015032400100039,2015년 3월 24일 03시,화요일,충청남도 천안시 서북구 성정동,경상사고,0,0,2,0,차대차 - 추돌 - 진행중,안전운전불이행,건조,맑음,단일로 - 기타,승용,여,37세,상해없음,승용,남,59세,경상
2015032400100165,2015년 3월 24일 09시,화요일,충청남도 천안시 동남구 청당동,경상사고,0,0,1,0,차대사람 - 기타,안전운전불이행,건조,맑음,교차로 - 교차로안,승용,여,38세,상해없음,보행자,남,39세,경상
2015032400100212,2015년 3월 24일 11시,화요일,충청남도 천안시 서북구 쌍용동,중상사고,0,1,0,0,차대차 - 측면직각충돌,신호위반,건조,맑음,교차로 - 교차로부근,승용,남,46세,상해없음,이륜,남,59세,중상
2015032400100385,2015년 3월 24일 17시,화요일,충청남도 천안시 동남구 봉명동,중상사고,0,1,0,0,차대사람 - 차도통행중,안전운전불이행,건조,맑음,교차로 - 교차로안,승용,남,51세,기타불명,보행자,여,17세,중상
2015032400100475,2015년 3월 24일 19시,화요일,충청남도 천안시 동남구 구성동,경상사고,0,0,1,0,차대차 - 추돌 - 진행중,안전운전불이행,건조,맑음,단일로 - 기타,승용,남,14세,상해없음,승용,남,39세,경상
2015032400100589,2015년 3월 24일 22시,화요일,충청남도 천안시 서북구 성환읍,경상사고,0,0,2,0,차대차 - 추돌 - 주정차중,안전운전불이행,건조,맑음,단일로 - 기타,승용,남,70세,경상,화물,남,55세,경상
2015032400100590,2015년 3월 24일 22시,화요일,충청남도 천안시 서북구 성정동,경상사고,0,0,2,0,차대차 - 정면충돌,중앙선침범,건조,맑음,교차로 - 교차로부근,원동기,여,31세,경상,원동기,남,27세,경상
2015032400100594,2015년 3월 24일 22시,화요일,충청남도 천안시 동남구 북면,경상사고,0,0,1,0,차대차 - 추돌 - 주정차중,안전운전불이행,건조,맑음,교차로 - 교차로부근,화물,남,52세,상해없음,승용,여,51세,경상
2015032500100025,2015년 3월 25일 01시,수요일,충청남도 천안시 서북구 쌍용동,중상사고,0,2,1,0,차대차 - 측면직각충돌,중앙선침범,건조,맑음,교차로 - 교차로안,승용,남,25세,상해없음,승용,남,54세,경상
2015032500100026,2015년 3월 25일 01시,수요일,충청남도 천안시 동남구 신방동,중상사고,0,3,0,0,차대차 - 정면충돌,중앙선침범,건조,맑음,단일로 - 기타,승용,남,25세,중상,화물,남,28세,중상
2015032500100045,2015년 3월 25일 03시,수요일,충청남도 천안시 서북구 두정동,중상사고,0,1,0,0,차대차 - 측면직각충돌,교차로운행방법위반,건조,맑음,교차로 - 교차로안,승용,여,55세,상해없음,원동기,남,49세,중상
2015032500100046,2015년 3월 25일 03시,수요일,충청남도 천안시 동남구 성남면,경상사고,0,0,1,0,차대차 - 추돌 - 진행중,안전운전불이행,건조,맑음,단일로 - 기타,이륜,남,17세,상해없음,이륜,남,17세,경상
2015032500100162,2015년 3월 25일 09시,수요일,충청남도 천안시 동남구 구성동,중상사고,0,1,0,0,차대사람 - 길가장자리구역통행중,안전운전불이행,건조,맑음,단일로 - 기타,승용,남,53세,상해없음,보행자,남,58세,중상
2015032500100199,2015년 3월 25일 10시,수요일,충청남도 천안시 서북구 쌍용동,중상사고,0,1,0,0,차대차 - 측면직각충돌,신호위반,건조,맑음,교차로 - 교차로안,승용,남,29세,상해없음,이륜,남,23세,중상
2015032500100265,2015년 3월 25일 12시,수요일,충청남도 천안시 동남구 원성동,경상사고,0,0,1,0,차대차 - 측면직각충돌,차로위반,건조,맑음,단일로 - 기타,승용,남,56세,상해없음,승용,남,41세,경상
2015032500100625,2015년 3월 25일 22시,수요일,충청남도 천안시 서북구 백석동,경상사고,0,0,1,0,차량단독 - 전도전복,안전운전불이행,건조,맑음,교차로 - 교차로부근,승용,남,25세,상해없음,,,,
2015032500100626,2015년 3월 25일 22시,수요일,충청남도 천안시 서북구 쌍용동,중상사고,0,1,0,0,차대차 - 측면직각충돌,신호위반,건조,맑음,교차로 - 교차로안,승용,남,38세,상해없음,승용,남,19세,중상
2015032500100627,2015년 3월 25일 22시,수요일,충청남도 천안시 동남구 구성동,중상사고,0,1,0,0,차대차 - 측면직각충돌,차로위반,건조,맑음,단일로 - 기타,승용,남,58세,상해없음,원동기,남,17세,중상
2015032600100066,2015년 3월 26일 05시,목요일,충청남도 천안시 서북구 성정동,경상사고,0,0,3,0,차대차 - 추돌 - 진행중,안전운전불이행,건조,맑음,교차로 - 교차로부근,승용,남,24세,상해없음,승용,남,42세,경상
2015032600100067,2015년 3월 26일 05시,목요일,충청남도 천안시 서북구 성정동,경상사고,0,0,1,0,차대차 - 추돌 - 진행중,안전운전불이행,건조,맑음,교차로 - 교차로안,화물,남,42세,상해없음,승용,남,41세,경상
2015032600100275,2015년 3월 26일 12시,목요일,충청남도 천안시 서북구 성거읍,중상사고,0,1,0,0,차대차 - 측면직각충돌,안전운전불이행,건조,맑음,교차로 - 교차로안,건설기계,남,50세,상해없음,승용,남,22세,중상
2015032600100532,2015년 3월 26일 19시,목요일,충청남도 천안시 서북구 두정동,경상사고,0,0,1,0,차대차 - 기타,안전운전불이행,건조,맑음,교차로 - 교차로부근,승용,여,45세,상해없음,승용,여,28세,경상
2015032600100646,2015년 3월 26일 22시,목요일,충청남도 천안시 서북구 성정동,경상사고,0,0,1,0,차대차 - 기타,안전운전불이행,건조,맑음,교차로 - 교차로안,기타불명,기타불명,기타불명,기타불명,원동기,남,32세,경상
2015032700100050,2015년 3월 27일 04시,금요일,충청남도 천안시 서북구 두정동,중상사고,0,1,0,0,차대차 - 추돌 - 주정차중,안전운전불이행,건조,맑음,교차로 - 교차로부근,승용,남,27세,상해없음,승용,여,51세,중상
2015032700100093,2015년 3월 27일 07시,금요일,충청남도 천안시 동남구 원성동,중상사고,0,1,0,0,차대사람 - 횡단중,신호위반,건조,맑음,단일로 - 횡단보도상,승용,남,56세,상해없음,보행자,여,75세,중상
2015032700100094,2015년 3월 27일 07시,금요일,충청남도 천안시 서북구 성거읍,중상사고,0,3,3,0,차대차 - 추돌 - 주정차중,안전운전불이행,건조,맑음,단일로 - 기타,화물,남,48세,상해없음,승합,남,51세,상해없음
2015032700100126,2015년 3월 27일 08시,금요일,충청남도 천안시 서북구 백석동,경상사고,0,0,2,0,차대차 - 추돌 - 주정차중,안전운전불이행,건조,맑음,단일로 - 기타,승용,남,31세,상해없음,승용,여,37세,경상
2015032700100183,2015년 3월 27일 10시,금요일,충청남도 천안시 동남구 원성동,경상사고,0,0,1,0,차대차 - 측면직각충돌,교차로운행방법위반,건조,맑음,교차로 - 교차로안,승용,남,72세,상해없음,이륜,여,61세,경상
2015032700100451,2015년 3월 27일 18시,금요일,충청남도 천안시 서북구 성거읍,경상사고,0,0,1,0,차대차 - 추돌 - 주정차중,안전운전불이행,건조,맑음,교차로 - 교차로부근,승용,여,28세,상해없음,승용,여,36세,경상
2015032800100058,2015년 3월 28일 02시,토요일,충청남도 천안시 서북구 성정동,경상사고,0,0,1,0,차대사람 - 횡단중,안전운전불이행,건조,맑음,교차로 - 교차로안,원동기,남,51세,상해없음,보행자,남,24세,경상
2015032800100333,2015년 3월 28일 13시,토요일,충청남도 천안시 서북구 쌍용동,경상사고,0,0,1,0,차대차 - 측면직각충돌,교차로운행방법위반,건조,맑음,교차로 - 교차로안,승용,여,66세,상해없음,원동기,남,58세,경상
2015032800100449,2015년 3월 28일 16시,토요일,충청남도 천안시 서북구 성환읍,경상사고,0,0,1,0,차대차 - 기타,안전운전불이행,건조,맑음,단일로 - 기타,승합,남,22세,상해없음,원동기,남,67세,경상
2015032800100487,2015년 3월 28일 17시,토요일,충청남도 천안시 동남구 성황동,중상사고,0,1,0,0,차대차 - 추돌 - 진행중,안전운전불이행,건조,맑음,단일로 - 기타,승용,남,28세,상해없음,자전거,남,71세,중상
2015032900100081,2015년 3월 29일 05시,일요일,충청남도 천안시 서북구 쌍용동,경상사고,0,0,1,0,차대차 - 추돌 - 진행중,안전운전불이행,건조,맑음,단일로 - 기타,승용,남,24세,상해없음,승용,남,72세,경상
2015032900100132,2015년 3월 29일 09시,일요일,충청남도 천안시 서북구 성정동,경상사고,0,0,1,0,차대차 - 기타,교차로운행방법위반,건조,흐림,교차로 - 교차로안,승합,남,58세,상해없음,승용,남,36세,경상
2015032900100398,2015년 3월 29일 19시,일요일,충청남도 천안시 서북구 성환읍,중상사고,0,1,0,1,차량단독 - 도로외이탈 - 추락,안전운전불이행,건조,맑음,단일로 - 기타,승용,여,22세,부상신고,,,,