사고번호,사고일시,요일,시군구,사고내용,사망자수,중상자수,경상자수,부상신고자수,사고유형,법규위반,노면상태,기상상태,도로형태,가해운전자 차종,가해운전자 성별,가해운전자 연령,가해운전자 상해정도,피해운전자 차종,피해운전자 성별,피해운전자 연령,피해운전자 상해정도
2015033000100013,2015년 3월 30일 01시,월요일,충청남도 천안시 서북구 불당동,경상사고,0,0,1,0,차대차 - 측면직각충돌,안전운전불이행,건조,맑음,교차로 - 교차로부근,승용,남,22세,상해없음,승용,남,45세,상해없음
2015033000100074,2015년 3월 30일 07시,월요일,충청남도 천안시 동남구 풍세면,중상사고,0,1,1,0,차대차 - 추돌 - 진행중,신호위반,건조,맑음,교차로 - 교차로안,승용,남,70세,경상,승용,남,27세,중상
2015033000100266,2015년 3월 30일 13시,월요일,충청남도 천안시 동남구 용곡동,중상사고,0,1,0,0,차대차 - 정면충돌,중앙선침범,건조,맑음,교차로 - 교차로안,승용,여,40세,상해없음,화물,남,49세,중상
2015033000100307,2015년 3월 30일 14시,월요일,충청남도 천안시 서북구 직산읍,경상사고,0,0,1,0,차대차 - 기타,안전거리미확보,건조,맑음,단일로 - 기타,이륜,남,38세,경상,승용,남,44세,상해없음
2015033000100508,2015년 3월 30일 19시,월요일,충청남도 천안시 서북구 두정동,경상사고,0,0,2,0,차대차 - 측면직각충돌,안전운전불이행,건조,맑음,단일로 - 기타,승용,남,47세,상해없음,화물,남,39세,경상
2015033100100317,2015년 3월 31일 15시,화요일,충청남도 천안시 서북구 직산읍,중상사고,0,1,0,0,차대차 - 추돌 - 진행중,안전운전불이행,습기,비,교차로 - 교차로부근,승용,남,42세,상해없음,승용,남,44세,중상
2015033100100375,2015년 3월 31일 17시,화요일,충청남도 천안시 서북구 성거읍,중상사고,0,2,0,0,차대차 - 측면직각충돌,신호위반,습기,비,교차로 - 교차로안,화물,남,45세,상해없음,승용,남,56세,중상
2015033100100515,2015년 3월 31일 20시,화요일,충청남도 천안시 서북구 불당동,경상사고,0,0,1,0,차대사람 - 횡단중,안전운전불이행,습기,비,교차로 - 교차로부근,승용,여,35세,상해없음,보행자,여,20세,경상
2015033100100516,2015년 3월 31일 20시,화요일,충청남도 천안시 서북구 부대동,경상사고,0,0,1,0,차대차 - 측면직각충돌,안전운전불이행,습기,비,교차로 - 교차로부근,승용,남,62세,상해없음,승용,남,22세,경상
2015033100100517,2015년 3월 31일 20시,화요일,충청남도 천안시 서북구 두정동,경상사고,0,0,1,0,차대차 - 측면직각충돌,중앙선침범,습기,비,단일로 - 기타,화물,남,42세,상해없음,승용,여,29세,경상
2015033100100561,2015년 3월 31일 21시,화요일,충청남도 천안시 서북구 성환읍,경상사고,0,0,1,0,차대차 - 기타,신호위반,건조,맑음,교차로 - 교차로안,승용,남,48세,상해없음,승용,남,21세,경상
2015033100100562,2015년 3월 31일 21시,화요일,충청남도 천안시 서북구 두정동,경상사고,0,0,3,0,차대차 - 정면충돌,신호위반,습기,비,교차로 - 교차로안,승용,남,39세,상해없음,승용,남,49세,경상
2015033100100619,2015년 3월 31일 22시,화요일,충청남도 천안시 서북구 백석동,경상사고,0,0,1,0,차대차 - 측면직각충돌,안전운전불이행,습기,비,단일로 - 기타,승용,남,25세,상해없음,승용,남,34세,경상
2015040100100257,2015년 4월 1일 12시,수요일,충청남도 천안시 서북구 불당동,경상사고,0,0,1,0,차대차 - 측면직각충돌,신호위반,건조,맑음,교차로 - 교차로안,승용,남,50세,상해없음,승용,남,38세,경상
2015040100100293,2015년 4월 1일 13시,수요일,충청남도 천안시 동남구 병천면,경상사고,0,0,1,0,차대차 - 추돌 - 진행중,안전운전불이행,건조,맑음,교차로 - 교차로안,승용,여,40세,상해없음,이륜,남,73세,경상
2015040100100435,2015년 4월 1일 17시,수요일,충청남도 천안시 서북구 쌍용동,경상사고,0,0,1,0,차대사람 - 기타,안전운전불이행,건조,맑음,단일로 - 기타,기타불명,기타불명,기타불명,기타불명,보행자,남,18세,경상
2015040100100559,2015년 4월 1일 21시,수요일,충청남도 천안시 서북구 직산읍,중상사고,0,1,0,0,차대차 - 측면직각충돌,안전운전불이행,건조,맑음,미분류 - 미분류,승용,남,36세,상해없음,원동기,남,17세,중상
2015040200100017,2015년 4월 2일 00시,목요일,충청남도 천안시 서북구 두정동,경상사고,0,0,1,0,차대차 - 측면직각충돌,안전운전불이행,건조,맑음,단일로 - 기타,승용,남,24세,상해없음,승용,남,24세,기타불명
2015040200100062,2015년 4월 2일 04시,목요일,충청남도 천안시 동남구 영성동,중상사고,0,2,1,0,차대차 - 추돌 - 진행중,안전운전불이행,건조,맑음,교차로 - 교차로부근,화물,남,67세,상해없음,승용,남,61세,경상
2015040200100102,2015년 4월 2일 07시,목요일,충청남도 천안시 서북구 성성동,경상사고,0,0,3,0,차대차 - 기타,교차로운행방법위반,건조,맑음,교차로 - 교차로안,승용,남,34세,상해없음,승용,남,26세,경상
2015040200100212,2015년 4월 2일 11시,목요일,충청남도 천안시 동남구 원성동,중상사고,0,1,0,0,차대차 - 추돌 - 진행중,안전운전불이행,건조,맑음,단일로 - 기타,승용,남,34세,상해없음,승용,남,46세,중상
2015040200100316,2015년 4월 2일 15시,목요일,충청남도 천안시 동남구 대흥동,경상사고,0,0,1,0,차대차 - 추돌 - 주정차중,안전운전불이행,건조,맑음,단일로 - 기타,승용,남,39세,상해없음,승용,남,46세,경상
2015040200100641,2015년 4월 2일 22시,목요일,충청남도 천안시 서북구 두정동,경상사고,0,0,1,0,차대차 - 측면직각충돌,신호위반,습기,비,교차로 - 교차로안,승용,남,41세,상해없음,이륜,남,16세,경상
2015040200100642,2015년 4월 2일 22시,목요일,충청남도 천안시 서북구 백석동,경상사고,0,0,1,0,차대차 - 추돌 - 진행중,안전운전불이행,습기,비,단일로 - 기타,승용,남,28세,기타불명,화물,남,32세,경상
2015040300100057,2015년 4월 3일 01시,금요일,충청남도 천안시 서북구 성정동,경상사고,0,0,3,0,차대차 - 추돌 - 진행중,안전운전불이행,습기,비,교차로 - 교차로부근,승합,남,45세,상해없음,승용,남,57세,상해없음
2015040300100110,2015년 4월 3일 05시,금요일,충청남도 천안시 동남구 안서동,경상사고,0,0,2,0,차대차 - 측면직각충돌,직진우회전진행방해,건조,맑음,교차로 - 교차로안,승용,남,36세,상해없음,승용,남,49세,경상
2015040300100177,2015년 4월 3일 08시,금요일,충청남도 천안시 서북구 쌍용동,경상사고,0,0,1,0,차대사람 - 길가장자리구역통행중,안전운전불이행,건조,맑음,교차로 - 교차로부근,승용,여,44세,기타불명,보행자,여,41세,경상
2015040300100454,2015년 4월 3일 17시,금요일,충청남도 천안시 서북구 직산읍,중상사고,0,1,0,0,차대차 - 측면직각충돌,안전운전불이행,건조,맑음,교차로 - 교차로안,승용,여,46세,상해없음,승용,여,28세,중상
2015040400100130,2015년 4월 4일 07시,토요일,충청남도 천안시 서북구 성거읍,경상사고,0,0,1,0,차대차 - 측면직각충돌,불법유턴,건조,맑음,교차로 - 교차로부근,승용,남,51세,상해없음,승용,남,31세,경상
2015040400100169,2015년 4월 4일 09시,토요일,충청남도 천안시 서북구 성정동,경상사고,0,0,1,0,차대차 - 추돌 - 주정차중,안전운전불이행,건조,맑음,교차로 - 교차로안,승용,남,30세,상해없음,승합,남,32세,상해없음
2015040400100278,2015년 4월 4일 12시,토요일,충청남도 천안시 서북구 백석동,중상사고,0,1,0,0,차대사람 - 차도통행중,안전운전불이행,건조,맑음,단일로 - 기타,화물,남,39세,상해없음,보행자,남,14세,중상
2015040400100279,2015년 4월 4일 12시,토요일,충청남도 천안시 서북구 불당동,중상사고,0,1,0,0,차대차 - 측면직각충돌,안전운전불이행,건조,맑음,단일로 - 기타,승용,남,39세,상해없음,승용,여,56세,중상
2015040400100496,2015년 4월 4일 18시,토요일,충청남도 천안시 동남구 봉명동,경상사고,0,0,1,0,차대사람 - 기타,안전운전불이행,건조,맑음,단일로 - 기타,승용,남,65세,상해없음,보행자,여,21세,경상
2015040400100598,2015년 4월 4일 20시,토요일,충청남도 천안시 서북구 두정동,경상사고,0,0,1,0,차대차 - 기타,안전운전불이행,습기,비,교차로 - 교차로부근,승용,남,30세,상해없음,승용,남,34세,경상
2015040400100599,2015년 4월 4일 20시,토요일,충청남도 천안시 서북구 성환읍,경상사고,0,0,2,2,차대차 - 측면직각충돌,신호위반,습기,비,교차로 - 교차로안,승용,남,22세,부상신고,승합,남,21세,경상
2015040400100719,2015년 4월 4일 23시,토요일,충청남도 천안시 서북구 두정동,경상사고,0,0,1,0,차대사람 - 차도통행중,안전운전불이행,습기,비,교차로 - 교차로안,승용,여,46세,상해없음,보행자,남,29세,경상
2015040500100016,2015년 4월 5일 00시,일요일,충청남도 천안시 서북구 성거읍,중상사고,0,1,0,0,차대사람 - 차도통행중,안전운전불이행,습기,비,교차로 - 교차로부근,승합,남,41세,상해없음,보행자,남,42세,중상
2015040500100017,2015년 4월 5일 00시,일요일,충청남도 천안시 서북구 두정동,경상사고,0,0,1,0,차대사람 - 차도통행중,안전운전불이행,습기,비,단일로 - 기타,원동기,남,41세,기타불명,보행자,남,36세,경상
2015040500100062,2015년 4월 5일 02시,일요일,충청남도 천안시 서북구 쌍용동,중상사고,0,1,2,0,차대차 - 기타,신호위반,건조,흐림,교차로 - 교차로안,승용,여,54세,중상,승용,여,54세,경상
2015040500100149,2015년 4월 5일 08시,일요일,충청남도 천안시 서북구 입장면,중상사고,0,3,0,1,차대차 - 측면직각충돌,안전운전불이행,건조,맑음,단일로 - 기타,화물,남,61세,부상신고,승용,남,31세,상해없음
2015040500100183,2015년 4월 5일 10시,일요일,충청남도 천안시 서북구 두정동,중상사고,0,1,3,0,차대차 - 측면직각충돌,신호위반,습기,비,교차로 - 교차로안,승용,남,70세,중상,승용,남,53세,경상
2015040500100185,2015년 4월 5일 10시,일요일,충청남도 천안시 동남구 청당동,경상사고,0,0,2,0,차대차 - 추돌 - 진행중,안전운전불이행,습기,비,단일로 - 기타,화물,남,60세,상해없음,승용,남,47세,경상
2015040500100352,2015년 4월 5일 17시,일요일,충청남도 천안시 동남구 광덕면,경상사고,0,0,1,0,차대차 - 측면직각충돌,신호위반,습기,비,교차로 - 교차로안,화물,남,37세,상해없음,승용,남,65세,경상
2015040500100455,2015년 4월 5일 20시,일요일,충청남도 천안시 서북구 직산읍,경상사고,0,0,4,0,차대차 - 측면직각충돌,안전운전불이행,습기,비,단일로 - 기타,승합,남,22세,경상,승용,남,44세,상해없음
2015040500100490,2015년 4월 5일 21시,일요일,충청남도 천안시 서북구 성환읍,중상사고,0,2,0,0,차대사람 - 기타,안전운전불이행,습기,비,교차로 - 교차로부근,승용,남,45세,상해없음,보행자,여,19세,중상
2015040500100540,2015년 4월 5일 23시,일요일,충청남도 천안시 동남구 목천읍,경상사고,0,0,1,0,차대사람 - 길가장자리구역통행중,안전운전불이행,습기,비,단일로 - 기타,승용,남,52세,상해없음,보행자,남,17세,경상
2015040500100541,2015년 4월 5일 23시,일요일,충청남도 천안시 서북구 입장면,경상사고,0,0,2,0,차대차 - 기타,안전운전불이행,건조,맑음,단일로 - 기타,승용,남,29세,상해없음,승용,남,34세,경상
2015040600100126,2015년 4월 6일 08시,월요일,충청남도 천안시 동남구 봉명동,중상사고,0,1,0,0,차대사람 - 횡단중,보행자보호의무위반,건조,맑음,단일로 - 기타,승용,남,45세,상해없음,보행자,남,8세,중상
2015040600100127,2015년 4월 6일 08시,월요일,충청남도 천안시 동남구 청수동,경상사고,0,0,1,0,차대사람 - 보도통행중,중앙선침범,건조,맑음,단일로 - 기타,승합,남,42세,상해없음,보행자,여,79세,경상
2015040600100167,2015년 4월 6일 09시,월요일,충청남도 천안시 서북구 쌍용동,경상사고,0,0,1,0,차대차 - 기타,안전운전불이행,건조,맑음,단일로 - 기타,화물,남,59세,상해없음,승용,남,46세,경상
2015040600100234,2015년 4월 6일 11시,월요일,충청남도 천안시 서북구 성거읍,중상사고,0,2,0,0,차대차 - 측면직각충돌,안전운전불이행,건조,맑음,단일로 - 횡단보도상,승용,여,56세,기타불명,화물,남,62세,중상
2015040600100235,2015년 4월 6일 11시,월요일,충청남도 천안시 서북구 성정동,경상사고,0,0,1,0,차대사람 - 횡단중,안전운전불이행,건조,맑음,단일로 - 기타,승용,남,31세,상해없음,보행자,여,79세,경상
2015040600100333,2015년 4월 6일 14시,월요일,충청남도 천안시 서북구 불당동,경상사고,0,0,1,0,차대차 - 기타,안전운전불이행,건조,맑음,단일로 - 기타,승합,남,59세,상해없음,승용,여,34세,경상
2015040600100415,2015년 4월 6일 16시,월요일,충청남도 천안시 동남구 원성동,경상사고,0,0,3,0,차대차 - 추돌 - 진행중,안전운전불이행,건조,맑음,단일로 - 기타,화물,남,48세,상해없음,승용,남,41세,경상
2015040600100489,2015년 4월 6일 18시,월요일,충청남도 천안시 서북구 성정동,경상사고,0,0,1,0,차대차 - 측면직각충돌,직진우회전진행방해,건조,맑음,교차로 - 교차로안,원동기,남,16세,상해없음,승용,남,51세,상해없음
2015040600100490,2015년 4월 6일 18시,월요일,충청남도 천안시 서북구 성정동,경상사고,0,0,3,0,차대차 - 측면직각충돌,직진우회전진행방해,건조,맑음,교차로 - 교차로안,승합,남,47세,경상,승용,남,29세,경상
2015040600100634,2015년 4월 6일 22시,월요일,충청남도 천안시 동남구 삼룡동,중상사고,0,1,1,0,차대차 - 측면직각충돌,안전운전불이행,건조,맑음,단일로 - 기타,승용,남,23세,상해없음,승용,여,21세,상해없음
2015040600100651,2015년 4월 6일 23시,월요일,충청남도 천안시 동남구 신방동,경상사고,0,0,2,0,차대사람 - 기타,안전운전불이행,건조,맑음,단일로 - 기타,승용,남,32세,상해없음,보행자,남,40세,경상
2015040700100223,2015년 4월 7일 11시,화요일,충청남도 천안시 동남구 구성동,중상사고,0,1,0,0,차대차 - 기타,안전운전불이행,건조,맑음,단일로 - 기타,화물,남,35세,상해없음,이륜,남,29세,중상
2015040700100397,2015년 4월 7일 17시,화요일,충청남도 천안시 동남구 신부동,경상사고,0,0,1,0,차대차 - 추돌 - 진행중,안전운전불이행,건조,맑음,교차로 - 교차로부근,자전거,남,55세,경상,승용,여,49세,상해없음
2015040700100463,2015년 4월 7일 19시,화요일,충청남도 천안시 동남구 북면,경상사고,0,0,2,0,차대차 - 기타,중앙선침범,건조,맑음,단일로 - 기타,승용,남,51세,경상,승용,여,43세,경상
2015040700100498,2015년 4월 7일 20시,화요일,충청남도 천안시 동남구 다가동,중상사고,0,1,0,0,차대차 - 추돌 - 진행중,안전운전불이행,건조,맑음,단일로 - 기타,이륜,남,24세,상해없음,이륜,남,61세,중상
2015040700100558,2015년 4월 7일 22시,화요일,충청남도 천안시 서북구 성정동,경상사고,0,0,4,0,차대차 - 추돌 - 주정차중,안전운전불이행,건조,맑음,단일로 - 기타,승용,남,50세,상해없음,승용,여,44세,경상
2015040800100012,2015년 4월 8일 00시,수요일,충청남도 천안시 서북구 백석동,중상사고,0,1,0,0,차대차 - 추돌 - 진행중,안전운전불이행,건조,맑음,단일로 - 기타,승용,남,37세,상해없음,승용,여,76세,중상
2015040800100482,2015년 4월 8일 20시,수요일,충청남도 천안시 동남구 안서동,경상사고,0,0,1,0,차대차 - 추돌 - 주정차중,안전운전불이행,건조,맑음,교차로 - 교차로부근,승용,여,46세,상해없음,승용,남,38세,경상
2015040800100552,2015년 4월 8일 22시,수요일,충청남도 천안시 서북구 쌍용동,경상사고,0,0,4,0,차대차 - 추돌 - 주정차중,안전운전불이행,건조,맑음,교차로 - 교차로부근,승용,남,31세,상해없음,승용,남,46세,경상
2015040800100591,2015년 4월 8일 23시,수요일,충청남도 천안시 서북구 백석동,경상사고,0,0,1,0,차대차 - 추돌 - 주정차중,안전운전불이행,건조,맑음,교차로 - 교차로부근,승용,여,33세,상해없음,승용,남,42세,경상
2015040900100142,2015년 4월 9일 08시,목요일,충청남도 천안시 서북구 두정동,경상사고,0,0,1,0,차대차 - 추돌 - 진행중,안전운전불이행,건조,맑음,교차로 - 교차로부근,승용,남,30세,상해없음,승용,남,45세,경상
2015040900100276,2015년 4월 9일 13시,목요일,충청남도 천안시 서북구 부대동,경상사고,0,0,1,0,차대차 - 정면충돌,중앙선침범,건조,맑음,단일로 - 기타,승용,남,27세,상해없음,승용,여,34세,경상
2015040900100570,2015년 4월 9일 23시,목요일,충청남도 천안시 서북구 성거읍,경상사고,0,0,1,0,차대차 - 기타,안전운전불이행,건조,맑음,단일로 - 기타,승용,남,30세,상해없음,승용,남,44세,경상
2015041000100015,2015년 4월 10일 00시,금요일,충청남도 천안시 동남구 신부동,중상사고,0,2,0,0,차대차 - 측면직각충돌,교차로운행방법위반,건조,맑음,교차로 - 교차로안,기타불명,기타불명,기타불명,기타불명,승용,남,51세,중상
2015041000100238,2015년 4월 10일 12시,금요일,충청남도 천안시 동남구 안서동,경상사고,0,0,1,0,차대차 - 측면직각충돌,직진우회전진행방해,건조,맑음,교차로 - 교차로안,승용,여,33세,상해없음,자전거,여,20세,경상
2015041000100648,2015년 4월 10일 22시,금요일,충청남도 천안시 서북구 성거읍,경상사고,0,0,2,0,차대차 - 정면충돌,안전운전불이행,건조,맑음,교차로 - 교차로안,승용,남,44세,상해없음,승용,남,48세,경상
2015041000100649,2015년 4월 10일 22시,금요일,충청남도 천안시 서북구 쌍용동,경상사고,0,0,2,0,차대차 - 측면직각충돌,안전거리미확보,건조,맑음,단일로 - 기타,승용,여,51세,상해없음,승용,남,47세,경상
2015041000100650,2015년 4월 10일 22시,금요일,충청남도 천안시 서북구 성환읍,경상사고,0,0,2,0,차대차 - 추돌 - 주정차중,안전운전불이행,건조,맑음,교차로 - 교차로부근,승용,남,36세,상해없음,승용,남,60세,경상
2015041100100020,2015년 4월 11일 00시,토요일,충청남도 천안시 서북구 성성동,중상사고,0,2,1,0,차대차 - 측면직각충돌,신호위반,건조,맑음,교차로 - 교차로안,승용,여,48세,상해없음,승용,남,60세,중상
2015041100100131,2015년 4월 11일 06시,토요일,충청남도 천안시 서북구 두정동,사망사고,1,0,0,0,차대사람 - 횡단중,안전운전불이행,건조,맑음,단일로 - 기타,승용,남,79세,상해없음,보행자,남,48세,사망
2015041100100166,2015년 4월 11일 08시,토요일,충청남도 천안시 서북구 성정동,경상사고,0,0,1,0,차대차 - 기타,중앙선침범,건조,맑음,단일로 - 기타,승용,남,29세,상해없음,원동기,남,17세,경상
2015041100100451,2015년 4월 11일 16시,토요일,충청남도 천안시 동남구 안서동,경상사고,0,0,2,0,차대차 - 기타,신호위반,건조,맑음,단일로 - 횡단보도상,승용,남,64세,상해없음,자전거,여,9세,경상
2015041100100577,2015년 4월 11일 19시,토요일,충청남도 천안시 동남구 청당동,경상사고,0,0,1,0,차대차 - 기타,안전운전불이행,건조,맑음,단일로 - 기타,승용,남,61세,상해없음,승용,남,29세,경상
2015041100100613,2015년 4월 11일 20시,토요일,충청남도 천안시 서북구 성정동,경상사고,0,0,1,0,차대사람 - 차도통행중,안전운전불이행,건조,맑음,단일로 - 기타,원동기,남,50세,상해없음,보행자,남,10세,경상
2015041100100614,2015년 4월 11일 20시,토요일,충청남도 천안시 동남구 원성동,경상사고,0,0,1,0,차대사람 - 횡단중,안전운전불이행,건조,맑음,단일로 - 기타,승용,남,40세,상해없음,보행자,남,25세,경상
2015041100100615,2015년 4월 11일 20시,토요일,충청남도 천안시 동남구 신부동,경상사고,0,0,2,0,차대차 - 추돌 - 진행중,안전운전불이행,건조,맑음,교차로 - 교차로안,승용,남,51세,상해없음,승용,남,51세,경상
2015041100100645,2015년 4월 11일 21시,토요일,충청남도 천안시 동남구 신방동,경상사고,0,0,1,0,차대차 - 측면직각충돌,신호위반,건조,맑음,단일로 - 기타,승용,여,40세,상해없음,승용,남,32세,경상
2015041100100701,2015년 4월 11일 23시,토요일,충청남도 천안시 서북구 성정동,중상사고,0,1,0,0,차대차 - 측면직각충돌,중앙선침범,건조,맑음,단일로 - 기타,승용,남,47세,상해없음,원동기,남,33세,중상
2015041200100048,2015년 4월 12일 02시,일요일,충청남도 천안시 서북구 성정동,경상사고,0,0,1,0,차대차 - 측면직각충돌,안전운전불이행,건조,맑음,단일로 - 기타,승용,남,34세,상해없음,원동기,여,63세,경상
2015041200100230,2015년 4월 12일 13시,일요일,충청남도 천안시 동남구 북면,경상사고,0,0,2,0,차대사람 - 길가장자리구역통행중,안전운전불이행,건조,맑음,단일로 - 기타,특수,남,38세,상해없음,보행자,남,59세,경상
2015041200100424,2015년 4월 12일 19시,일요일,충청남도 천안시 동남구 안서동,경상사고,0,0,1,1,차대차 - 추돌 - 진행중,안전거리미확보,건조,맑음,단일로 - 기타,승용,남,58세,부상신고,승용,여,25세,경상
2015041200100490,2015년 4월 12일 21시,일요일,충청남도 천안시 서북구 백석동,중상사고,0,2,2,0,차대차 - 추돌 - 주정차중,안전운전불이행,건조,맑음,교차로 - 교차로부근,승용,남,65세,상해없음,승용,여,38세,중상
2015041300100290,2015년 4월 13일 15시,월요일,충청남도 천안시 서북구 성정동,경상사고,0,0,1,0,차대사람 - 횡단중,교차로운행방법위반,건조,맑음,교차로 - 교차로안,화물,남,51세,상해없음,보행자,여,41세,경상
2015041300100330,2015년 4월 13일 16시,월요일,충청남도 천안시 서북구 성환읍,중상사고,0,2,1,0,차대차 - 추돌 - 주정차중,안전운전불이행,습기,비,교차로 - 교차로부근,승용,남,58세,상해없음,승용,남,27세,중상
2015041400100064,2015년 4월 14일 02시,화요일,충청남도 천안시 서북구 성정동,경상사고,0,0,1,0,차대차 - 측면직각충돌,안전운전불이행,습기,흐림,교차로 - 교차로안,승용,여,28세,경상,승용,남,33세,상해없음
2015041400100287,2015년 4월 14일 12시,화요일,충청남도 천안시 동남구 대흥동,경상사고,0,0,1,0,차대사람 - 차도통행중,안전운전불이행,건조,맑음,단일로 - 기타,승용,여,39세,상해없음,보행자,여,73세,경상
2015041400100477,2015년 4월 14일 19시,화요일,충청남도 천안시 동남구 수신면,경상사고,0,0,1,0,차대사람 - 길가장자리구역통행중,안전운전불이행,건조,흐림,단일로 - 기타,승용,남,55세,상해없음,보행자,여,43세,경상
2015041500100014,2015년 4월 15일 00시,수요일,충청남도 천안시 동남구 문화동,경상사고,0,0,2,0,차대차 - 정면충돌,안전운전불이행,습기,비,단일로 - 기타,승용,여,44세,상해없음,승용,여,46세,경상
2015041500100104,2015년 4월 15일 06시,수요일,충청남도 천안시 서북구 백석동,경상사고,0,0,1,0,차대차 - 기타,신호위반,건조,맑음,교차로 - 교차로안,승용,남,29세,상해없음,승용,남,62세,경상
2015041500100158,2015년 4월 15일 08시,수요일,충청남도 천안시 동남구 용곡동,중상사고,0,1,0,0,차대사람 - 횡단중,보행자보호의무위반,건조,맑음,단일로 - 기타,승용,여,45세,상해없음,보행자,여,8세,중상
2015041500100194,2015년 4월 15일 09시,수요일,충청남도 천안시 서북구 와촌동,경상사고,0,0,1,0,차대차 - 추돌 - 주정차중,안전운전불이행,건조,맑음,교차로 - 교차로안,승용,여,25세,상해없음,승용,남,67세,상해없음
2015041500100223,2015년 4월 15일 10시,수요일,충청남도 천안시 서북구 두정동,경상사고,0,0,1,0,차대차 - 측면직각충돌,신호위반,건조,맑음,교차로 - 교차로안,화물,남,63세,상해없음,승용,남,35세,경상
2015041500100380,2015년 4월 15일 15시,수요일,충청남도 천안시 동남구 신방동,경상사고,0,0,1,0,차대차 - 추돌 - 진행중,안전운전불이행,건조,맑음,단일로 - 기타,화물,남,39세,상해없음,승용,여,50세,상해없음
2015041500100452,2015년 4월 15일 17시,수요일,충청남도 천안시 서북구 두정동,경상사고,0,0,1,0,차대사람 - 길가장자리구역통행중,안전운전불이행,건조,맑음,단일로 - 기타,승용,남,28세,상해없음,보행자,여,11세,경상
2015041500100554,2015년 4월 15일 20시,수요일,충청남도 천안시 동남구 성황동,중상사고,0,1,0,0,차대차 - 측면직각충돌,신호위반,건조,맑음,교차로 - 교차로부근,승용,여,44세,상해없음,승용,남,37세,중상
2015041600100023,2015년 4월 16일 01시,목요일,충청남도 천안시 서북구 성정동,중상사고,0,1,0,0,차대차 - 측면직각충돌,안전거리미확보,건조,맑음,단일로 - 기타,승용,남,57세,상해없음,원동기,남,24세,중상
2015041600100057,2015년 4월 16일 04시,목요일,충청남도 천안시 서북구 성거읍,중상사고,0,1,0,0,차량단독 - 공작물충돌,안전운전불이행,건조,맑음,단일로 - 기타,승용,여,21세,상해없음,,,,
2015041600100069,2015년 4월 16일 05시,목요일,충청남도 천안시 서북구 성거읍,경상사고,0,0,1,0,차대차 - 기타,안전운전불이행,건조,맑음,단일로 - 기타,승용,여,31세,상해없음,화물,남,48세,경상
2015041600100103,2015년 4월 16일 07시,목요일,충청남도 천안시 동남구 청당동,경상사고,0,0,3,0,차대차 - 추돌 - 주정차중,안전운전불이행,건조,맑음,단일로 - 기타,승용,남,34세,경상,승용,남,41세,경상
2015041600100195,2015년 4월 16일 10시,목요일,충청남도 천안시 동남구 신부동,경상사고,0,0,1,0,차량단독 - 공작물충돌,안전운전불이행,건조,맑음,단일로 - 기타,승합,남,67세,경상,,,,
2015041600100415,2015년 4월 16일 17시,목요일,충청남도 천안시 서북구 쌍용동,사망사고,1,0,0,0,차대사람 - 횡단중,안전운전불이행,건조,맑음,교차로 - 교차로안,승합,남,41세,상해없음,보행자,여,9세,사망
2015041600100521,2015년 4월 16일 20시,목요일,충청남도 천안시 동남구 원성동,경상사고,0,0,1,0,차대차 - 추돌 - 진행중,안전운전불이행,건조,맑음,교차로 - 교차로안,승용,여,28세,상해없음,자전거,남,15세,경상
2015041600100547,2015년 4월 16일 21시,목요일,충청남도 천안시 동남구 안서동,경상사고,0,0,1,0,차대차 - 추돌 - 진행중,신호위반,건조,맑음,교차로 - 교차로안,화물,남,35세,상해없음,승용,남,36세,경상
2015041600100579,2015년 4월 16일 22시,목요일,충청남도 천안시 서북구 두정동,경상사고,0,0,3,0,차대차 - 측면직각충돌,중앙선침범,건조,맑음,단일로 - 기타,승용,남,35세,상해없음,승용,여,24세,경상
2015041700100436,2015년 4월 17일 16시,금요일,충청남도 천안시 서북구 두정동,경상사고,0,0,1,0,차대차 - 정면충돌,신호위반,건조,맑음,교차로 - 교차로부근,승용,남,34세,상해없음,승용,남,41세,경상
2015041700100529,2015년 4월 17일 18시,금요일,충청남도 천안시 서북구 백석동,경상사고,0,0,1,0,차대차 - 정면충돌,교차로운행방법위반,건조,맑음,교차로 - 교차로안,승용,남,43세,상해없음,승용,남,33세,경상
2015041700100646,2015년 4월 17일 21시,금요일,충청남도 천안시 서북구 쌍용동,경상사고,0,0,1,0,차대차 - 측면직각충돌,신호위반,건조,맑음,교차로 - 교차로안,승용,남,53세,기타불명,승용,남,29세,경상
2015041800100021,2015년 4월 18일 00시,토요일,충청남도 천안시 동남구 신부동,경상사고,0,0,1,0,차대차 - 측면직각충돌,안전운전불이행,건조,맑음,단일로 - 기타,자전거,남,24세,경상,화물,남,44세,상해없음
2015041800100169,2015년 4월 18일 08시,토요일,충청남도 천안시 서북구 성정동,경상사고,0,0,1,0,차대차 - 정면충돌,안전운전불이행,건조,맑음,교차로 - 교차로안,승용,여,46세,상해없음,승용,남,46세,경상
2015041800100541,2015년 4월 18일 19시,토요일,충청남도 천안시 동남구 안서동,경상사고,0,0,2,2,차대차 - 정면충돌,교차로운행방법위반,건조,맑음,교차로 - 교차로안,승용,남,52세,상해없음,승용,남,36세,경상
2015041900100020,2015년 4월 19일 00시,일요일,충청남도 천안시 서북구 두정동,경상사고,0,0,3,0,차대차 - 추돌 - 주정차중,안전운전불이행,습기,비,교차로 - 교차로부근,승용,남,19세,상해없음,승용,남,49세,경상
2015041900100053,2015년 4월 19일 01시,일요일,충청남도 천안시 서북구 두정동,경상사고,0,0,2,0,차대차 - 측면직각충돌,교차로운행방법위반,습기,비,교차로 - 교차로안,승용,남,65세,상해없음,승용,남,41세,상해없음