사고번호,사고일시,요일,시군구,사고내용,사망자수,중상자수,경상자수,부상신고자수,사고유형,법규위반,노면상태,기상상태,도로형태,가해운전자 차종,가해운전자 성별,가해운전자 연령,가해운전자 상해정도,피해운전자 차종,피해운전자 성별,피해운전자 연령,피해운전자 상해정도
2015050400100392,2015년 5월 4일 15시,월요일,충청남도 천안시 동남구 병천면,경상사고,0,0,1,0,차대차 - 추돌 - 진행중,중앙선침범,건조,맑음,단일로 - 기타,승용,여,60세,상해없음,승용,여,44세,상해없음
2015050400100516,2015년 5월 4일 18시,월요일,충청남도 천안시 서북구 두정동,경상사고,0,0,1,0,차대차 - 추돌 - 진행중,교차로운행방법위반,건조,맑음,교차로 - 교차로부근,승용,남,23세,상해없음,승용,남,47세,경상
2015050400100575,2015년 5월 4일 19시,월요일,충청남도 천안시 동남구 신방동,경상사고,0,0,3,0,차대차 - 추돌 - 주정차중,안전운전불이행,건조,맑음,단일로 - 기타,승용,남,51세,상해없음,승용,여,38세,경상
2015050400100664,2015년 5월 4일 22시,월요일,충청남도 천안시 서북구 성정동,중상사고,0,1,0,0,차대차 - 측면직각충돌,중앙선침범,건조,맑음,단일로 - 기타,승용,남,22세,상해없음,승용,남,55세,중상
2015050400100668,2015년 5월 4일 22시,월요일,충청남도 천안시 동남구 신부동,중상사고,0,1,0,0,차대차 - 추돌 - 진행중,중앙선침범,건조,맑음,단일로 - 기타,승용,남,62세,상해없음,이륜,남,17세,중상
2015050400100692,2015년 5월 4일 23시,월요일,충청남도 천안시 서북구 성정동,경상사고,0,0,1,0,차대차 - 측면직각충돌,신호위반,건조,맑음,교차로 - 교차로안,승용,남,49세,상해없음,승용,남,52세,상해없음
2015050500100013,2015년 5월 5일 00시,화요일,충청남도 천안시 서북구 쌍용동,중상사고,0,1,0,0,차대차 - 추돌 - 진행중,안전운전불이행,건조,맑음,단일로 - 기타,승용,여,46세,상해없음,승용,여,38세,중상
2015050500100093,2015년 5월 5일 06시,화요일,충청남도 천안시 서북구 백석동,경상사고,0,0,1,0,차대차 - 측면직각충돌,안전운전불이행,건조,맑음,교차로 - 교차로안,승용,남,37세,상해없음,원동기,남,60세,경상
2015050500100094,2015년 5월 5일 06시,화요일,충청남도 천안시 서북구 성정동,경상사고,0,0,2,0,차대차 - 측면직각충돌,안전운전불이행,건조,맑음,교차로 - 교차로안,승용,남,28세,상해없음,승합,남,36세,경상
2015050500100185,2015년 5월 5일 11시,화요일,충청남도 천안시 서북구 성정동,경상사고,0,0,2,0,차대차 - 기타,신호위반,건조,맑음,교차로 - 교차로안,승용,여,42세,경상,승용,여,38세,경상
2015050500100325,2015년 5월 5일 15시,화요일,충청남도 천안시 동남구 신부동,경상사고,0,0,3,0,차대차 - 추돌 - 진행중,안전거리미확보,건조,맑음,단일로 - 기타,승용,남,44세,상해없음,승용,남,62세,경상
2015050500100369,2015년 5월 5일 16시,화요일,충청남도 천안시 동남구 신부동,경상사고,0,0,1,0,차대차 - 측면직각충돌,안전운전불이행,건조,맑음,교차로 - 교차로부근,승용,남,43세,기타불명,자전거,여,18세,경상
2015050500100408,2015년 5월 5일 17시,화요일,충청남도 천안시 동남구 신부동,경상사고,0,0,1,0,차대사람 - 횡단중,안전운전불이행,건조,맑음,교차로 - 교차로안,승용,남,37세,상해없음,보행자,여,48세,경상
2015050500100535,2015년 5월 5일 21시,화요일,충청남도 천안시 서북구 쌍용동,경상사고,0,0,4,0,차대차 - 측면직각충돌,신호위반,건조,맑음,교차로 - 교차로안,승용,남,55세,상해없음,승용,남,26세,경상
2015050500100562,2015년 5월 5일 22시,화요일,충청남도 천안시 동남구 신부동,경상사고,0,0,1,0,차대차 - 측면직각충돌,중앙선침범,건조,맑음,단일로 - 기타,승용,남,60세,상해없음,원동기,남,46세,경상
2015050600100057,2015년 5월 6일 06시,수요일,충청남도 천안시 동남구 북면,사망사고,1,0,0,0,차대차 - 측면직각충돌,교차로운행방법위반,건조,맑음,교차로 - 교차로안,승용,여,35세,상해없음,원동기,남,70세,사망
2015050600100124,2015년 5월 6일 08시,수요일,충청남도 천안시 서북구 백석동,경상사고,0,0,1,0,차대차 - 측면직각충돌,신호위반,건조,맑음,교차로 - 교차로안,승용,여,48세,상해없음,승용,남,55세,경상
2015050600100157,2015년 5월 6일 09시,수요일,충청남도 천안시 동남구 안서동,경상사고,0,0,3,0,차대차 - 추돌 - 진행중,안전거리미확보,건조,맑음,단일로 - 기타,승용,남,60세,상해없음,승용,남,58세,경상
2015050600100344,2015년 5월 6일 15시,수요일,충청남도 천안시 서북구 성성동,경상사고,0,0,2,0,차대차 - 측면직각충돌,안전운전불이행,건조,맑음,교차로 - 교차로안,승용,남,28세,상해없음,승용,남,45세,경상
2015050600100416,2015년 5월 6일 17시,수요일,충청남도 천안시 서북구 두정동,경상사고,0,0,1,0,차대차 - 측면직각충돌,교차로운행방법위반,건조,맑음,교차로 - 교차로안,승용,여,29세,상해없음,자전거,남,12세,경상
2015050600100494,2015년 5월 6일 19시,수요일,충청남도 천안시 동남구 목천읍,사망사고,1,0,0,0,차대사람 - 횡단중,안전운전불이행,건조,맑음,단일로 - 기타,승용,남,66세,상해없음,보행자,남,69세,사망
2015050600100624,2015년 5월 6일 23시,수요일,충청남도 천안시 동남구 수신면,경상사고,0,0,1,0,차대차 - 정면충돌,중앙선침범,건조,맑음,단일로 - 기타,승용,남,40세,상해없음,승용,남,32세,경상
2015050700100078,2015년 5월 7일 06시,목요일,충청남도 천안시 서북구 성환읍,사망사고,1,2,1,0,차대차 - 추돌 - 진행중,안전운전불이행,건조,맑음,교차로 - 교차로안,화물,남,56세,상해없음,승용,남,58세,중상
2015050700100194,2015년 5월 7일 10시,목요일,충청남도 천안시 서북구 두정동,경상사고,0,0,1,0,차대사람 - 횡단중,신호위반,건조,맑음,단일로 - 기타,승용,남,57세,상해없음,보행자,남,26세,경상
2015050700100249,2015년 5월 7일 12시,목요일,충청남도 천안시 서북구 쌍용동,경상사고,0,0,1,0,차대차 - 측면직각충돌,안전운전불이행,건조,맑음,교차로 - 교차로부근,승용,남,49세,상해없음,승용,남,50세,경상
2015050700100444,2015년 5월 7일 17시,목요일,충청남도 천안시 동남구 원성동,중상사고,0,1,0,0,차대사람 - 횡단중,안전운전불이행,건조,맑음,단일로 - 기타,승용,남,39세,상해없음,보행자,남,12세,중상
2015050700100520,2015년 5월 7일 19시,목요일,충청남도 천안시 서북구 직산읍,중상사고,0,1,0,0,차대사람 - 차도통행중,안전운전불이행,건조,맑음,단일로 - 기타,승용,남,56세,상해없음,보행자,여,54세,중상
2015050800100264,2015년 5월 8일 12시,금요일,충청남도 천안시 서북구 성정동,경상사고,0,0,1,0,차대차 - 추돌 - 주정차중,교차로운행방법위반,건조,맑음,교차로 - 교차로안,승용,남,58세,상해없음,승용,남,28세,경상
2015050800100266,2015년 5월 8일 12시,금요일,충청남도 천안시 동남구 원성동,중상사고,0,1,0,0,차대차 - 측면직각충돌,교차로운행방법위반,건조,맑음,교차로 - 교차로안,원동기,남,88세,상해없음,화물,남,46세,상해없음
2015050800100531,2015년 5월 8일 19시,금요일,충청남도 천안시 동남구 신방동,경상사고,0,0,1,0,차대사람 - 횡단중,신호위반,건조,맑음,단일로 - 횡단보도상,승용,남,32세,상해없음,보행자,여,9세,경상
2015050800100625,2015년 5월 8일 21시,금요일,충청남도 천안시 동남구 신부동,경상사고,0,0,1,0,차대차 - 측면직각충돌,신호위반,건조,맑음,교차로 - 교차로안,승용,여,42세,상해없음,원동기,남,22세,경상
2015050900100012,2015년 5월 9일 00시,토요일,충청남도 천안시 동남구 안서동,경상사고,0,0,1,1,차대차 - 기타,안전운전불이행,건조,맑음,단일로 - 기타,승용,여,54세,상해없음,승용,남,33세,경상
2015050900100013,2015년 5월 9일 00시,토요일,충청남도 천안시 동남구 안서동,중상사고,0,2,2,0,차대차 - 추돌 - 주정차중,안전운전불이행,건조,흐림,단일로 - 기타,승용,남,34세,상해없음,승용,남,55세,중상
2015050900100196,2015년 5월 9일 10시,토요일,충청남도 천안시 서북구 직산읍,경상사고,0,0,2,3,차대차 - 측면직각충돌,신호위반,건조,맑음,교차로 - 교차로부근,승용,남,41세,상해없음,승용,남,36세,경상
2015050900100233,2015년 5월 9일 11시,토요일,충청남도 천안시 서북구 차암동,중상사고,0,1,2,0,차대차 - 측면직각충돌,교차로운행방법위반,건조,맑음,교차로 - 교차로안,승용,여,44세,경상,승용,여,31세,중상
2015050900100491,2015년 5월 9일 17시,토요일,충청남도 천안시 동남구 목천읍,중상사고,0,2,9,0,차대차 - 측면직각충돌,안전운전불이행,건조,맑음,교차로 - 교차로안,승용,여,66세,상해없음,건설기계,남,45세,경상
2015050900100536,2015년 5월 9일 18시,토요일,충청남도 천안시 서북구 두정동,경상사고,0,0,1,0,차대차 - 기타,안전운전불이행,건조,맑음,단일로 - 기타,건설기계,남,39세,상해없음,승용,남,34세,경상
2015050900100653,2015년 5월 9일 21시,토요일,충청남도 천안시 동남구 신부동,중상사고,0,1,0,0,차대사람 - 횡단중,보행자보호의무위반,건조,맑음,단일로 - 기타,원동기,남,18세,상해없음,보행자,여,56세,중상
2015051000100035,2015년 5월 10일 01시,일요일,충청남도 천안시 서북구 성성동,경상사고,0,0,4,0,차대차 - 측면직각충돌,신호위반,건조,맑음,교차로 - 교차로안,승용,남,23세,경상,승용,남,28세,경상
2015051000100052,2015년 5월 10일 02시,일요일,충청남도 천안시 서북구 성정동,경상사고,0,0,2,0,차대차 - 추돌 - 주정차중,안전운전불이행,건조,맑음,단일로 - 기타,승용,남,31세,상해없음,승용,남,31세,경상
2015051000100338,2015년 5월 10일 15시,일요일,충청남도 천안시 서북구 두정동,경상사고,0,0,1,0,차대차 - 측면직각충돌,안전운전불이행,건조,맑음,단일로 - 기타,승용,남,73세,상해없음,자전거,여,10세,경상
2015051000100339,2015년 5월 10일 15시,일요일,충청남도 천안시 동남구 영성동,경상사고,0,0,1,0,차대차 - 정면충돌,안전운전불이행,건조,맑음,교차로 - 교차로안,승용,여,49세,상해없음,승용,남,67세,경상
2015051000100371,2015년 5월 10일 16시,일요일,충청남도 천안시 서북구 두정동,경상사고,0,0,1,0,차대차 - 측면직각충돌,안전운전불이행,건조,맑음,단일로 - 기타,승용,남,32세,상해없음,승용,남,49세,경상
2015051000100418,2015년 5월 10일 17시,일요일,충청남도 천안시 동남구 광덕면,경상사고,0,0,3,0,차대차 - 기타,안전운전불이행,건조,맑음,단일로 - 터널,승용,남,24세,상해없음,승용,남,32세,경상
2015051000100449,2015년 5월 10일 18시,일요일,충청남도 천안시 서북구 두정동,경상사고,0,0,1,0,차대차 - 측면직각충돌,안전운전불이행,건조,맑음,교차로 - 교차로부근,승용,여,30세,상해없음,원동기,남,31세,경상
2015051000100491,2015년 5월 10일 19시,일요일,충청남도 천안시 동남구 병천면,경상사고,0,0,1,0,차대차 - 측면직각충돌,안전운전불이행,건조,맑음,단일로 - 기타,승용,남,39세,상해없음,이륜,남,50세,경상
2015051000100517,2015년 5월 10일 20시,일요일,충청남도 천안시 서북구 성거읍,경상사고,0,0,1,0,차대차 - 측면직각충돌,안전운전불이행,건조,맑음,단일로 - 기타,승용,남,43세,상해없음,승용,여,48세,경상
2015051100100048,2015년 5월 11일 04시,월요일,충청남도 천안시 서북구 두정동,중상사고,0,1,0,0,차대차 - 측면직각충돌,신호위반,건조,맑음,교차로 - 교차로안,승용,여,55세,상해없음,승용,남,27세,중상
2015051100100094,2015년 5월 11일 07시,월요일,충청남도 천안시 서북구 두정동,경상사고,0,0,3,0,차대차 - 추돌 - 주정차중,안전거리미확보,건조,맑음,미분류 - 미분류,승용,남,52세,경상,승용,여,52세,경상
2015051100100095,2015년 5월 11일 07시,월요일,충청남도 천안시 서북구 쌍용동,중상사고,0,1,1,0,차대차 - 측면직각충돌,신호위반,건조,맑음,교차로 - 교차로안,승용,남,26세,상해없음,승용,여,45세,경상
2015051100100128,2015년 5월 11일 08시,월요일,충청남도 천안시 동남구 북면,경상사고,0,0,2,0,차대차 - 정면충돌,중앙선침범,건조,맑음,단일로 - 기타,승용,여,24세,상해없음,승용,여,24세,경상
2015051100100168,2015년 5월 11일 09시,월요일,충청남도 천안시 서북구 성환읍,경상사고,0,0,1,0,차대차 - 측면직각충돌,안전운전불이행,건조,맑음,단일로 - 기타,승용,여,34세,상해없음,승용,남,25세,경상
2015051100100463,2015년 5월 11일 17시,월요일,충청남도 천안시 동남구 신부동,중상사고,0,4,0,0,차대차 - 측면직각충돌,안전운전불이행,건조,맑음,단일로 - 기타,승용,남,24세,상해없음,승합,여,46세,상해없음
2015051100100516,2015년 5월 11일 18시,월요일,충청남도 천안시 동남구 안서동,경상사고,0,0,2,0,차대사람 - 기타,안전운전불이행,건조,맑음,단일로 - 기타,승용,남,50세,상해없음,보행자,여,21세,경상
2015051100100567,2015년 5월 11일 19시,월요일,충청남도 천안시 동남구 신방동,경상사고,0,0,1,0,차대사람 - 횡단중,안전운전불이행,습기,비,단일로 - 기타,승용,남,38세,상해없음,보행자,남,15세,경상
2015051100100638,2015년 5월 11일 20시,월요일,충청남도 천안시 동남구 신부동,경상사고,0,0,1,0,차대사람 - 보도통행중,신호위반,습기,비,단일로 - 횡단보도상,승용,남,34세,상해없음,보행자,여,18세,경상
2015051100100695,2015년 5월 11일 21시,월요일,충청남도 천안시 서북구 업성동,경상사고,0,0,3,2,차대차 - 기타,안전운전불이행,습기,비,교차로 - 교차로부근,승합,남,59세,상해없음,승합,남,37세,경상
2015051100100696,2015년 5월 11일 21시,월요일,충청남도 천안시 서북구 쌍용동,경상사고,0,0,1,0,차대사람 - 횡단중,보행자보호의무위반,습기,비,교차로 - 교차로부근,승합,남,55세,상해없음,보행자,여,16세,경상
2015051100100697,2015년 5월 11일 21시,월요일,충청남도 천안시 서북구 쌍용동,경상사고,0,0,2,0,차대사람 - 횡단중,보행자보호의무위반,습기,비,교차로 - 교차로부근,승용,남,25세,상해없음,보행자,여,19세,경상
2015051100100761,2015년 5월 11일 22시,월요일,충청남도 천안시 서북구 백석동,경상사고,0,0,1,0,차대차 - 추돌 - 주정차중,안전운전불이행,습기,비,단일로 - 기타,승용,남,47세,기타불명,승용,남,26세,경상
2015051200100081,2015년 5월 12일 03시,화요일,충청남도 천안시 서북구 성정동,경상사고,0,0,2,0,차대차 - 기타,안전운전불이행,습기,비,교차로 - 교차로부근,승용,여,52세,경상,승용,남,22세,경상
2015051200100247,2015년 5월 12일 10시,화요일,충청남도 천안시 서북구 직산읍,경상사고,0,0,1,0,차대사람 - 차도통행중,안전운전불이행,습기,흐림,기타 - 기타,승용,여,50세,상해없음,보행자,남,60세,경상
2015051200100397,2015년 5월 12일 15시,화요일,충청남도 천안시 서북구 성거읍,경상사고,0,0,3,0,차대차 - 추돌 - 주정차중,중앙선침범,건조,맑음,단일로 - 기타,화물,남,66세,상해없음,화물,남,48세,경상
2015051200100573,2015년 5월 12일 20시,화요일,충청남도 천안시 서북구 입장면,중상사고,0,1,0,0,차대차 - 기타,안전운전불이행,습기,비,단일로 - 기타,승용,남,53세,상해없음,원동기,남,52세,중상
2015051200100611,2015년 5월 12일 21시,화요일,충청남도 천안시 서북구 백석동,경상사고,0,0,1,0,차대차 - 기타,안전거리미확보,습기,비,단일로 - 기타,승용,여,23세,상해없음,승용,남,31세,경상
2015051200100674,2015년 5월 12일 23시,화요일,충청남도 천안시 서북구 두정동,경상사고,0,0,1,0,차대차 - 기타,신호위반,건조,맑음,교차로 - 교차로안,승용,여,19세,상해없음,승용,남,31세,경상
2015051300100251,2015년 5월 13일 10시,수요일,충청남도 천안시 동남구 목천읍,중상사고,0,1,0,0,차대사람 - 차도통행중,안전운전불이행,건조,맑음,단일로 - 기타,승합,남,50세,상해없음,보행자,여,83세,중상
2015051300100304,2015년 5월 13일 12시,수요일,충청남도 천안시 서북구 쌍용동,중상사고,0,1,1,0,차대사람 - 차도통행중,안전운전불이행,건조,맑음,단일로 - 기타,승용,남,73세,상해없음,보행자,여,75세,경상
2015051300100370,2015년 5월 13일 14시,수요일,충청남도 천안시 동남구 봉명동,중상사고,0,2,1,0,차대차 - 추돌 - 진행중,안전운전불이행,건조,맑음,교차로 - 교차로안,화물,남,54세,경상,승용,남,42세,상해없음
2015051300100590,2015년 5월 13일 19시,수요일,충청남도 천안시 서북구 직산읍,경상사고,0,0,2,0,차대차 - 기타,신호위반,건조,맑음,교차로 - 교차로안,승용,여,36세,상해없음,화물,남,44세,경상
2015051300100655,2015년 5월 13일 21시,수요일,충청남도 천안시 서북구 백석동,경상사고,0,0,1,0,차대차 - 측면직각충돌,교차로운행방법위반,건조,맑음,교차로 - 교차로안,승용,남,27세,상해없음,원동기,남,30세,경상
2015051300100701,2015년 5월 13일 23시,수요일,충청남도 천안시 동남구 구성동,중상사고,0,1,1,0,차대차 - 측면직각충돌,안전운전불이행,건조,맑음,단일로 - 기타,승용,남,26세,상해없음,승용,남,54세,경상
2015051400100036,2015년 5월 14일 02시,목요일,충청남도 천안시 서북구 쌍용동,경상사고,0,0,1,0,차대사람 - 차도통행중,안전운전불이행,건조,맑음,교차로 - 교차로부근,승용,남,48세,상해없음,보행자,여,36세,경상
2015051400100202,2015년 5월 14일 10시,목요일,충청남도 천안시 동남구 수신면,중상사고,0,1,0,0,차대차 - 측면직각충돌,안전운전불이행,건조,맑음,교차로 - 교차로부근,화물,남,27세,상해없음,원동기,남,78세,중상
2015051400100269,2015년 5월 14일 13시,목요일,충청남도 천안시 서북구 성환읍,중상사고,0,1,0,0,차대차 - 측면직각충돌,안전운전불이행,건조,맑음,교차로 - 교차로안,원동기,남,64세,중상,승합,남,54세,상해없음
2015051400100519,2015년 5월 14일 20시,목요일,충청남도 천안시 서북구 성성동,경상사고,0,0,3,0,차대차 - 측면직각충돌,안전운전불이행,건조,맑음,교차로 - 교차로안,승용,남,28세,경상,승용,여,61세,경상
2015051400100559,2015년 5월 14일 21시,목요일,충청남도 천안시 서북구 성성동,경상사고,0,0,1,0,차대사람 - 차도통행중,안전운전불이행,건조,맑음,단일로 - 기타,승용,남,54세,상해없음,보행자,남,54세,경상
2015051400100585,2015년 5월 14일 22시,목요일,충청남도 천안시 서북구 쌍용동,경상사고,0,0,1,0,차대사람 - 횡단중,안전운전불이행,건조,맑음,교차로 - 교차로부근,승용,여,41세,상해없음,보행자,남,44세,경상
2015051400100620,2015년 5월 14일 23시,목요일,충청남도 천안시 서북구 직산읍,경상사고,0,0,3,1,차대차 - 추돌 - 주정차중,안전운전불이행,건조,맑음,단일로 - 기타,승용,남,32세,상해없음,승용,남,67세,부상신고
2015051400100621,2015년 5월 14일 23시,목요일,충청남도 천안시 서북구 성환읍,경상사고,0,0,1,0,차대사람 - 횡단중,안전운전불이행,건조,맑음,교차로 - 교차로부근,승용,남,47세,상해없음,보행자,여,49세,경상
2015051500100015,2015년 5월 15일 00시,금요일,충청남도 천안시 동남구 신부동,경상사고,0,0,2,0,차대차 - 측면직각충돌,교차로운행방법위반,건조,맑음,교차로 - 교차로안,승용,남,23세,상해없음,승용,남,40세,경상
2015051500100301,2015년 5월 15일 12시,금요일,충청남도 천안시 동남구 구룡동,중상사고,0,1,0,0,차대차 - 정면충돌,안전운전불이행,건조,맑음,교차로 - 교차로부근,자전거,남,55세,중상,승용,남,53세,상해없음
2015051500100397,2015년 5월 15일 15시,금요일,충청남도 천안시 서북구 직산읍,경상사고,0,0,2,0,차대차 - 정면충돌,신호위반,건조,맑음,교차로 - 교차로안,승용,남,36세,상해없음,승용,남,33세,경상
2015051500100398,2015년 5월 15일 15시,금요일,충청남도 천안시 서북구 입장면,중상사고,0,1,0,0,차대차 - 기타,교차로운행방법위반,건조,맑음,교차로 - 교차로부근,화물,남,62세,상해없음,원동기,남,28세,중상
2015051500100649,2015년 5월 15일 21시,금요일,충청남도 천안시 서북구 성정동,중상사고,0,1,0,0,차대사람 - 횡단중,보행자보호의무위반,건조,맑음,단일로 - 횡단보도상,화물,남,66세,상해없음,보행자,남,38세,중상
2015051600100272,2015년 5월 16일 11시,토요일,충청남도 천안시 서북구 성정동,경상사고,0,0,2,0,차대차 - 기타,교차로운행방법위반,건조,맑음,교차로 - 교차로안,승용,여,43세,상해없음,원동기,남,54세,경상
2015051600100403,2015년 5월 16일 14시,토요일,충청남도 천안시 서북구 백석동,경상사고,0,0,1,0,차대차 - 기타,안전운전불이행,건조,맑음,단일로 - 기타,화물,남,52세,상해없음,승용,남,39세,경상
2015051600100610,2015년 5월 16일 18시,토요일,충청남도 천안시 서북구 성정동,경상사고,0,0,1,0,차대차 - 기타,안전운전불이행,건조,맑음,교차로 - 교차로부근,승용,남,28세,상해없음,승용,남,37세,경상
2015051600100765,2015년 5월 16일 23시,토요일,충청남도 천안시 서북구 성정동,경상사고,0,0,4,0,차대차 - 정면충돌,안전운전불이행,건조,맑음,교차로 - 교차로안,승용,여,52세,상해없음,승용,남,18세,경상
2015051700100054,2015년 5월 17일 02시,일요일,충청남도 천안시 서북구 성정동,중상사고,0,1,2,0,차대차 - 측면직각충돌,신호위반,건조,맑음,교차로 - 교차로안,승용,남,19세,상해없음,승용,남,61세,중상
2015051700100055,2015년 5월 17일 02시,일요일,충청남도 천안시 서북구 성거읍,경상사고,0,0,1,0,차대차 - 추돌 - 진행중,안전운전불이행,건조,맑음,단일로 - 기타,승용,남,34세,상해없음,화물,남,46세,경상
2015051700100128,2015년 5월 17일 07시,일요일,충청남도 천안시 서북구 성환읍,중상사고,0,1,0,0,차대차 - 측면직각충돌,신호위반,건조,맑음,교차로 - 교차로안,승합,남,39세,상해없음,승용,여,53세,중상
2015051700100129,2015년 5월 17일 07시,일요일,충청남도 천안시 서북구 직산읍,중상사고,0,2,5,0,차대차 - 측면직각충돌,안전운전불이행,건조,맑음,단일로 - 기타,승용,남,50세,상해없음,승용,남,64세,경상
2015051700100198,2015년 5월 17일 10시,일요일,충청남도 천안시 동남구 목천읍,경상사고,0,0,1,0,차대차 - 추돌 - 진행중,안전운전불이행,건조,맑음,단일로 - 기타,승용,남,40세,상해없음,승용,남,42세,경상
2015051700100227,2015년 5월 17일 11시,일요일,충청남도 천안시 동남구 광덕면,중상사고,0,1,0,0,차대차 - 기타,교차로운행방법위반,건조,맑음,교차로 - 교차로안,승용,남,53세,상해없음,원동기,남,49세,중상
2015051700100283,2015년 5월 17일 13시,일요일,충청남도 천안시 서북구 두정동,경상사고,0,0,1,0,차대차 - 추돌 - 진행중,안전운전불이행,건조,맑음,단일로 - 기타,승용,남,41세,상해없음,승용,남,29세,경상
2015051700100354,2015년 5월 17일 15시,일요일,충청남도 천안시 동남구 신부동,경상사고,0,0,1,0,차대차 - 기타,안전거리미확보,건조,맑음,단일로 - 기타,승용,여,56세,상해없음,승합,남,59세,상해없음
2015051700100436,2015년 5월 17일 17시,일요일,충청남도 천안시 동남구 광덕면,경상사고,0,0,2,0,차대차 - 추돌 - 진행중,안전거리미확보,건조,맑음,단일로 - 터널,승용,여,42세,상해없음,승용,여,42세,경상
2015051800100082,2015년 5월 18일 07시,월요일,충청남도 천안시 서북구 성정동,경상사고,0,0,1,0,차대차 - 추돌 - 진행중,안전거리미확보,건조,맑음,교차로 - 교차로안,승용,남,26세,상해없음,승용,남,46세,경상
2015051800100194,2015년 5월 18일 10시,월요일,충청남도 천안시 서북구 쌍용동,경상사고,0,0,1,0,차대차 - 기타,안전거리미확보,건조,맑음,단일로 - 기타,승합,남,56세,상해없음,승용,남,27세,상해없음
2015051800100253,2015년 5월 18일 12시,월요일,충청남도 천안시 동남구 청수동,중상사고,0,1,0,1,차대차 - 추돌 - 주정차중,안전운전불이행,건조,맑음,단일로 - 기타,원동기,남,20세,부상신고,원동기,남,42세,중상
2015051800100254,2015년 5월 18일 12시,월요일,충청남도 천안시 동남구 안서동,중상사고,0,1,0,0,차대사람 - 횡단중,안전운전불이행,건조,맑음,교차로 - 교차로안,승용,여,31세,상해없음,보행자,여,62세,중상
2015051800100255,2015년 5월 18일 12시,월요일,충청남도 천안시 동남구 다가동,중상사고,0,1,0,0,차대차 - 추돌 - 진행중,교차로운행방법위반,건조,맑음,교차로 - 교차로안,승용,남,69세,상해없음,원동기,남,33세,중상
2015051800100256,2015년 5월 18일 12시,월요일,충청남도 천안시 동남구 신방동,중상사고,0,1,0,0,차대차 - 측면직각충돌,안전운전불이행,건조,맑음,단일로 - 기타,화물,남,58세,상해없음,승용,남,39세,중상
2015051800100325,2015년 5월 18일 14시,월요일,충청남도 천안시 서북구 입장면,경상사고,0,0,1,0,차대차 - 기타,안전운전불이행,건조,흐림,단일로 - 기타,화물,남,44세,상해없음,승용,남,41세,경상
2015051800100364,2015년 5월 18일 15시,월요일,충청남도 천안시 동남구 신부동,중상사고,0,1,0,0,차대사람 - 횡단중,안전운전불이행,건조,맑음,단일로 - 기타,승용,여,56세,상해없음,보행자,여,72세,중상
2015051800100410,2015년 5월 18일 16시,월요일,충청남도 천안시 서북구 신당동,경상사고,0,0,1,0,차대차 - 측면직각충돌,안전운전불이행,건조,맑음,단일로 - 기타,승합,남,43세,상해없음,승용,여,43세,경상
2015051800100447,2015년 5월 18일 17시,월요일,충청남도 천안시 서북구 직산읍,경상사고,0,0,2,0,차대차 - 측면직각충돌,안전운전불이행,건조,맑음,단일로 - 기타,화물,남,67세,상해없음,승용,여,33세,경상
2015051800100535,2015년 5월 18일 19시,월요일,충청남도 천안시 서북구 성환읍,경상사고,0,0,1,0,차대차 - 추돌 - 주정차중,안전운전불이행,건조,맑음,교차로 - 교차로부근,화물,남,62세,상해없음,승용,남,48세,경상
2015051900100010,2015년 5월 19일 00시,화요일,충청남도 천안시 동남구 청당동,중상사고,0,1,0,2,차대차 - 추돌 - 주정차중,신호위반,건조,맑음,교차로 - 교차로안,승용,남,57세,부상신고,승용,남,31세,중상
2015051900100111,2015년 5월 19일 07시,화요일,충청남도 천안시 동남구 원성동,중상사고,0,1,0,0,차대사람 - 횡단중,안전운전불이행,건조,맑음,교차로 - 교차로부근,화물,남,45세,상해없음,보행자,남,17세,중상
2015051900100416,2015년 5월 19일 16시,화요일,충청남도 천안시 동남구 목천읍,중상사고,0,1,0,0,차대차 - 정면충돌,안전운전불이행,건조,맑음,교차로 - 교차로안,승용,남,61세,상해없음,이륜,남,81세,중상
2015051900100453,2015년 5월 19일 17시,화요일,충청남도 천안시 서북구 두정동,경상사고,0,0,1,0,차대사람 - 차도통행중,안전운전불이행,습기,비,단일로 - 기타,화물,남,36세,상해없음,보행자,여,27세,경상
2015051900100617,2015년 5월 19일 22시,화요일,충청남도 천안시 서북구 불당동,중상사고,0,1,0,0,차대사람 - 횡단중,안전운전불이행,습기,흐림,단일로 - 기타,승합,여,53세,상해없음,보행자,남,12세,중상
2015052000100235,2015년 5월 20일 11시,수요일,충청남도 천안시 서북구 성환읍,중상사고,0,1,0,0,차대차 - 측면직각충돌,교차로운행방법위반,건조,맑음,교차로 - 교차로안,화물,남,60세,상해없음,자전거,남,26세,중상
2015052000100376,2015년 5월 20일 15시,수요일,충청남도 천안시 동남구 신부동,경상사고,0,0,2,0,차대차 - 측면직각충돌,안전운전불이행,건조,맑음,단일로 - 기타,승용,남,41세,상해없음,승용,여,61세,경상
2015052000100632,2015년 5월 20일 21시,수요일,충청남도 천안시 동남구 구성동,경상사고,0,0,1,0,차대차 - 측면직각충돌,안전운전불이행,건조,맑음,단일로 - 기타,승용,남,24세,상해없음,승용,남,47세,기타불명
2015052000100687,2015년 5월 20일 23시,수요일,충청남도 천안시 서북구 직산읍,경상사고,0,0,2,0,차대차 - 측면직각충돌,기타,건조,맑음,교차로 - 교차로안,승용,남,54세,상해없음,승용,남,29세,경상