사고번호,사고일시,요일,시군구,사고내용,사망자수,중상자수,경상자수,부상신고자수,사고유형,법규위반,노면상태,기상상태,도로형태,가해운전자 차종,가해운전자 성별,가해운전자 연령,가해운전자 상해정도,피해운전자 차종,피해운전자 성별,피해운전자 연령,피해운전자 상해정도
2015052000100688,2015년 5월 20일 23시,수요일,충청남도 천안시 서북구 두정동,경상사고,0,0,1,0,차대차 - 측면직각충돌,안전운전불이행,건조,맑음,교차로 - 교차로안,승용,남,41세,상해없음,승용,남,25세,경상
2015052100100053,2015년 5월 21일 03시,목요일,충청남도 천안시 서북구 성정동,경상사고,0,0,1,0,차대차 - 추돌 - 진행중,안전운전불이행,건조,맑음,단일로 - 기타,승용,남,28세,기타불명,승용,남,26세,경상
2015052100100073,2015년 5월 21일 05시,목요일,충청남도 천안시 서북구 성정동,경상사고,0,0,1,0,차대차 - 측면직각충돌,안전운전불이행,건조,맑음,교차로 - 교차로안,승용,남,32세,기타불명,승합,남,52세,상해없음
2015052100100084,2015년 5월 21일 06시,목요일,충청남도 천안시 동남구 풍세면,경상사고,0,0,3,1,차대차 - 추돌 - 주정차중,안전거리미확보,건조,맑음,단일로 - 기타,승용,남,31세,부상신고,화물,남,41세,경상
2015052100100143,2015년 5월 21일 08시,목요일,충청남도 천안시 서북구 두정동,경상사고,0,0,1,0,차대차 - 기타,안전운전불이행,건조,맑음,교차로 - 교차로안,승용,남,28세,상해없음,승용,여,42세,경상
2015052100100146,2015년 5월 21일 08시,목요일,충청남도 천안시 동남구 신부동,중상사고,0,1,0,0,차대차 - 측면직각충돌,안전운전불이행,건조,맑음,기타 - 기타,승용,남,44세,상해없음,자전거,남,26세,중상
2015052100100552,2015년 5월 21일 19시,목요일,충청남도 천안시 서북구 불당동,중상사고,0,1,0,0,차대차 - 기타,신호위반,건조,맑음,교차로 - 교차로부근,승용,여,30세,상해없음,자전거,남,12세,중상
2015052100100553,2015년 5월 21일 19시,목요일,충청남도 천안시 서북구 두정동,경상사고,0,0,1,0,차대차 - 측면직각충돌,안전운전불이행,건조,맑음,교차로 - 교차로안,승용,여,27세,상해없음,승합,여,49세,경상
2015052100100631,2015년 5월 21일 21시,목요일,충청남도 천안시 동남구 안서동,경상사고,0,0,1,0,차대사람 - 길가장자리구역통행중,안전운전불이행,건조,맑음,단일로 - 기타,승용,남,54세,상해없음,보행자,남,23세,경상
2015052200100009,2015년 5월 22일 00시,금요일,충청남도 천안시 서북구 성성동,경상사고,0,0,1,0,차대차 - 측면직각충돌,안전운전불이행,건조,맑음,단일로 - 기타,승용,남,38세,상해없음,승용,남,50세,상해없음
2015052200100010,2015년 5월 22일 00시,금요일,충청남도 천안시 서북구 성정동,중상사고,0,1,0,0,차대사람 - 횡단중,보행자보호의무위반,건조,맑음,단일로 - 기타,승용,남,35세,상해없음,보행자,남,22세,중상
2015052200100011,2015년 5월 22일 00시,금요일,충청남도 천안시 서북구 쌍용동,경상사고,0,0,1,0,차대사람 - 기타,안전운전불이행,건조,맑음,교차로 - 교차로안,승용,남,58세,상해없음,보행자,남,26세,경상
2015052200100030,2015년 5월 22일 01시,금요일,충청남도 천안시 서북구 두정동,경상사고,0,0,1,0,차대차 - 측면직각충돌,신호위반,건조,맑음,교차로 - 교차로안,승용,남,46세,상해없음,승용,여,50세,경상
2015052200100112,2015년 5월 22일 07시,금요일,충청남도 천안시 서북구 불당동,중상사고,0,1,0,0,차량단독 - 공작물충돌,안전운전불이행,건조,맑음,교차로 - 교차로부근,승용,남,22세,상해없음,,,,
2015052200100198,2015년 5월 22일 09시,금요일,충청남도 천안시 서북구 성환읍,경상사고,0,0,5,0,차대차 - 추돌 - 진행중,안전운전불이행,건조,맑음,단일로 - 기타,화물,남,32세,상해없음,화물,남,19세,경상
2015052200100229,2015년 5월 22일 10시,금요일,충청남도 천안시 서북구 두정동,경상사고,0,0,1,0,차대차 - 측면직각충돌,안전운전불이행,건조,맑음,단일로 - 기타,승용,남,46세,상해없음,이륜,남,42세,경상
2015052200100370,2015년 5월 22일 14시,금요일,충청남도 천안시 서북구 성환읍,중상사고,0,1,0,0,차대사람 - 횡단중,안전운전불이행,건조,맑음,단일로 - 기타,승용,여,49세,상해없음,보행자,여,89세,중상
2015052200100554,2015년 5월 22일 18시,금요일,충청남도 천안시 서북구 직산읍,경상사고,0,0,1,0,차대차 - 측면직각충돌,안전운전불이행,건조,맑음,단일로 - 기타,자전거,남,13세,경상,승용,남,46세,상해없음
2015052200100670,2015년 5월 22일 21시,금요일,충청남도 천안시 동남구 봉명동,중상사고,0,1,0,0,차대차 - 추돌 - 주정차중,안전운전불이행,건조,맑음,단일로 - 기타,승용,남,52세,상해없음,승합,남,56세,상해없음
2015052200100746,2015년 5월 22일 23시,금요일,충청남도 천안시 서북구 성정동,경상사고,0,0,1,0,차대차 - 기타,교차로운행방법위반,건조,맑음,교차로 - 교차로안,원동기,남,41세,경상,승용,남,29세,상해없음
2015052200100747,2015년 5월 22일 23시,금요일,충청남도 천안시 동남구 목천읍,중상사고,0,1,0,0,차대차 - 추돌 - 진행중,안전운전불이행,건조,맑음,단일로 - 기타,승용,여,39세,상해없음,자전거,남,48세,중상
2015052300100217,2015년 5월 23일 10시,토요일,충청남도 천안시 서북구 입장면,사망사고,1,1,0,0,차대차 - 추돌 - 진행중,안전운전불이행,건조,맑음,단일로 - 기타,승용,남,41세,상해없음,승용,남,68세,중상
2015052300100261,2015년 5월 23일 11시,토요일,충청남도 천안시 서북구 성환읍,경상사고,0,0,1,0,차대차 - 추돌 - 진행중,안전운전불이행,건조,맑음,단일로 - 기타,승용,남,25세,상해없음,승용,남,34세,경상
2015052300100262,2015년 5월 23일 11시,토요일,충청남도 천안시 서북구 두정동,경상사고,0,0,1,0,차대차 - 기타,안전운전불이행,건조,맑음,단일로 - 기타,승용,남,35세,경상,승용,남,30세,상해없음
2015052300100301,2015년 5월 23일 12시,토요일,충청남도 천안시 동남구 봉명동,중상사고,0,1,0,0,차대차 - 측면직각충돌,교차로운행방법위반,건조,맑음,교차로 - 교차로안,승용,남,44세,상해없음,자전거,남,12세,중상
2015052300100343,2015년 5월 23일 13시,토요일,충청남도 천안시 서북구 성거읍,경상사고,0,0,2,0,차대차 - 기타,안전운전불이행,건조,맑음,단일로 - 기타,승용,남,31세,상해없음,승용,여,43세,경상
2015052300100344,2015년 5월 23일 13시,토요일,충청남도 천안시 서북구 두정동,중상사고,0,1,0,0,차대차 - 추돌 - 진행중,안전운전불이행,건조,맑음,단일로 - 기타,승용,남,73세,상해없음,원동기,남,34세,중상
2015052300100580,2015년 5월 23일 19시,토요일,충청남도 천안시 서북구 성거읍,경상사고,0,0,2,0,차대차 - 추돌 - 진행중,안전운전불이행,건조,맑음,단일로 - 기타,승용,남,48세,상해없음,승용,여,43세,경상
2015052300100638,2015년 5월 23일 21시,토요일,충청남도 천안시 동남구 봉명동,경상사고,0,0,1,0,차대차 - 측면직각충돌,중앙선침범,건조,맑음,단일로 - 기타,승용,남,50세,상해없음,승용,남,54세,경상
2015052400100027,2015년 5월 24일 01시,일요일,충청남도 천안시 서북구 두정동,중상사고,0,1,0,0,차대사람 - 기타,안전운전불이행,건조,맑음,단일로 - 기타,승용,남,28세,상해없음,보행자,여,23세,중상
2015052400100040,2015년 5월 24일 02시,일요일,충청남도 천안시 서북구 두정동,경상사고,0,0,2,0,차대차 - 기타,안전운전불이행,건조,맑음,교차로 - 교차로부근,승용,남,27세,상해없음,승용,남,25세,경상
2015052400100093,2015년 5월 24일 05시,일요일,충청남도 천안시 동남구 신부동,경상사고,0,0,1,0,차대사람 - 길가장자리구역통행중,기타,건조,맑음,단일로 - 기타,승용,남,42세,상해없음,보행자,여,45세,경상
2015052400100140,2015년 5월 24일 08시,일요일,충청남도 천안시 동남구 원성동,중상사고,0,7,1,0,차대차 - 기타,신호위반,건조,맑음,단일로 - 기타,승용,남,63세,상해없음,승합,남,52세,상해없음
2015052400100440,2015년 5월 24일 18시,일요일,충청남도 천안시 서북구 성정동,경상사고,0,0,3,0,차대차 - 측면직각충돌,신호위반,건조,맑음,교차로 - 교차로안,승용,남,45세,상해없음,승용,여,46세,경상
2015052400100577,2015년 5월 24일 23시,일요일,충청남도 천안시 동남구 목천읍,사망사고,1,0,0,0,차량단독 - 기타,기타,건조,맑음,단일로 - 기타,승용,남,53세,사망,,,,
2015052500100056,2015년 5월 25일 04시,월요일,충청남도 천안시 서북구 성정동,경상사고,0,0,1,0,차대차 - 측면직각충돌,안전운전불이행,건조,맑음,교차로 - 교차로안,기타불명,기타불명,기타불명,기타불명,원동기,남,32세,경상
2015052500100089,2015년 5월 25일 06시,월요일,충청남도 천안시 동남구 구성동,중상사고,0,1,0,0,차대차 - 추돌 - 진행중,안전운전불이행,건조,맑음,단일로 - 기타,기타불명,기타불명,기타불명,기타불명,이륜,남,72세,중상
2015052500100122,2015년 5월 25일 08시,월요일,충청남도 천안시 서북구 성성동,경상사고,0,0,1,0,차대차 - 측면직각충돌,안전운전불이행,건조,맑음,교차로 - 교차로안,승용,남,49세,상해없음,승용,남,35세,경상
2015052500100181,2015년 5월 25일 10시,월요일,충청남도 천안시 서북구 두정동,경상사고,0,0,2,2,차대차 - 측면직각충돌,중앙선침범,건조,맑음,교차로 - 교차로부근,승용,남,47세,상해없음,승용,남,57세,부상신고
2015052500100414,2015년 5월 25일 17시,월요일,충청남도 천안시 동남구 청당동,경상사고,0,0,2,0,차대차 - 추돌 - 진행중,안전운전불이행,건조,맑음,단일로 - 기타,승용,남,54세,상해없음,승용,남,31세,경상
2015052500100415,2015년 5월 25일 17시,월요일,충청남도 천안시 동남구 다가동,경상사고,0,0,1,0,차대사람 - 차도통행중,안전운전불이행,건조,맑음,단일로 - 기타,승용,여,28세,상해없음,보행자,여,63세,경상
2015052500100539,2015년 5월 25일 21시,월요일,충청남도 천안시 동남구 풍세면,중상사고,0,2,0,0,차대차 - 추돌 - 진행중,안전운전불이행,건조,맑음,단일로 - 기타,화물,남,53세,상해없음,승용,여,47세,중상
2015052500100540,2015년 5월 25일 21시,월요일,충청남도 천안시 서북구 성거읍,중상사고,0,1,0,0,차대차 - 측면직각충돌,안전거리미확보,건조,맑음,단일로 - 기타,화물,남,51세,상해없음,승용,남,49세,중상
2015052500100591,2015년 5월 25일 23시,월요일,충청남도 천안시 동남구 청당동,경상사고,0,0,1,0,차대차 - 추돌 - 진행중,안전운전불이행,건조,맑음,교차로 - 교차로안,승용,남,47세,상해없음,승용,여,34세,경상
2015052600100005,2015년 5월 26일 00시,화요일,충청남도 천안시 동남구 신방동,사망사고,1,0,0,0,차대차 - 기타,차로위반,건조,맑음,단일로 - 기타,승용,남,33세,사망,화물,남,43세,상해없음
2015052600100203,2015년 5월 26일 10시,화요일,충청남도 천안시 서북구 백석동,경상사고,0,0,1,0,차대차 - 측면직각충돌,안전운전불이행,건조,맑음,교차로 - 교차로안,승용,여,33세,상해없음,승용,여,48세,경상
2015052600100381,2015년 5월 26일 15시,화요일,충청남도 천안시 서북구 성성동,경상사고,0,0,1,0,차대차 - 기타,안전운전불이행,건조,맑음,단일로 - 기타,화물,남,54세,상해없음,승용,남,37세,경상
2015052600100430,2015년 5월 26일 16시,화요일,충청남도 천안시 동남구 신부동,중상사고,0,4,7,1,차대차 - 측면직각충돌,차로위반,건조,맑음,단일로 - 기타,승용,남,46세,상해없음,승합,남,54세,경상
2015052600100431,2015년 5월 26일 16시,화요일,충청남도 천안시 동남구 신방동,중상사고,0,1,0,0,차대차 - 측면직각충돌,안전운전불이행,건조,맑음,교차로 - 교차로부근,자전거,남,19세,중상,화물,남,46세,상해없음
2015052600100432,2015년 5월 26일 16시,화요일,충청남도 천안시 서북구 성거읍,중상사고,0,2,5,1,차대차 - 기타,안전운전불이행,건조,맑음,단일로 - 기타,승합,남,59세,상해없음,승합,남,56세,상해없음
2015052600100553,2015년 5월 26일 18시,화요일,충청남도 천안시 서북구 백석동,중상사고,0,1,0,0,차대사람 - 횡단중,안전운전불이행,건조,맑음,단일로 - 기타,승용,남,28세,상해없음,보행자,남,72세,중상
2015052600100554,2015년 5월 26일 18시,화요일,충청남도 천안시 서북구 성환읍,중상사고,0,1,0,0,차대차 - 측면직각충돌,교차로운행방법위반,건조,맑음,교차로 - 교차로부근,승용,남,32세,상해없음,자전거,남,67세,중상
2015052600100596,2015년 5월 26일 19시,화요일,충청남도 천안시 동남구 원성동,중상사고,0,1,0,0,차대차 - 측면직각충돌,직진우회전진행방해,건조,맑음,교차로 - 교차로안,이륜,남,41세,중상,승용,남,47세,상해없음
2015052600100699,2015년 5월 26일 22시,화요일,충청남도 천안시 동남구 목천읍,중상사고,0,2,0,0,차대차 - 추돌 - 진행중,안전운전불이행,건조,맑음,단일로 - 기타,승용,남,57세,상해없음,승용,남,32세,중상
2015052700100203,2015년 5월 27일 10시,수요일,충청남도 천안시 동남구 신부동,경상사고,0,0,2,0,차대차 - 측면직각충돌,차로위반,건조,맑음,단일로 - 기타,승용,남,50세,상해없음,승용,남,36세,경상
2015052700100336,2015년 5월 27일 14시,수요일,충청남도 천안시 동남구 영성동,중상사고,0,1,0,0,차대사람 - 횡단중,안전운전불이행,건조,맑음,단일로 - 기타,화물,남,54세,상해없음,보행자,여,53세,중상
2015052700100377,2015년 5월 27일 15시,수요일,충청남도 천안시 동남구 대흥동,중상사고,0,1,0,0,차대사람 - 횡단중,안전운전불이행,건조,맑음,단일로 - 기타,승용,남,54세,상해없음,보행자,남,41세,중상
2015052700100417,2015년 5월 27일 16시,수요일,충청남도 천안시 서북구 백석동,경상사고,0,0,1,0,차대사람 - 횡단중,보행자보호의무위반,건조,맑음,교차로 - 교차로안,화물,남,63세,상해없음,보행자,여,9세,경상
2015052700100420,2015년 5월 27일 16시,수요일,충청남도 천안시 동남구 대흥동,경상사고,0,0,1,0,차대차 - 정면충돌,중앙선침범,건조,맑음,단일로 - 터널,기타불명,기타불명,기타불명,기타불명,승용,남,47세,경상
2015052700100460,2015년 5월 27일 17시,수요일,충청남도 천안시 서북구 성정동,경상사고,0,0,2,0,차대차 - 추돌 - 주정차중,안전운전불이행,건조,맑음,교차로 - 교차로부근,화물,남,61세,상해없음,승용,남,43세,경상
2015052700100654,2015년 5월 27일 22시,수요일,충청남도 천안시 동남구 청당동,중상사고,0,1,0,0,차대차 - 추돌 - 진행중,안전운전불이행,건조,맑음,단일로 - 기타,원동기,남,50세,상해없음,원동기,남,55세,중상
2015052800100321,2015년 5월 28일 14시,목요일,충청남도 천안시 동남구 문화동,중상사고,0,2,0,0,차대사람 - 차도통행중,보행자보호의무위반,건조,맑음,단일로 - 기타,승용,여,58세,상해없음,보행자,남,40세,중상
2015052800100364,2015년 5월 28일 15시,목요일,충청남도 천안시 서북구 불당동,경상사고,0,0,3,0,차대차 - 측면직각충돌,안전운전불이행,건조,맑음,교차로 - 교차로안,승용,남,42세,상해없음,화물,남,46세,경상
2015052800100485,2015년 5월 28일 18시,목요일,충청남도 천안시 서북구 백석동,경상사고,0,0,2,0,차대차 - 기타,신호위반,건조,맑음,교차로 - 교차로안,승용,여,48세,상해없음,승용,남,39세,경상
2015052800100486,2015년 5월 28일 18시,목요일,충청남도 천안시 동남구 신방동,중상사고,0,1,0,0,차대사람 - 길가장자리구역통행중,보행자보호의무위반,건조,맑음,단일로 - 횡단보도상,승용,여,50세,기타불명,보행자,남,7세,중상
2015052900100230,2015년 5월 29일 10시,금요일,충청남도 천안시 동남구 신부동,경상사고,0,0,1,0,차대차 - 측면직각충돌,안전운전불이행,건조,맑음,단일로 - 기타,자전거,남,85세,경상,화물,남,49세,상해없음
2015052900100289,2015년 5월 29일 12시,금요일,충청남도 천안시 서북구 직산읍,경상사고,0,0,1,0,차대차 - 기타,안전운전불이행,건조,맑음,교차로 - 교차로부근,건설기계,남,66세,상해없음,승용,남,68세,경상
2015052900100291,2015년 5월 29일 12시,금요일,충청남도 천안시 동남구 삼룡동,경상사고,0,0,3,0,차대차 - 측면직각충돌,안전운전불이행,건조,맑음,단일로 - 기타,승용,남,35세,상해없음,승합,남,38세,상해없음
2015052900100576,2015년 5월 29일 20시,금요일,충청남도 천안시 서북구 두정동,경상사고,0,0,1,0,차대차 - 추돌 - 진행중,안전운전불이행,건조,맑음,단일로 - 기타,승용,남,49세,상해없음,승용,남,30세,경상
2015052900100679,2015년 5월 29일 23시,금요일,충청남도 천안시 서북구 두정동,경상사고,0,0,1,0,차대사람 - 기타,안전운전불이행,건조,맑음,단일로 - 기타,승용,남,31세,상해없음,보행자,여,25세,경상
2015053000100045,2015년 5월 30일 01시,토요일,충청남도 천안시 서북구 두정동,경상사고,0,0,1,0,차대차 - 추돌 - 주정차중,안전운전불이행,건조,맑음,교차로 - 교차로안,승용,남,20세,상해없음,승용,남,38세,경상
2015053000100423,2015년 5월 30일 15시,토요일,충청남도 천안시 서북구 성환읍,경상사고,0,0,2,0,차대차 - 측면직각충돌,신호위반,건조,맑음,교차로 - 교차로안,승용,여,35세,상해없음,승용,남,55세,경상
2015053000100521,2015년 5월 30일 18시,토요일,충청남도 천안시 동남구 신방동,경상사고,0,0,1,0,차대차 - 정면충돌,안전운전불이행,건조,맑음,단일로 - 기타,자전거,남,5세,경상,화물,남,54세,상해없음
2015053000100664,2015년 5월 30일 22시,토요일,충청남도 천안시 서북구 쌍용동,경상사고,0,0,2,0,차대차 - 추돌 - 주정차중,안전운전불이행,건조,맑음,단일로 - 기타,승용,남,47세,상해없음,화물,남,47세,경상
2015053100100075,2015년 5월 31일 05시,일요일,충청남도 천안시 서북구 두정동,경상사고,0,0,1,0,차대사람 - 길가장자리구역통행중,안전운전불이행,건조,맑음,단일로 - 기타,승용,남,20세,상해없음,보행자,남,22세,경상
2015053100100321,2015년 5월 31일 15시,일요일,충청남도 천안시 서북구 성환읍,경상사고,0,0,1,0,차대차 - 측면직각충돌,안전운전불이행,건조,맑음,교차로 - 교차로안,승용,남,69세,상해없음,승용,남,34세,경상
2015053100100359,2015년 5월 31일 16시,일요일,충청남도 천안시 서북구 성정동,경상사고,0,0,2,0,차대차 - 추돌 - 주정차중,안전운전불이행,건조,맑음,단일로 - 기타,승용,남,45세,상해없음,승용,남,23세,경상
2015053100100394,2015년 5월 31일 17시,일요일,충청남도 천안시 동남구 신부동,경상사고,0,0,1,0,차대차 - 추돌 - 주정차중,안전운전불이행,건조,맑음,단일로 - 기타,승용,남,23세,상해없음,화물,남,45세,경상
2015053100100426,2015년 5월 31일 18시,일요일,충청남도 천안시 서북구 성성동,경상사고,0,0,2,0,차대차 - 측면직각충돌,안전운전불이행,건조,맑음,교차로 - 교차로안,승용,남,30세,상해없음,승용,남,43세,경상
2015053100100502,2015년 5월 31일 21시,일요일,충청남도 천안시 서북구 성정동,경상사고,0,0,1,0,차대차 - 추돌 - 주정차중,안전운전불이행,건조,맑음,교차로 - 교차로부근,승용,남,29세,상해없음,승용,여,31세,경상
2015053100100504,2015년 5월 31일 21시,일요일,충청남도 천안시 동남구 목천읍,경상사고,0,0,2,0,차대차 - 추돌 - 주정차중,안전운전불이행,건조,맑음,교차로 - 교차로부근,승용,남,57세,상해없음,승용,여,43세,경상
2015053100100538,2015년 5월 31일 22시,일요일,충청남도 천안시 서북구 불당동,중상사고,0,1,0,0,차대사람 - 기타,안전운전불이행,건조,맑음,단일로 - 기타,승용,남,42세,상해없음,보행자,남,53세,중상
2015053100100539,2015년 5월 31일 22시,일요일,충청남도 천안시 동남구 신방동,경상사고,0,0,1,0,차대차 - 추돌 - 주정차중,안전운전불이행,건조,맑음,교차로 - 교차로부근,승용,남,57세,상해없음,승용,여,37세,경상
2015060100100005,2015년 6월 1일 00시,월요일,충청남도 천안시 동남구 사직동,경상사고,0,0,1,0,차대차 - 추돌 - 주정차중,안전운전불이행,건조,맑음,교차로 - 교차로부근,승용,남,38세,상해없음,승용,남,49세,경상
2015060100100015,2015년 6월 1일 01시,월요일,충청남도 천안시 서북구 두정동,경상사고,0,0,2,1,차대차 - 기타,중앙선침범,건조,맑음,미분류 - 미분류,승용,남,49세,상해없음,승용,여,30세,경상
2015060100100058,2015년 6월 1일 06시,월요일,충청남도 천안시 서북구 성성동,경상사고,0,0,1,0,차대차 - 기타,안전운전불이행,건조,흐림,교차로 - 교차로부근,승용,남,52세,상해없음,화물,남,37세,경상
2015060100100265,2015년 6월 1일 12시,월요일,충청남도 천안시 서북구 백석동,경상사고,0,0,3,0,차대차 - 측면직각충돌,안전운전불이행,건조,맑음,교차로 - 교차로안,승용,여,65세,기타불명,승용,여,29세,경상
2015060100100321,2015년 6월 1일 14시,월요일,충청남도 천안시 동남구 목천읍,경상사고,0,0,4,0,차대차 - 추돌 - 주정차중,안전운전불이행,건조,맑음,단일로 - 기타,승용,남,30세,경상,화물,남,63세,상해없음
2015060100100437,2015년 6월 1일 17시,월요일,충청남도 천안시 서북구 성정동,경상사고,0,0,2,0,차대차 - 기타,안전운전불이행,건조,맑음,교차로 - 교차로부근,승용,남,26세,상해없음,승용,남,27세,경상
2015060100100653,2015년 6월 1일 22시,월요일,충청남도 천안시 동남구 사직동,경상사고,0,0,1,0,차대차 - 측면직각충돌,교차로운행방법위반,건조,맑음,교차로 - 교차로부근,승용,여,25세,상해없음,자전거,여,52세,경상
2015060200100125,2015년 6월 2일 08시,화요일,충청남도 천안시 서북구 쌍용동,중상사고,0,1,1,0,차대차 - 기타,안전운전불이행,건조,맑음,단일로 - 기타,승용,남,75세,상해없음,승용,여,47세,중상
2015060200100126,2015년 6월 2일 08시,화요일,충청남도 천안시 서북구 성성동,경상사고,0,0,1,0,차대차 - 측면직각충돌,안전운전불이행,건조,맑음,단일로 - 기타,화물,남,50세,상해없음,승용,남,29세,경상
2015060200100306,2015년 6월 2일 15시,화요일,충청남도 천안시 동남구 신부동,경상사고,0,0,1,0,차대차 - 측면직각충돌,신호위반,건조,맑음,교차로 - 교차로부근,승용,남,23세,상해없음,승용,여,42세,경상
2015060200100381,2015년 6월 2일 17시,화요일,충청남도 천안시 서북구 백석동,사망사고,1,0,0,0,차대차 - 기타,안전거리미확보,건조,맑음,단일로 - 기타,승용,여,60세,상해없음,건설기계,남,63세,상해없음
2015060200100441,2015년 6월 2일 18시,화요일,충청남도 천안시 서북구 불당동,경상사고,0,0,2,0,차대차 - 기타,안전운전불이행,건조,맑음,교차로 - 교차로부근,승용,남,46세,상해없음,원동기,남,17세,경상
2015060200100535,2015년 6월 2일 21시,화요일,충청남도 천안시 서북구 입장면,경상사고,0,0,1,0,차대사람 - 길가장자리구역통행중,안전운전불이행,건조,맑음,단일로 - 기타,승용,남,52세,상해없음,보행자,여,22세,경상
2015060300100336,2015년 6월 3일 14시,수요일,충청남도 천안시 동남구 신방동,경상사고,0,0,1,0,차대차 - 추돌 - 진행중,차로위반,건조,맑음,단일로 - 기타,건설기계,남,65세,상해없음,승용,여,47세,경상
2015060300100567,2015년 6월 3일 19시,수요일,충청남도 천안시 서북구 성정동,경상사고,0,0,1,0,차대차 - 측면직각충돌,안전운전불이행,건조,맑음,단일로 - 기타,승용,남,44세,상해없음,원동기,남,33세,경상
2015060300100601,2015년 6월 3일 20시,수요일,충청남도 천안시 서북구 두정동,경상사고,0,0,3,0,차대차 - 측면직각충돌,중앙선침범,건조,맑음,단일로 - 기타,승용,남,60세,상해없음,승합,남,56세,경상
2015060300100629,2015년 6월 3일 21시,수요일,충청남도 천안시 서북구 쌍용동,경상사고,0,0,1,0,차대차 - 기타,안전운전불이행,건조,맑음,교차로 - 교차로부근,승용,남,32세,상해없음,화물,여,26세,경상
2015060400100111,2015년 6월 4일 07시,목요일,충청남도 천안시 동남구 구성동,중상사고,0,1,0,0,차대사람 - 횡단중,보행자보호의무위반,건조,맑음,단일로 - 기타,승용,남,24세,상해없음,보행자,여,53세,중상
2015060400100636,2015년 6월 4일 22시,목요일,충청남도 천안시 동남구 목천읍,중상사고,0,1,0,0,차량단독 - 전도전복,안전운전불이행,건조,맑음,단일로 - 기타,자전거,남,37세,중상,,,,
2015060500100031,2015년 6월 5일 01시,금요일,충청남도 천안시 서북구 성정동,경상사고,0,0,1,0,차대차 - 정면충돌,중앙선침범,건조,맑음,교차로 - 교차로부근,승용,남,36세,상해없음,승용,남,33세,경상
2015060500100032,2015년 6월 5일 01시,금요일,충청남도 천안시 동남구 신부동,경상사고,0,0,3,0,차대차 - 추돌 - 진행중,교차로운행방법위반,건조,맑음,교차로 - 교차로안,승용,남,61세,상해없음,승용,여,56세,경상
2015060500100034,2015년 6월 5일 01시,금요일,충청남도 천안시 동남구 수신면,경상사고,0,0,1,0,차대차 - 기타,안전운전불이행,건조,맑음,단일로 - 기타,승용,남,30세,경상,승용,남,35세,상해없음
2015060500100059,2015년 6월 5일 03시,금요일,충청남도 천안시 서북구 성거읍,중상사고,0,1,0,0,차량단독 - 공작물충돌,안전운전불이행,습기,비,단일로 - 기타,승용,남,26세,중상,,,,
2015060500100165,2015년 6월 5일 08시,금요일,충청남도 천안시 동남구 구성동,경상사고,0,0,1,0,차대차 - 추돌 - 진행중,차로위반,건조,맑음,단일로 - 기타,승용,남,27세,상해없음,승용,여,35세,경상
2015060500100244,2015년 6월 5일 10시,금요일,충청남도 천안시 서북구 두정동,경상사고,0,0,1,0,차대차 - 기타,안전운전불이행,건조,맑음,단일로 - 기타,승용,남,58세,상해없음,승용,남,23세,경상
2015060500100277,2015년 6월 5일 11시,금요일,충청남도 천안시 서북구 성거읍,경상사고,0,0,1,0,차대차 - 기타,안전운전불이행,건조,맑음,단일로 - 기타,화물,남,37세,상해없음,이륜,남,53세,경상
2015060500100608,2015년 6월 5일 21시,금요일,충청남도 천안시 동남구 성황동,중상사고,0,1,0,0,차대차 - 추돌 - 주정차중,신호위반,건조,맑음,교차로 - 교차로안,자전거,남,57세,중상,승용,남,34세,상해없음
2015060600100233,2015년 6월 6일 11시,토요일,충청남도 천안시 동남구 북면,중상사고,0,1,0,0,차량단독 - 전도전복,안전운전불이행,건조,맑음,단일로 - 기타,이륜,남,53세,중상,,,,
2015060600100276,2015년 6월 6일 12시,토요일,충청남도 천안시 서북구 성정동,경상사고,0,0,1,0,차대차 - 측면직각충돌,교차로운행방법위반,건조,맑음,교차로 - 교차로안,승용,여,46세,상해없음,원동기,남,58세,경상
2015060600100341,2015년 6월 6일 14시,토요일,충청남도 천안시 동남구 삼룡동,중상사고,0,2,0,0,차대차 - 추돌 - 주정차중,기타,건조,맑음,교차로 - 교차로부근,승용,남,38세,상해없음,승용,남,57세,중상
2015060600100494,2015년 6월 6일 18시,토요일,충청남도 천안시 서북구 입장면,경상사고,0,0,2,0,차대차 - 정면충돌,중앙선침범,건조,맑음,단일로 - 기타,승용,남,70세,상해없음,승용,여,43세,경상
2015060700100010,2015년 6월 7일 00시,일요일,충청남도 천안시 서북구 두정동,경상사고,0,0,1,0,차대사람 - 차도통행중,안전운전불이행,건조,맑음,교차로 - 교차로부근,승용,남,27세,상해없음,보행자,남,20세,경상
2015060700100467,2015년 6월 7일 21시,일요일,충청남도 천안시 동남구 안서동,중상사고,0,1,0,0,차대차 - 측면직각충돌,안전운전불이행,건조,맑음,교차로 - 교차로안,승용,남,21세,상해없음,이륜,남,48세,중상
2015060800100105,2015년 6월 8일 08시,월요일,충청남도 천안시 서북구 두정동,경상사고,0,0,1,0,차대차 - 측면직각충돌,안전운전불이행,건조,맑음,단일로 - 기타,승용,남,26세,상해없음,승용,남,48세,경상
2015060800100144,2015년 6월 8일 09시,월요일,충청남도 천안시 서북구 성거읍,경상사고,0,0,1,0,차대차 - 측면직각충돌,안전운전불이행,건조,맑음,교차로 - 교차로안,승용,여,30세,상해없음,화물,남,57세,경상
2015060800100557,2015년 6월 8일 22시,월요일,충청남도 천안시 서북구 백석동,중상사고,0,1,0,0,차대차 - 정면충돌,신호위반,건조,맑음,교차로 - 교차로안,승용,남,50세,상해없음,승용,남,45세,중상