사고번호,사고일시,요일,시군구,사고내용,사망자수,중상자수,경상자수,부상신고자수,사고유형,법규위반,노면상태,기상상태,도로형태,가해운전자 차종,가해운전자 성별,가해운전자 연령,가해운전자 상해정도,피해운전자 차종,피해운전자 성별,피해운전자 연령,피해운전자 상해정도
2015060800100574,2015년 6월 8일 23시,월요일,충청남도 천안시 서북구 성거읍,경상사고,0,0,1,0,차대차 - 기타,안전거리미확보,건조,맑음,단일로 - 기타,승용,남,61세,상해없음,승용,남,27세,상해없음
2015060900100142,2015년 6월 9일 09시,화요일,충청남도 천안시 서북구 성정동,경상사고,0,0,1,0,차대차 - 기타,교차로운행방법위반,건조,맑음,교차로 - 교차로안,이륜,남,29세,경상,승용,남,53세,상해없음
2015060900100170,2015년 6월 9일 10시,화요일,충청남도 천안시 동남구 원성동,경상사고,0,0,2,0,차대차 - 추돌 - 진행중,안전운전불이행,건조,맑음,교차로 - 교차로안,승용,여,51세,경상,승용,남,31세,경상
2015060900100195,2015년 6월 9일 11시,화요일,충청남도 천안시 서북구 쌍용동,중상사고,0,1,0,0,차대차 - 기타,안전운전불이행,건조,맑음,단일로 - 기타,승용,남,32세,상해없음,자전거,남,24세,중상
2015060900100222,2015년 6월 9일 12시,화요일,충청남도 천안시 서북구 성환읍,경상사고,0,0,4,0,차대차 - 추돌 - 주정차중,안전운전불이행,건조,맑음,교차로 - 교차로부근,승용,여,64세,상해없음,승용,여,38세,경상
2015060900100469,2015년 6월 9일 20시,화요일,충청남도 천안시 서북구 직산읍,중상사고,0,1,0,0,차대사람 - 횡단중,안전운전불이행,건조,맑음,단일로 - 기타,승용,남,32세,상해없음,보행자,남,42세,중상
2015060900100560,2015년 6월 9일 23시,화요일,충청남도 천안시 동남구 신방동,경상사고,0,0,1,0,차대차 - 정면충돌,안전운전불이행,건조,맑음,교차로 - 교차로안,승용,여,49세,상해없음,승용,남,55세,상해없음
2015060900100561,2015년 6월 9일 23시,화요일,충청남도 천안시 동남구 신방동,경상사고,0,0,1,0,차대차 - 추돌 - 주정차중,안전운전불이행,건조,맑음,교차로 - 교차로안,승용,남,28세,상해없음,승용,남,39세,경상
2015061000100010,2015년 6월 10일 00시,수요일,충청남도 천안시 서북구 두정동,경상사고,0,0,6,0,차대차 - 측면직각충돌,신호위반,건조,맑음,교차로 - 교차로안,승용,남,33세,상해없음,승용,여,20세,경상
2015061000100090,2015년 6월 10일 07시,수요일,충청남도 천안시 동남구 목천읍,경상사고,0,0,4,0,차대차 - 기타,안전운전불이행,건조,맑음,단일로 - 기타,승용,남,42세,상해없음,승용,남,35세,경상
2015061000100119,2015년 6월 10일 08시,수요일,충청남도 천안시 서북구 성정동,경상사고,0,0,1,0,차대사람 - 차도통행중,안전운전불이행,건조,맑음,단일로 - 기타,화물,남,66세,상해없음,보행자,여,18세,경상
2015061000100120,2015년 6월 10일 08시,수요일,충청남도 천안시 서북구 직산읍,중상사고,0,2,1,0,차대차 - 추돌 - 주정차중,안전운전불이행,건조,맑음,교차로 - 교차로부근,승용,여,35세,중상,승용,남,31세,중상
2015061000100121,2015년 6월 10일 08시,수요일,충청남도 천안시 서북구 성거읍,경상사고,0,0,1,0,차대차 - 추돌 - 주정차중,안전운전불이행,건조,맑음,교차로 - 교차로부근,원동기,남,47세,상해없음,승용,여,59세,경상
2015061000100122,2015년 6월 10일 08시,수요일,충청남도 천안시 서북구 성거읍,경상사고,0,0,1,0,차대차 - 측면직각충돌,안전운전불이행,건조,맑음,교차로 - 교차로안,자전거,남,30세,경상,승용,남,24세,상해없음
2015061000100161,2015년 6월 10일 09시,수요일,충청남도 천안시 서북구 쌍용동,중상사고,0,1,0,0,차대사람 - 횡단중,보행자보호의무위반,건조,맑음,교차로 - 교차로부근,승용,여,51세,상해없음,보행자,여,47세,중상
2015061000100218,2015년 6월 10일 11시,수요일,충청남도 천안시 서북구 불당동,중상사고,0,1,0,0,차량단독 - 전도전복,안전운전불이행,건조,맑음,단일로 - 기타,원동기,남,23세,중상,,,,
2015061000100219,2015년 6월 10일 11시,수요일,충청남도 천안시 서북구 성성동,경상사고,0,0,1,0,차대차 - 기타,안전운전불이행,건조,맑음,교차로 - 교차로부근,원동기,남,22세,경상,화물,남,27세,상해없음
2015061000100253,2015년 6월 10일 12시,수요일,충청남도 천안시 동남구 신부동,경상사고,0,0,1,0,차대차 - 추돌 - 주정차중,안전운전불이행,건조,맑음,단일로 - 기타,승용,기타불명,기타불명,기타불명,승용,남,73세,경상
2015061000100520,2015년 6월 10일 20시,수요일,충청남도 천안시 동남구 신방동,경상사고,0,0,1,0,차대차 - 측면직각충돌,교차로운행방법위반,건조,맑음,교차로 - 교차로안,기타불명,기타불명,기타불명,기타불명,승합,남,50세,상해없음
2015061000100609,2015년 6월 10일 23시,수요일,충청남도 천안시 서북구 성정동,경상사고,0,0,1,0,차대사람 - 기타,안전운전불이행,건조,맑음,단일로 - 기타,승용,여,27세,상해없음,보행자,남,32세,경상
2015061100100106,2015년 6월 11일 07시,목요일,충청남도 천안시 서북구 성성동,경상사고,0,0,1,0,차대차 - 추돌 - 진행중,안전거리미확보,건조,맑음,단일로 - 기타,화물,남,43세,상해없음,승용,남,30세,경상
2015061100100135,2015년 6월 11일 08시,목요일,충청남도 천안시 서북구 불당동,중상사고,0,1,0,0,차대차 - 추돌 - 진행중,안전운전불이행,건조,맑음,단일로 - 기타,승용,여,35세,상해없음,승용,여,54세,중상
2015061100100137,2015년 6월 11일 08시,목요일,충청남도 천안시 동남구 신부동,경상사고,0,0,2,0,차대차 - 측면직각충돌,안전거리미확보,건조,맑음,단일로 - 기타,화물,남,49세,상해없음,승용,남,53세,경상
2015061100100307,2015년 6월 11일 14시,목요일,충청남도 천안시 동남구 대흥동,중상사고,0,1,0,0,차대차 - 추돌 - 진행중,차로위반,건조,맑음,단일로 - 기타,자전거,여,71세,중상,승용,남,47세,상해없음
2015061100100513,2015년 6월 11일 20시,목요일,충청남도 천안시 동남구 목천읍,중상사고,0,1,0,0,차대차 - 측면직각충돌,교차로운행방법위반,건조,맑음,교차로 - 교차로안,승용,남,37세,상해없음,자전거,여,55세,중상
2015061100100550,2015년 6월 11일 21시,목요일,충청남도 천안시 동남구 신방동,경상사고,0,0,1,0,차대차 - 측면직각충돌,교차로운행방법위반,습기,비,교차로 - 교차로안,승용,여,52세,상해없음,승용,여,52세,경상
2015061100100622,2015년 6월 11일 23시,목요일,충청남도 천안시 서북구 쌍용동,경상사고,0,0,1,0,차대차 - 측면직각충돌,교차로운행방법위반,습기,비,교차로 - 교차로안,승용,여,48세,상해없음,승용,남,53세,상해없음
2015061200100104,2015년 6월 12일 07시,금요일,충청남도 천안시 동남구 청당동,경상사고,0,0,1,0,차대차 - 측면직각충돌,안전거리미확보,건조,맑음,교차로 - 교차로부근,화물,남,46세,상해없음,승용,남,42세,경상
2015061200100140,2015년 6월 12일 08시,금요일,충청남도 천안시 동남구 다가동,중상사고,0,1,0,0,차대사람 - 차도통행중,안전운전불이행,건조,맑음,교차로 - 교차로부근,승용,여,41세,상해없음,보행자,남,53세,중상
2015061200100141,2015년 6월 12일 08시,금요일,충청남도 천안시 동남구 신방동,경상사고,0,0,1,0,차대사람 - 횡단중,교차로운행방법위반,건조,맑음,교차로 - 교차로안,승합,남,56세,상해없음,보행자,남,21세,경상
2015061200100227,2015년 6월 12일 12시,금요일,충청남도 천안시 서북구 직산읍,중상사고,0,1,0,0,차량단독 - 공작물충돌,기타,건조,맑음,단일로 - 기타,승합,남,38세,상해없음,,,,
2015061200100229,2015년 6월 12일 12시,금요일,충청남도 천안시 동남구 목천읍,중상사고,0,1,0,0,차대차 - 추돌 - 진행중,안전거리미확보,건조,맑음,단일로 - 기타,승용,남,46세,상해없음,이륜,남,53세,중상
2015061200100283,2015년 6월 12일 14시,금요일,충청남도 천안시 동남구 원성동,경상사고,0,0,1,2,차대차 - 추돌 - 진행중,안전운전불이행,건조,맑음,교차로 - 교차로안,승용,남,80세,부상신고,승합,남,47세,경상
2015061200100435,2015년 6월 12일 18시,금요일,충청남도 천안시 동남구 구성동,경상사고,0,0,1,0,차대차 - 추돌 - 진행중,안전운전불이행,건조,맑음,교차로 - 교차로안,승용,남,53세,상해없음,승용,남,27세,경상
2015061200100525,2015년 6월 12일 20시,금요일,충청남도 천안시 서북구 성성동,경상사고,0,0,4,0,차대차 - 측면직각충돌,안전운전불이행,건조,맑음,교차로 - 교차로안,승용,남,29세,상해없음,승용,여,34세,경상
2015061300100013,2015년 6월 13일 00시,토요일,충청남도 천안시 동남구 동면,중상사고,0,1,1,0,차량단독 - 공작물충돌,안전운전불이행,건조,맑음,단일로 - 기타,승용,남,18세,중상,,,,
2015061300100014,2015년 6월 13일 00시,토요일,충청남도 천안시 동남구 신방동,경상사고,0,0,2,0,차대차 - 추돌 - 주정차중,안전운전불이행,건조,맑음,단일로 - 기타,승용,남,25세,상해없음,승용,남,67세,경상
2015061300100092,2015년 6월 13일 03시,토요일,충청남도 천안시 서북구 두정동,경상사고,0,0,1,0,차대차 - 측면직각충돌,안전거리미확보,건조,맑음,교차로 - 교차로부근,승용,남,50세,상해없음,승용,남,48세,경상
2015061300100110,2015년 6월 13일 05시,토요일,충청남도 천안시 서북구 불당동,중상사고,0,1,4,0,차대차 - 측면직각충돌,안전운전불이행,건조,맑음,교차로 - 교차로안,승용,남,46세,상해없음,승용,여,25세,중상
2015061300100127,2015년 6월 13일 06시,토요일,충청남도 천안시 동남구 안서동,경상사고,0,0,2,0,차대차 - 추돌 - 주정차중,안전운전불이행,건조,맑음,단일로 - 기타,승용,남,30세,상해없음,승용,남,60세,경상
2015061300100235,2015년 6월 13일 11시,토요일,충청남도 천안시 서북구 불당동,중상사고,0,1,0,0,차대사람 - 횡단중,보행자보호의무위반,건조,맑음,교차로 - 교차로부근,승용,여,47세,상해없음,보행자,여,72세,중상
2015061300100273,2015년 6월 13일 12시,토요일,충청남도 천안시 서북구 입장면,경상사고,0,0,2,0,차대차 - 측면직각충돌,안전거리미확보,건조,맑음,단일로 - 기타,승용,남,51세,상해없음,승용,남,34세,경상
2015061300100356,2015년 6월 13일 15시,토요일,충청남도 천안시 동남구 원성동,경상사고,0,0,1,0,차대차 - 측면직각충돌,직진우회전진행방해,건조,맑음,교차로 - 교차로안,화물,남,66세,상해없음,원동기,남,60세,경상
2015061300100452,2015년 6월 13일 17시,토요일,충청남도 천안시 동남구 삼룡동,중상사고,0,3,1,0,차대차 - 추돌 - 주정차중,안전거리미확보,건조,맑음,단일로 - 기타,승용,여,70세,상해없음,승합,남,36세,중상
2015061300100453,2015년 6월 13일 17시,토요일,충청남도 천안시 동남구 광덕면,중상사고,0,1,0,0,차대차 - 측면직각충돌,안전운전불이행,건조,맑음,교차로 - 교차로안,승용,남,29세,상해없음,승용,여,61세,상해없음
2015061300100618,2015년 6월 13일 22시,토요일,충청남도 천안시 동남구 봉명동,경상사고,0,0,1,0,차대사람 - 차도통행중,안전운전불이행,건조,맑음,단일로 - 기타,원동기,남,16세,상해없음,보행자,여,45세,경상
2015061300100653,2015년 6월 13일 23시,토요일,충청남도 천안시 서북구 성정동,경상사고,0,0,2,0,차대차 - 추돌 - 진행중,안전운전불이행,건조,맑음,교차로 - 교차로부근,승용,여,23세,상해없음,승용,남,28세,경상
2015061300100654,2015년 6월 13일 23시,토요일,충청남도 천안시 동남구 병천면,중상사고,0,1,0,0,차대사람 - 길가장자리구역통행중,안전운전불이행,건조,맑음,단일로 - 기타,승용,남,29세,상해없음,보행자,남,25세,중상
2015061400100043,2015년 6월 14일 01시,일요일,충청남도 천안시 서북구 두정동,경상사고,0,0,1,0,차대사람 - 길가장자리구역통행중,안전운전불이행,건조,맑음,단일로 - 기타,승용,남,34세,상해없음,보행자,남,34세,경상
2015061400100166,2015년 6월 14일 09시,일요일,충청남도 천안시 동남구 봉명동,경상사고,0,0,3,0,차대차 - 정면충돌,중앙선침범,건조,맑음,단일로 - 기타,승용,남,50세,상해없음,승용,남,46세,경상
2015061400100204,2015년 6월 14일 11시,일요일,충청남도 천안시 서북구 불당동,경상사고,0,0,1,0,차대차 - 측면직각충돌,신호위반,건조,맑음,교차로 - 교차로부근,승합,남,55세,상해없음,승용,여,46세,경상
2015061400100277,2015년 6월 14일 14시,일요일,충청남도 천안시 서북구 입장면,중상사고,0,2,1,0,차대사람 - 차도통행중,안전운전불이행,건조,맑음,단일로 - 기타,원동기,남,54세,중상,보행자,여,84세,중상
2015061400100331,2015년 6월 14일 16시,일요일,충청남도 천안시 동남구 광덕면,경상사고,0,0,3,0,차대차 - 추돌 - 주정차중,안전운전불이행,건조,맑음,단일로 - 기타,승용,남,55세,상해없음,승용,남,45세,경상
2015061400100395,2015년 6월 14일 18시,일요일,충청남도 천안시 동남구 봉명동,경상사고,0,0,1,0,차대차 - 측면직각충돌,신호위반,건조,맑음,교차로 - 교차로부근,승용,여,35세,상해없음,승용,남,34세,경상
2015061400100457,2015년 6월 14일 20시,일요일,충청남도 천안시 동남구 다가동,중상사고,0,1,0,0,차대사람 - 횡단중,안전운전불이행,건조,맑음,교차로 - 교차로부근,원동기,남,43세,상해없음,보행자,여,72세,중상
2015061400100520,2015년 6월 14일 22시,일요일,충청남도 천안시 서북구 두정동,경상사고,0,0,1,0,차대사람 - 기타,안전운전불이행,건조,맑음,단일로 - 기타,승용,남,32세,상해없음,보행자,남,22세,경상
2015061500100049,2015년 6월 15일 06시,월요일,충청남도 천안시 서북구 성정동,경상사고,0,0,1,0,차대차 - 추돌 - 주정차중,안전운전불이행,건조,흐림,교차로 - 교차로부근,승용,남,26세,상해없음,승용,남,27세,경상
2015061500100120,2015년 6월 15일 08시,월요일,충청남도 천안시 서북구 쌍용동,경상사고,0,0,1,0,차대차 - 추돌 - 진행중,안전거리미확보,건조,맑음,단일로 - 기타,승용,남,52세,상해없음,승용,남,44세,경상
2015061500100387,2015년 6월 15일 17시,월요일,충청남도 천안시 서북구 성거읍,경상사고,0,0,1,0,차대차 - 기타,안전운전불이행,건조,맑음,교차로 - 교차로부근,건설기계,남,40세,상해없음,이륜,남,27세,경상
2015061500100419,2015년 6월 15일 18시,월요일,충청남도 천안시 서북구 불당동,중상사고,0,1,3,0,차대차 - 측면직각충돌,안전운전불이행,건조,맑음,단일로 - 기타,승용,여,44세,경상,건설기계,남,55세,상해없음
2015061500100521,2015년 6월 15일 21시,월요일,충청남도 천안시 동남구 쌍용동,사망사고,1,0,1,0,차대차 - 추돌 - 주정차중,안전운전불이행,건조,맑음,기타 - 기타,승용,남,51세,사망,승용,남,49세,경상
2015061600100250,2015년 6월 16일 13시,화요일,충청남도 천안시 서북구 성성동,경상사고,0,0,1,0,차대차 - 측면직각충돌,안전거리미확보,건조,맑음,단일로 - 기타,승용,남,47세,기타불명,화물,남,43세,경상
2015061600100277,2015년 6월 16일 14시,화요일,충청남도 천안시 동남구 목천읍,경상사고,0,0,1,0,차대차 - 기타,안전거리미확보,건조,맑음,단일로 - 기타,승용,남,45세,상해없음,승용,여,39세,경상
2015061600100512,2015년 6월 16일 20시,화요일,충청남도 천안시 서북구 두정동,경상사고,0,0,1,0,차대차 - 측면직각충돌,신호위반,건조,맑음,단일로 - 기타,승합,남,48세,상해없음,승용,남,63세,경상
2015061600100607,2015년 6월 16일 23시,화요일,충청남도 천안시 서북구 백석동,경상사고,0,0,1,0,차대사람 - 기타,안전운전불이행,건조,맑음,단일로 - 기타,승용,남,45세,상해없음,보행자,여,29세,경상
2015061700100027,2015년 6월 17일 01시,수요일,충청남도 천안시 서북구 성정동,경상사고,0,0,1,0,차대사람 - 횡단중,안전운전불이행,습기,비,교차로 - 교차로부근,승용,남,24세,상해없음,보행자,남,42세,경상
2015061700100121,2015년 6월 17일 08시,수요일,충청남도 천안시 서북구 성거읍,중상사고,0,1,0,0,차대사람 - 기타,신호위반,건조,맑음,단일로 - 기타,승합,남,54세,상해없음,보행자,여,45세,중상
2015061700100414,2015년 6월 17일 18시,수요일,충청남도 천안시 동남구 신방동,경상사고,0,0,1,0,차대차 - 측면직각충돌,안전운전불이행,습기,비,교차로 - 교차로안,화물,남,60세,상해없음,이륜,남,36세,경상
2015061700100516,2015년 6월 17일 21시,수요일,충청남도 천안시 동남구 신방동,경상사고,0,0,1,0,차대차 - 측면직각충돌,신호위반,건조,맑음,교차로 - 교차로안,승용,남,31세,상해없음,이륜,남,18세,경상
2015061800100082,2015년 6월 18일 05시,목요일,충청남도 천안시 동남구 구룡동,중상사고,0,2,0,0,차대차 - 측면직각충돌,안전운전불이행,건조,맑음,단일로 - 기타,건설기계,남,37세,상해없음,승용,남,24세,중상
2015061800100149,2015년 6월 18일 08시,목요일,충청남도 천안시 동남구 봉명동,경상사고,0,0,1,0,차대사람 - 차도통행중,안전운전불이행,건조,맑음,단일로 - 기타,화물,남,54세,상해없음,보행자,남,11세,경상
2015061800100369,2015년 6월 18일 16시,목요일,충청남도 천안시 동남구 광덕면,경상사고,0,0,1,1,차량단독 - 도로외이탈 - 추락,안전운전불이행,건조,맑음,단일로 - 기타,승용,남,63세,상해없음,,,,
2015061800100517,2015년 6월 18일 20시,목요일,충청남도 천안시 서북구 쌍용동,중상사고,0,1,0,0,차대차 - 기타,신호위반,건조,맑음,교차로 - 교차로안,승용,여,59세,상해없음,원동기,남,17세,중상
2015061800100518,2015년 6월 18일 20시,목요일,충청남도 천안시 서북구 두정동,경상사고,0,0,1,0,차대차 - 기타,안전운전불이행,건조,맑음,교차로 - 교차로부근,승용,남,55세,상해없음,자전거,남,18세,경상
2015061800100553,2015년 6월 18일 21시,목요일,충청남도 천안시 서북구 성정동,경상사고,0,0,1,0,차대차 - 추돌 - 진행중,안전운전불이행,건조,맑음,단일로 - 기타,승용,남,30세,상해없음,화물,남,26세,경상
2015061800100554,2015년 6월 18일 21시,목요일,충청남도 천안시 동남구 성남면,중상사고,0,1,0,0,차대사람 - 길가장자리구역통행중,안전운전불이행,건조,흐림,단일로 - 기타,승용,남,53세,상해없음,보행자,남,52세,중상
2015061800100587,2015년 6월 18일 22시,목요일,충청남도 천안시 서북구 쌍용동,중상사고,0,1,0,0,차대차 - 정면충돌,신호위반,건조,맑음,단일로 - 기타,승용,남,53세,상해없음,승용,여,45세,중상
2015061900100076,2015년 6월 19일 04시,금요일,충청남도 천안시 서북구 두정동,경상사고,0,0,3,0,차대차 - 측면직각충돌,신호위반,건조,맑음,교차로 - 교차로안,승용,남,18세,경상,승용,남,23세,상해없음
2015061900100150,2015년 6월 19일 08시,금요일,충청남도 천안시 서북구 두정동,경상사고,0,0,1,0,차대차 - 측면직각충돌,안전운전불이행,건조,맑음,단일로 - 기타,화물,남,61세,상해없음,승용,여,54세,경상
2015061900100151,2015년 6월 19일 08시,금요일,충청남도 천안시 동남구 신방동,경상사고,0,0,1,0,차대사람 - 횡단중,신호위반,건조,맑음,교차로 - 교차로부근,승용,여,45세,기타불명,보행자,남,9세,경상
2015061900100380,2015년 6월 19일 16시,금요일,충청남도 천안시 서북구 성환읍,경상사고,0,0,2,0,차대사람 - 기타,안전운전불이행,건조,맑음,단일로 - 기타,원동기,남,17세,경상,보행자,여,15세,경상
2015061900100381,2015년 6월 19일 16시,금요일,충청남도 천안시 서북구 성정동,경상사고,0,0,1,0,차대사람 - 기타,기타,건조,맑음,교차로 - 교차로안,승합,남,23세,상해없음,보행자,여,73세,경상
2015061900100382,2015년 6월 19일 16시,금요일,충청남도 천안시 서북구 성정동,경상사고,0,0,1,0,차대차 - 기타,안전운전불이행,건조,맑음,단일로 - 기타,승용,남,57세,상해없음,승용,남,49세,경상
2015061900100428,2015년 6월 19일 17시,금요일,충청남도 천안시 서북구 쌍용동,경상사고,0,0,2,0,차대사람 - 기타,안전운전불이행,건조,맑음,단일로 - 기타,자전거,남,15세,경상,보행자,여,42세,경상
2015061900100478,2015년 6월 19일 18시,금요일,충청남도 천안시 서북구 쌍용동,중상사고,0,2,1,0,차대차 - 기타,신호위반,건조,맑음,교차로 - 교차로안,승용,남,63세,중상,화물,남,52세,경상
2015062000100037,2015년 6월 20일 01시,토요일,충청남도 천안시 서북구 두정동,중상사고,0,1,3,0,차대차 - 기타,안전운전불이행,건조,맑음,단일로 - 기타,승용,남,31세,상해없음,승용,남,31세,경상
2015062000100060,2015년 6월 20일 02시,토요일,충청남도 천안시 동남구 다가동,중상사고,0,2,0,0,차대차 - 측면직각충돌,신호위반,건조,맑음,교차로 - 교차로안,승용,남,26세,중상,승용,남,51세,중상
2015062000100087,2015년 6월 20일 04시,토요일,충청남도 천안시 서북구 두정동,중상사고,0,1,0,0,차대차 - 측면직각충돌,신호위반,건조,맑음,교차로 - 교차로안,승용,남,30세,상해없음,승용,남,60세,중상
2015062000100166,2015년 6월 20일 09시,토요일,충청남도 천안시 서북구 두정동,경상사고,0,0,1,0,차대차 - 추돌 - 진행중,안전운전불이행,습기,비,단일로 - 기타,승용,남,34세,상해없음,승용,남,72세,경상
2015062000100368,2015년 6월 20일 15시,토요일,충청남도 천안시 동남구 구성동,중상사고,0,1,0,0,차대사람 - 횡단중,보행자보호의무위반,건조,맑음,단일로 - 기타,승용,남,41세,상해없음,보행자,여,67세,중상
2015062000100442,2015년 6월 20일 17시,토요일,충청남도 천안시 서북구 성거읍,경상사고,0,0,1,0,차대차 - 측면직각충돌,안전운전불이행,건조,맑음,교차로 - 교차로안,승용,남,41세,상해없음,승용,남,28세,경상
2015062000100446,2015년 6월 20일 17시,토요일,충청남도 천안시 동남구 쌍용동,경상사고,0,0,1,0,차대차 - 측면직각충돌,안전운전불이행,습기,비,교차로 - 교차로안,화물,남,53세,상해없음,승용,여,39세,경상
2015062000100495,2015년 6월 20일 18시,토요일,충청남도 천안시 서북구 성정동,경상사고,0,0,1,0,차대사람 - 차도통행중,안전운전불이행,건조,맑음,단일로 - 기타,승용,남,53세,상해없음,보행자,남,41세,경상
2015062000100525,2015년 6월 20일 19시,토요일,충청남도 천안시 서북구 쌍용동,경상사고,0,0,1,0,차대차 - 기타,신호위반,건조,맑음,교차로 - 교차로안,승용,여,54세,상해없음,승용,남,36세,경상
2015062000100582,2015년 6월 20일 21시,토요일,충청남도 천안시 동남구 청당동,중상사고,0,1,1,0,차대차 - 추돌 - 진행중,안전운전불이행,건조,맑음,단일로 - 기타,승용,남,38세,상해없음,승용,남,63세,경상
2015062000100583,2015년 6월 20일 21시,토요일,충청남도 천안시 동남구 원성동,경상사고,0,0,4,0,차대차 - 추돌 - 진행중,안전운전불이행,건조,맑음,단일로 - 기타,화물,남,59세,상해없음,승용,남,32세,경상
2015062100100011,2015년 6월 21일 00시,일요일,충청남도 천안시 서북구 성환읍,중상사고,0,2,0,0,차대차 - 측면직각충돌,신호위반,건조,맑음,교차로 - 교차로안,승용,남,48세,상해없음,승용,남,33세,중상
2015062100100159,2015년 6월 21일 10시,일요일,충청남도 천안시 서북구 쌍용동,중상사고,0,1,0,0,차대사람 - 기타,안전운전불이행,건조,맑음,단일로 - 기타,승용,여,41세,기타불명,보행자,남,81세,중상
2015062100100207,2015년 6월 21일 12시,일요일,충청남도 천안시 서북구 입장면,경상사고,0,0,1,0,차대차 - 측면직각충돌,안전거리미확보,건조,맑음,단일로 - 기타,화물,남,43세,상해없음,승용,남,43세,경상
2015062100100502,2015년 6월 21일 22시,일요일,충청남도 천안시 서북구 두정동,경상사고,0,0,1,0,차대차 - 추돌 - 진행중,안전운전불이행,건조,맑음,단일로 - 기타,승용,남,23세,상해없음,승합,여,36세,경상
2015062200100026,2015년 6월 22일 01시,월요일,충청남도 천안시 서북구 신당동,경상사고,0,0,1,0,차대차 - 추돌 - 진행중,안전운전불이행,건조,맑음,단일로 - 기타,화물,남,62세,상해없음,승용,남,60세,경상
2015062200100070,2015년 6월 22일 06시,월요일,충청남도 천안시 서북구 차암동,경상사고,0,0,1,0,차대차 - 측면직각충돌,신호위반,건조,맑음,교차로 - 교차로안,승용,남,50세,상해없음,승용,남,66세,경상
2015062200100071,2015년 6월 22일 06시,월요일,충청남도 천안시 동남구 원성동,경상사고,0,0,1,0,차대차 - 추돌 - 진행중,안전운전불이행,건조,맑음,교차로 - 교차로안,화물,남,80세,경상,승합,남,49세,상해없음
2015062200100098,2015년 6월 22일 07시,월요일,충청남도 천안시 동남구 목천읍,경상사고,0,0,2,0,차대차 - 측면직각충돌,신호위반,건조,맑음,교차로 - 교차로안,화물,남,51세,경상,승용,남,50세,상해없음
2015062200100134,2015년 6월 22일 08시,월요일,충청남도 천안시 동남구 원성동,중상사고,0,1,0,0,차대차 - 측면직각충돌,직진우회전진행방해,건조,맑음,교차로 - 교차로안,승용,여,46세,상해없음,원동기,남,56세,중상
2015062200100192,2015년 6월 22일 10시,월요일,충청남도 천안시 서북구 쌍용동,경상사고,0,0,1,0,차대차 - 기타,안전운전불이행,건조,맑음,교차로 - 교차로부근,승용,여,33세,상해없음,승용,남,30세,경상
2015062200100220,2015년 6월 22일 11시,월요일,충청남도 천안시 서북구 직산읍,경상사고,0,0,4,0,차대차 - 측면직각충돌,안전운전불이행,건조,맑음,교차로 - 교차로안,승용,남,18세,경상,승용,여,34세,경상
2015062200100223,2015년 6월 22일 11시,월요일,충청남도 천안시 동남구 봉명동,경상사고,0,0,1,0,차대차 - 측면직각충돌,직진우회전진행방해,건조,맑음,교차로 - 교차로안,화물,남,53세,상해없음,승용,여,56세,경상
2015062200100311,2015년 6월 22일 14시,월요일,충청남도 천안시 동남구 삼룡동,중상사고,0,1,1,0,차대차 - 정면충돌,중앙선침범,건조,맑음,교차로 - 교차로부근,승용,남,58세,상해없음,원동기,남,26세,경상
2015062200100356,2015년 6월 22일 15시,월요일,충청남도 천안시 서북구 두정동,중상사고,0,1,0,0,차대차 - 측면직각충돌,신호위반,건조,맑음,교차로 - 교차로안,승용,남,40세,상해없음,이륜,남,21세,중상
2015062200100398,2015년 6월 22일 16시,월요일,충청남도 천안시 동남구 풍세면,경상사고,0,0,3,0,차대차 - 기타,안전거리미확보,건조,맑음,단일로 - 기타,승용,남,35세,상해없음,승용,남,23세,경상
2015062300100030,2015년 6월 23일 01시,화요일,충청남도 천안시 서북구 성정동,중상사고,0,1,0,0,차대차 - 측면직각충돌,신호위반,건조,맑음,교차로 - 교차로안,승용,남,24세,상해없음,승용,남,59세,중상
2015062300100187,2015년 6월 23일 10시,화요일,충청남도 천안시 서북구 와촌동,중상사고,0,1,0,0,차대차 - 기타,안전운전불이행,건조,맑음,단일로 - 기타,승용,남,58세,상해없음,자전거,남,73세,중상
2015062300100318,2015년 6월 23일 15시,화요일,충청남도 천안시 동남구 삼룡동,경상사고,0,0,2,0,차대차 - 추돌 - 진행중,안전거리미확보,건조,맑음,교차로 - 교차로부근,승용,남,46세,상해없음,승용,남,62세,경상
2015062400100016,2015년 6월 24일 00시,수요일,충청남도 천안시 동남구 신부동,경상사고,0,0,1,0,차대차 - 추돌 - 주정차중,안전운전불이행,건조,맑음,단일로 - 기타,승용,남,26세,상해없음,승용,남,32세,경상
2015062400100070,2015년 6월 24일 05시,수요일,충청남도 천안시 동남구 구성동,중상사고,0,1,0,0,차대차 - 측면직각충돌,교차로운행방법위반,건조,맑음,교차로 - 교차로안,승용,남,54세,상해없음,원동기,남,59세,중상
2015062400100183,2015년 6월 24일 09시,수요일,충청남도 천안시 동남구 원성동,경상사고,0,0,1,0,차대차 - 추돌 - 주정차중,안전운전불이행,건조,맑음,교차로 - 교차로부근,승용,남,47세,기타불명,승용,여,52세,경상
2015062400100258,2015년 6월 24일 12시,수요일,충청남도 천안시 동남구 신방동,경상사고,0,0,2,0,차대차 - 추돌 - 진행중,안전운전불이행,건조,맑음,교차로 - 교차로안,승용,여,44세,상해없음,승용,여,56세,경상