사고번호,사고일시,요일,시군구,사고내용,사망자수,중상자수,경상자수,부상신고자수,사고유형,법규위반,노면상태,기상상태,도로형태,가해운전자 차종,가해운전자 성별,가해운전자 연령,가해운전자 상해정도,피해운전자 차종,피해운전자 성별,피해운전자 연령,피해운전자 상해정도
2015062400100259,2015년 6월 24일 12시,수요일,충청남도 천안시 동남구 북면,중상사고,0,1,0,0,차대사람 - 기타,안전운전불이행,건조,맑음,기타 - 기타,승용,남,53세,상해없음,보행자,남,46세,중상
2015062400100387,2015년 6월 24일 16시,수요일,충청남도 천안시 서북구 성정동,중상사고,0,1,1,0,차대차 - 측면직각충돌,중앙선침범,습기,흐림,단일로 - 기타,화물,여,47세,상해없음,승용,여,50세,경상
2015062400100493,2015년 6월 24일 19시,수요일,충청남도 천안시 서북구 백석동,중상사고,0,1,0,0,차대차 - 측면직각충돌,안전운전불이행,건조,맑음,단일로 - 기타,승용,남,36세,상해없음,자전거,남,67세,중상
2015062400100494,2015년 6월 24일 19시,수요일,충청남도 천안시 동남구 원성동,경상사고,0,0,2,0,차대차 - 추돌 - 주정차중,안전운전불이행,건조,맑음,교차로 - 교차로부근,승용,남,37세,상해없음,승용,남,43세,상해없음
2015062400100622,2015년 6월 24일 23시,수요일,충청남도 천안시 서북구 불당동,경상사고,0,0,1,0,차대차 - 측면직각충돌,신호위반,건조,맑음,교차로 - 교차로안,승용,남,31세,상해없음,승용,남,35세,경상
2015062500100009,2015년 6월 25일 00시,목요일,충청남도 천안시 서북구 두정동,경상사고,0,0,4,0,차대차 - 추돌 - 주정차중,안전운전불이행,건조,맑음,교차로 - 교차로부근,승용,남,37세,상해없음,승용,여,30세,경상
2015062500100049,2015년 6월 25일 02시,목요일,충청남도 천안시 동남구 삼룡동,중상사고,0,1,0,0,차량단독 - 공작물충돌,안전운전불이행,건조,맑음,단일로 - 기타,승용,남,32세,중상,,,,
2015062500100084,2015년 6월 25일 06시,목요일,충청남도 천안시 동남구 영성동,경상사고,0,0,1,0,차대사람 - 횡단중,중앙선침범,건조,맑음,단일로 - 기타,승합,여,47세,상해없음,보행자,여,17세,경상
2015062500100285,2015년 6월 25일 14시,목요일,충청남도 천안시 서북구 백석동,경상사고,0,0,3,0,차대차 - 추돌 - 진행중,안전운전불이행,건조,맑음,단일로 - 기타,승용,남,27세,상해없음,승용,남,38세,상해없음
2015062500100489,2015년 6월 25일 19시,목요일,충청남도 천안시 서북구 쌍용동,경상사고,0,0,1,0,차대사람 - 길가장자리구역통행중,안전운전불이행,습기,비,단일로 - 기타,승용,남,38세,상해없음,보행자,남,26세,경상
2015062500100536,2015년 6월 25일 20시,목요일,충청남도 천안시 동남구 광덕면,경상사고,0,0,1,0,차대차 - 측면직각충돌,중앙선침범,습기,비,단일로 - 기타,원동기,남,66세,경상,승용,여,28세,상해없음
2015062500100663,2015년 6월 25일 22시,목요일,충청남도 천안시 서북구 성정동,경상사고,0,0,2,0,차대차 - 추돌 - 진행중,안전운전불이행,습기,비,교차로 - 교차로부근,승용,남,58세,상해없음,승용,남,35세,경상
2015062600100025,2015년 6월 26일 00시,금요일,충청남도 천안시 서북구 성정동,경상사고,0,0,1,0,차대차 - 추돌 - 주정차중,안전운전불이행,습기,비,교차로 - 교차로부근,승용,남,29세,상해없음,승용,남,26세,경상
2015062600100075,2015년 6월 26일 01시,금요일,충청남도 천안시 서북구 성환읍,경상사고,0,0,1,0,차대차 - 추돌 - 진행중,안전운전불이행,습기,비,단일로 - 기타,승용,남,53세,상해없음,승용,남,31세,상해없음
2015062600100134,2015년 6월 26일 04시,금요일,충청남도 천안시 서북구 직산읍,중상사고,0,1,0,0,차량단독 - 도로외이탈 - 추락,안전운전불이행,습기,비,단일로 - 기타,승용,남,41세,상해없음,,,,
2015062600100135,2015년 6월 26일 04시,금요일,충청남도 천안시 서북구 불당동,중상사고,0,1,0,0,차대사람 - 횡단중,안전운전불이행,습기,비,단일로 - 기타,승용,남,60세,상해없음,보행자,남,64세,중상
2015062600100245,2015년 6월 26일 09시,금요일,충청남도 천안시 동남구 안서동,경상사고,0,0,1,0,차대차 - 측면직각충돌,안전운전불이행,습기,맑음,교차로 - 교차로안,승용,남,55세,상해없음,승용,여,50세,경상
2015062600100277,2015년 6월 26일 10시,금요일,충청남도 천안시 서북구 쌍용동,경상사고,0,0,3,0,차대차 - 추돌 - 주정차중,안전운전불이행,습기,비,교차로 - 교차로부근,승합,남,48세,상해없음,화물,남,35세,경상
2015062600100556,2015년 6월 26일 18시,금요일,충청남도 천안시 서북구 쌍용동,중상사고,0,1,0,0,차대사람 - 기타,기타,건조,흐림,단일로 - 기타,이륜,남,18세,상해없음,보행자,남,7세,중상
2015062600100557,2015년 6월 26일 18시,금요일,충청남도 천안시 서북구 직산읍,경상사고,0,0,1,0,차대차 - 기타,안전운전불이행,건조,맑음,단일로 - 기타,승용,남,70세,상해없음,승용,남,31세,상해없음
2015062600100630,2015년 6월 26일 20시,금요일,충청남도 천안시 서북구 직산읍,경상사고,0,0,1,0,차대차 - 기타,안전운전불이행,건조,맑음,교차로 - 교차로부근,승용,여,45세,상해없음,이륜,남,16세,경상
2015062600100761,2015년 6월 26일 23시,금요일,충청남도 천안시 서북구 성거읍,경상사고,0,0,2,0,차대차 - 추돌 - 진행중,안전운전불이행,건조,맑음,단일로 - 기타,승용,남,39세,상해없음,승용,남,57세,경상
2015062700100018,2015년 6월 27일 00시,토요일,충청남도 천안시 동남구 신방동,경상사고,0,0,1,0,차대사람 - 차도통행중,안전운전불이행,건조,맑음,교차로 - 교차로부근,승용,남,17세,상해없음,보행자,남,27세,경상
2015062700100187,2015년 6월 27일 08시,토요일,충청남도 천안시 서북구 성정동,경상사고,0,0,1,0,차대차 - 기타,안전거리미확보,건조,맑음,단일로 - 기타,승용,남,52세,상해없음,승용,남,28세,경상
2015062700100229,2015년 6월 27일 10시,토요일,충청남도 천안시 서북구 성정동,경상사고,0,0,1,0,차대차 - 측면직각충돌,신호위반,건조,맑음,교차로 - 교차로안,승용,여,49세,상해없음,승용,남,55세,경상
2015062700100368,2015년 6월 27일 14시,토요일,충청남도 천안시 동남구 풍세면,사망사고,1,0,0,0,차대사람 - 횡단중,안전운전불이행,건조,맑음,교차로 - 교차로부근,승용,남,61세,상해없음,보행자,남,71세,사망
2015062700100448,2015년 6월 27일 16시,토요일,충청남도 천안시 서북구 쌍용동,중상사고,0,1,0,0,차대사람 - 차도통행중,안전운전불이행,건조,맑음,단일로 - 기타,승용,남,27세,상해없음,보행자,여,79세,중상
2015062700100449,2015년 6월 27일 16시,토요일,충청남도 천안시 서북구 쌍용동,중상사고,0,1,0,0,차대사람 - 차도통행중,안전운전불이행,건조,맑음,단일로 - 기타,승용,여,22세,상해없음,보행자,여,79세,중상
2015062700100495,2015년 6월 27일 17시,토요일,충청남도 천안시 서북구 두정동,중상사고,0,1,0,0,차대차 - 측면직각충돌,신호위반,건조,맑음,교차로 - 교차로부근,승용,남,42세,상해없음,승합,남,44세,중상
2015062700100498,2015년 6월 27일 17시,토요일,충청남도 천안시 서북구 입장면,중상사고,0,2,4,0,차대차 - 기타,안전운전불이행,건조,맑음,단일로 - 기타,승용,남,48세,상해없음,승용,남,35세,경상
2015062700100575,2015년 6월 27일 19시,토요일,충청남도 천안시 서북구 성정동,경상사고,0,0,1,0,차대차 - 추돌 - 주정차중,안전운전불이행,건조,맑음,교차로 - 교차로부근,승용,남,26세,상해없음,승용,남,33세,상해없음
2015062700100600,2015년 6월 27일 20시,토요일,충청남도 천안시 동남구 봉명동,경상사고,0,0,1,0,차대차 - 기타,안전운전불이행,건조,맑음,단일로 - 기타,자전거,남,64세,경상,승용,남,55세,상해없음
2015062800100156,2015년 6월 28일 09시,일요일,충청남도 천안시 서북구 성환읍,경상사고,0,0,1,0,차대차 - 기타,안전운전불이행,건조,맑음,단일로 - 기타,화물,남,45세,상해없음,원동기,남,68세,경상
2015062900100171,2015년 6월 29일 09시,월요일,충청남도 천안시 서북구 성정동,중상사고,0,1,0,0,차대사람 - 횡단중,보행자보호의무위반,건조,맑음,단일로 - 횡단보도상,승합,남,45세,상해없음,보행자,여,57세,중상
2015062900100338,2015년 6월 29일 14시,월요일,충청남도 천안시 서북구 성성동,경상사고,0,0,1,0,차대차 - 기타,안전운전불이행,건조,맑음,단일로 - 기타,화물,남,57세,상해없음,승용,남,27세,경상
2015062900100401,2015년 6월 29일 15시,월요일,충청남도 천안시 동남구 문화동,중상사고,0,1,0,0,차대사람 - 횡단중,안전운전불이행,건조,맑음,교차로 - 교차로안,승용,남,53세,상해없음,보행자,남,70세,중상
2015062900100440,2015년 6월 29일 16시,월요일,충청남도 천안시 서북구 성정동,경상사고,0,0,1,0,차대차 - 측면직각충돌,직진우회전진행방해,건조,맑음,교차로 - 교차로안,승용,남,60세,상해없음,승용,여,62세,경상
2015062900100444,2015년 6월 29일 16시,월요일,충청남도 천안시 동남구 목천읍,경상사고,0,0,2,0,차대차 - 추돌 - 진행중,안전운전불이행,건조,맑음,단일로 - 기타,화물,남,46세,상해없음,화물,남,68세,경상
2015062900100531,2015년 6월 29일 18시,월요일,충청남도 천안시 서북구 성정동,경상사고,0,0,1,0,차대사람 - 차도통행중,안전운전불이행,건조,맑음,단일로 - 기타,승용,남,41세,상해없음,보행자,남,7세,경상
2015062900100611,2015년 6월 29일 20시,월요일,충청남도 천안시 서북구 두정동,경상사고,0,0,3,0,차대차 - 측면직각충돌,신호위반,건조,맑음,교차로 - 교차로안,승용,남,39세,상해없음,승용,남,65세,경상
2015062900100612,2015년 6월 29일 20시,월요일,충청남도 천안시 동남구 신부동,중상사고,0,1,0,0,차대차 - 측면직각충돌,안전운전불이행,건조,맑음,단일로 - 기타,승용,남,28세,상해없음,이륜,남,35세,중상
2015062900100712,2015년 6월 29일 23시,월요일,충청남도 천안시 동남구 쌍용동,중상사고,0,1,0,0,차대사람 - 길가장자리구역통행중,안전운전불이행,건조,맑음,단일로 - 기타,승용,남,20세,상해없음,보행자,남,24세,중상
2015063000100020,2015년 6월 30일 00시,화요일,충청남도 천안시 서북구 입장면,사망사고,1,1,0,0,차대차 - 추돌 - 주정차중,안전운전불이행,건조,흐림,단일로 - 기타,화물,남,43세,상해없음,화물,남,56세,기타불명
2015063000100021,2015년 6월 30일 00시,화요일,충청남도 천안시 서북구 성거읍,경상사고,0,0,2,0,차대차 - 추돌 - 주정차중,안전운전불이행,건조,흐림,단일로 - 기타,승용,남,23세,경상,승용,남,46세,상해없음
2015063000100044,2015년 6월 30일 02시,화요일,충청남도 천안시 서북구 두정동,경상사고,0,0,2,0,차대차 - 추돌 - 진행중,안전운전불이행,건조,맑음,단일로 - 기타,승용,여,42세,상해없음,승용,남,32세,경상
2015063000100072,2015년 6월 30일 05시,화요일,충청남도 천안시 서북구 성정동,경상사고,0,0,1,0,차대차 - 추돌 - 진행중,안전운전불이행,건조,맑음,교차로 - 교차로부근,승용,남,27세,상해없음,승용,남,42세,경상
2015063000100100,2015년 6월 30일 07시,화요일,충청남도 천안시 서북구 성성동,경상사고,0,0,2,0,차대차 - 추돌 - 주정차중,안전운전불이행,건조,맑음,단일로 - 기타,승용,남,27세,상해없음,승용,남,32세,경상
2015063000100169,2015년 6월 30일 09시,화요일,충청남도 천안시 서북구 성성동,경상사고,0,0,1,0,차대차 - 측면직각충돌,교차로운행방법위반,건조,맑음,교차로 - 교차로안,승용,남,48세,상해없음,승용,남,38세,경상
2015063000100204,2015년 6월 30일 10시,화요일,충청남도 천안시 동남구 목천읍,경상사고,0,0,1,0,차대차 - 기타,안전운전불이행,건조,맑음,단일로 - 기타,승용,남,43세,경상,화물,남,56세,상해없음
2015063000100232,2015년 6월 30일 11시,화요일,충청남도 천안시 동남구 봉명동,경상사고,0,0,1,0,차대사람 - 차도통행중,안전운전불이행,건조,맑음,단일로 - 기타,승용,여,49세,상해없음,보행자,남,59세,경상
2015063000100290,2015년 6월 30일 13시,화요일,충청남도 천안시 동남구 병천면,경상사고,0,0,1,0,차대차 - 추돌 - 진행중,안전운전불이행,건조,맑음,기타 - 기타,화물,남,48세,상해없음,화물,남,44세,경상
2015063000100628,2015년 6월 30일 22시,화요일,충청남도 천안시 서북구 성정동,경상사고,0,0,3,0,차대차 - 추돌 - 진행중,안전운전불이행,건조,맑음,단일로 - 기타,승용,남,43세,상해없음,승용,남,56세,경상
2015063000100676,2015년 6월 30일 23시,화요일,충청남도 천안시 동남구 원성동,경상사고,0,0,2,0,차대차 - 추돌 - 주정차중,안전운전불이행,건조,맑음,교차로 - 교차로부근,승용,남,45세,상해없음,승합,남,39세,경상
2015070100100033,2015년 7월 1일 01시,수요일,충청남도 천안시 서북구 성환읍,중상사고,0,1,0,0,차대차 - 추돌 - 진행중,안전운전불이행,건조,맑음,단일로 - 기타,승용,남,27세,상해없음,자전거,남,23세,중상
2015070100100066,2015년 7월 1일 04시,수요일,충청남도 천안시 서북구 성거읍,경상사고,0,0,1,0,차대차 - 추돌 - 진행중,안전운전불이행,건조,맑음,단일로 - 기타,승합,남,27세,상해없음,농기계,남,70세,경상
2015070100100110,2015년 7월 1일 07시,수요일,충청남도 천안시 서북구 두정동,경상사고,0,0,1,0,차대사람 - 횡단중,보행자보호의무위반,건조,맑음,단일로 - 횡단보도상,승용,여,34세,상해없음,보행자,여,34세,경상
2015070100100214,2015년 7월 1일 10시,수요일,충청남도 천안시 동남구 신부동,경상사고,0,0,1,0,차대차 - 정면충돌,안전운전불이행,건조,맑음,단일로 - 기타,승용,남,55세,상해없음,자전거,여,58세,경상
2015070100100300,2015년 7월 1일 13시,수요일,충청남도 천안시 서북구 성정동,경상사고,0,0,1,0,차대차 - 기타,안전운전불이행,건조,맑음,교차로 - 교차로안,이륜,남,36세,경상,승용,남,42세,상해없음
2015070100100399,2015년 7월 1일 16시,수요일,충청남도 천안시 동남구 목천읍,경상사고,0,0,2,1,차대차 - 측면직각충돌,안전운전불이행,건조,맑음,교차로 - 교차로안,승용,여,57세,부상신고,화물,남,48세,경상
2015070100100400,2015년 7월 1일 16시,수요일,충청남도 천안시 동남구 신부동,중상사고,0,1,0,0,차대차 - 측면직각충돌,중앙선침범,건조,맑음,단일로 - 기타,승용,남,55세,상해없음,원동기,남,40세,중상
2015070100100529,2015년 7월 1일 19시,수요일,충청남도 천안시 서북구 쌍용동,중상사고,0,1,0,0,차대차 - 기타,신호위반,건조,맑음,교차로 - 교차로안,원동기,남,23세,상해없음,원동기,남,31세,상해없음
2015070100100565,2015년 7월 1일 20시,수요일,충청남도 천안시 동남구 다가동,중상사고,0,1,0,0,차대차 - 측면직각충돌,직진우회전진행방해,건조,맑음,교차로 - 교차로안,승용,여,27세,상해없음,원동기,남,52세,중상
2015070200100040,2015년 7월 2일 02시,목요일,충청남도 천안시 서북구 성정동,경상사고,0,0,1,0,차대차 - 추돌 - 주정차중,안전운전불이행,건조,맑음,단일로 - 기타,승용,남,31세,상해없음,승용,남,28세,경상
2015070200100149,2015년 7월 2일 08시,목요일,충청남도 천안시 서북구 쌍용동,중상사고,0,1,0,0,차대사람 - 횡단중,안전운전불이행,건조,맑음,단일로 - 기타,승용,여,25세,상해없음,보행자,여,57세,중상
2015070200100527,2015년 7월 2일 20시,목요일,충청남도 천안시 서북구 쌍용동,경상사고,0,0,1,0,차대사람 - 기타,기타,건조,맑음,단일로 - 기타,승합,남,54세,상해없음,보행자,여,59세,경상
2015070300100125,2015년 7월 3일 08시,금요일,충청남도 천안시 서북구 성거읍,경상사고,0,0,1,0,차대차 - 측면직각충돌,신호위반,건조,맑음,교차로 - 교차로안,승용,남,45세,상해없음,승용,남,31세,경상
2015070300100211,2015년 7월 3일 11시,금요일,충청남도 천안시 동남구 청수동,중상사고,0,1,0,0,차대차 - 기타,안전운전불이행,건조,맑음,단일로 - 기타,승용,여,45세,상해없음,승용,남,53세,중상
2015070300100240,2015년 7월 3일 12시,금요일,충청남도 천안시 서북구 두정동,중상사고,0,1,0,0,차대사람 - 보도통행중,기타,건조,맑음,단일로 - 기타,승용,여,40세,상해없음,보행자,여,59세,중상
2015070300100271,2015년 7월 3일 13시,금요일,충청남도 천안시 서북구 입장면,경상사고,0,0,1,0,차대차 - 기타,안전운전불이행,건조,맑음,교차로 - 교차로안,승용,여,62세,상해없음,승합,남,41세,경상
2015070300100304,2015년 7월 3일 14시,금요일,충청남도 천안시 동남구 대흥동,중상사고,0,1,0,0,차대사람 - 기타,안전운전불이행,건조,맑음,기타 - 기타,승용,남,54세,상해없음,보행자,여,72세,중상
2015070300100330,2015년 7월 3일 15시,금요일,충청남도 천안시 서북구 쌍용동,경상사고,0,0,1,0,차대차 - 추돌 - 진행중,안전운전불이행,건조,맑음,단일로 - 기타,승용,남,45세,상해없음,승용,남,48세,경상
2015070300100333,2015년 7월 3일 15시,금요일,충청남도 천안시 동남구 신방동,경상사고,0,0,1,0,차대사람 - 횡단중,보행자보호의무위반,건조,맑음,단일로 - 횡단보도상,승용,여,26세,상해없음,보행자,남,3세,경상
2015070400100116,2015년 7월 4일 04시,토요일,충청남도 천안시 서북구 직산읍,경상사고,0,0,1,0,차대사람 - 기타,안전운전불이행,건조,맑음,단일로 - 기타,화물,남,53세,상해없음,보행자,남,56세,경상
2015070400100188,2015년 7월 4일 08시,토요일,충청남도 천안시 서북구 성정동,경상사고,0,0,1,0,차대차 - 측면직각충돌,안전운전불이행,건조,맑음,교차로 - 교차로안,승용,남,23세,상해없음,승용,여,42세,경상
2015070400100216,2015년 7월 4일 09시,토요일,충청남도 천안시 서북구 성환읍,중상사고,0,2,0,0,차대차 - 기타,안전운전불이행,건조,맑음,단일로 - 기타,승합,남,30세,상해없음,승용,남,54세,중상
2015070400100217,2015년 7월 4일 09시,토요일,충청남도 천안시 서북구 두정동,경상사고,0,0,1,0,차대차 - 추돌 - 주정차중,안전운전불이행,건조,맑음,교차로 - 교차로부근,승용,남,31세,상해없음,승용,남,54세,기타불명
2015070400100218,2015년 7월 4일 09시,토요일,충청남도 천안시 서북구 쌍용동,경상사고,0,0,2,0,차대차 - 기타,교차로운행방법위반,건조,맑음,교차로 - 교차로안,승용,남,55세,경상,승용,여,46세,상해없음
2015070400100243,2015년 7월 4일 10시,토요일,충청남도 천안시 서북구 두정동,중상사고,0,1,0,0,차대사람 - 기타,보행자보호의무위반,건조,맑음,교차로 - 교차로부근,승합,남,48세,상해없음,보행자,여,90세 이상,중상
2015070400100450,2015년 7월 4일 16시,토요일,충청남도 천안시 동남구 성남면,경상사고,0,0,4,0,차대차 - 추돌 - 진행중,안전운전불이행,건조,맑음,기타 - 기타,승용,남,51세,상해없음,승용,남,40세,경상
2015070400100485,2015년 7월 4일 17시,토요일,충청남도 천안시 서북구 성환읍,경상사고,0,0,1,0,차대차 - 측면직각충돌,과속,건조,맑음,교차로 - 교차로안,승용,남,28세,상해없음,화물,남,76세,경상
2015070400100561,2015년 7월 4일 19시,토요일,충청남도 천안시 동남구 원성동,경상사고,0,0,1,0,차대차 - 기타,안전운전불이행,건조,맑음,단일로 - 기타,승합,남,60세,기타불명,승용,남,32세,경상
2015070400100644,2015년 7월 4일 22시,토요일,충청남도 천안시 서북구 두정동,경상사고,0,0,4,0,차대차 - 측면직각충돌,직진우회전진행방해,건조,맑음,교차로 - 교차로안,승용,여,46세,경상,승합,남,52세,경상
2015070500100012,2015년 7월 5일 00시,일요일,충청남도 천안시 서북구 두정동,경상사고,0,0,1,0,차대차 - 기타,안전운전불이행,건조,맑음,단일로 - 기타,승합,남,37세,상해없음,원동기,남,32세,경상
2015070500100026,2015년 7월 5일 01시,일요일,충청남도 천안시 서북구 성정동,경상사고,0,0,1,0,차대차 - 측면직각충돌,중앙선침범,건조,맑음,단일로 - 기타,승용,남,22세,상해없음,승용,여,55세,경상
2015070500100186,2015년 7월 5일 12시,일요일,충청남도 천안시 서북구 쌍용동,경상사고,0,0,1,0,차대사람 - 횡단중,안전운전불이행,건조,맑음,교차로 - 교차로부근,승용,남,54세,상해없음,보행자,남,24세,경상
2015070500100260,2015년 7월 5일 14시,일요일,충청남도 천안시 동남구 봉명동,경상사고,0,0,1,0,차대차 - 측면직각충돌,안전운전불이행,건조,맑음,단일로 - 기타,승용,남,44세,상해없음,승용,여,49세,경상
2015070500100288,2015년 7월 5일 15시,일요일,충청남도 천안시 동남구 신부동,경상사고,0,0,2,0,차대차 - 추돌 - 진행중,안전운전불이행,건조,맑음,단일로 - 기타,승용,남,81세,상해없음,승용,여,40세,경상
2015070500100318,2015년 7월 5일 16시,일요일,충청남도 천안시 서북구 성정동,경상사고,0,0,1,0,차대차 - 측면직각충돌,신호위반,건조,맑음,교차로 - 교차로안,승용,남,49세,상해없음,승용,여,41세,경상
2015070500100356,2015년 7월 5일 17시,일요일,충청남도 천안시 동남구 삼룡동,경상사고,0,0,1,0,차대차 - 기타,안전운전불이행,건조,맑음,교차로 - 교차로부근,기타불명,기타불명,기타불명,기타불명,승용,남,43세,경상
2015070600100020,2015년 7월 6일 01시,월요일,충청남도 천안시 서북구 성정동,경상사고,0,0,1,0,차대차 - 추돌 - 주정차중,안전거리미확보,건조,맑음,단일로 - 기타,승용,여,22세,상해없음,승용,남,35세,경상
2015070600100271,2015년 7월 6일 12시,월요일,충청남도 천안시 동남구 병천면,경상사고,0,0,1,0,차대차 - 기타,안전운전불이행,건조,맑음,교차로 - 교차로안,이륜,남,63세,경상,승용,남,45세,상해없음
2015070600100302,2015년 7월 6일 13시,월요일,충청남도 천안시 동남구 성황동,중상사고,0,1,0,0,차대사람 - 횡단중,안전운전불이행,건조,맑음,단일로 - 기타,승용,남,55세,상해없음,보행자,여,76세,중상
2015070600100543,2015년 7월 6일 21시,월요일,충청남도 천안시 동남구 목천읍,중상사고,0,1,1,0,차대차 - 추돌 - 주정차중,안전운전불이행,건조,맑음,교차로 - 교차로안,승용,남,27세,경상,승용,여,36세,중상
2015070700100014,2015년 7월 7일 00시,화요일,충청남도 천안시 동남구 신부동,경상사고,0,0,2,0,차대차 - 기타,안전운전불이행,습기,맑음,단일로 - 기타,승용,남,32세,상해없음,승용,남,61세,경상
2015070700100136,2015년 7월 7일 08시,화요일,충청남도 천안시 서북구 직산읍,경상사고,0,0,1,0,차대차 - 기타,중앙선침범,건조,맑음,단일로 - 기타,승용,남,32세,상해없음,승용,여,38세,경상
2015070700100215,2015년 7월 7일 11시,화요일,충청남도 천안시 동남구 영성동,경상사고,0,0,1,0,차대차 - 기타,안전운전불이행,건조,맑음,교차로 - 교차로안,승용,남,67세,상해없음,이륜,남,48세,경상
2015070700100290,2015년 7월 7일 13시,화요일,충청남도 천안시 서북구 성환읍,경상사고,0,0,2,0,차대차 - 측면직각충돌,안전운전불이행,건조,맑음,교차로 - 교차로안,화물,남,73세,상해없음,승용,남,63세,상해없음
2015070800100031,2015년 7월 8일 01시,수요일,충청남도 천안시 서북구 성정동,경상사고,0,0,1,0,차대차 - 추돌 - 주정차중,안전운전불이행,습기,비,교차로 - 교차로부근,승용,남,34세,상해없음,승용,남,24세,경상
2015070800100115,2015년 7월 8일 07시,수요일,충청남도 천안시 동남구 신부동,경상사고,0,0,1,0,차대차 - 기타,안전운전불이행,건조,맑음,교차로 - 교차로안,승합,남,36세,상해없음,승용,남,37세,경상
2015070800100354,2015년 7월 8일 15시,수요일,충청남도 천안시 동남구 다가동,경상사고,0,0,1,0,차대차 - 기타,교차로운행방법위반,건조,맑음,교차로 - 교차로안,승용,여,47세,상해없음,승용,남,32세,경상
2015070800100394,2015년 7월 8일 16시,수요일,충청남도 천안시 서북구 입장면,경상사고,0,0,1,0,차대차 - 기타,신호위반,습기,비,교차로 - 교차로안,화물,남,38세,상해없음,승용,여,60세,경상
2015070800100515,2015년 7월 8일 19시,수요일,충청남도 천안시 서북구 두정동,경상사고,0,0,1,0,차대사람 - 횡단중,보행자보호의무위반,습기,비,교차로 - 교차로부근,승용,남,45세,상해없음,보행자,여,66세,경상
2015070800100553,2015년 7월 8일 20시,수요일,충청남도 천안시 서북구 쌍용동,경상사고,0,0,1,0,차대차 - 측면직각충돌,직진우회전진행방해,습기,비,교차로 - 교차로안,승용,여,39세,상해없음,승용,남,22세,상해없음
2015070800100584,2015년 7월 8일 21시,수요일,충청남도 천안시 서북구 성정동,중상사고,0,1,0,0,차대사람 - 횡단중,보행자보호의무위반,건조,맑음,단일로 - 기타,승용,남,60세,상해없음,보행자,여,60세,중상
2015070800100587,2015년 7월 8일 21시,수요일,충청남도 천안시 동남구 안서동,중상사고,0,1,0,0,차대차 - 측면직각충돌,불법유턴,습기,비,교차로 - 교차로부근,승용,남,26세,상해없음,이륜,여,20세,중상
2015070800100621,2015년 7월 8일 22시,수요일,충청남도 천안시 서북구 쌍용동,중상사고,0,1,0,0,차대차 - 기타,안전운전불이행,습기,비,교차로 - 교차로안,승용,여,48세,상해없음,이륜,남,28세,중상
2015070800100669,2015년 7월 8일 23시,수요일,충청남도 천안시 서북구 성거읍,경상사고,0,0,2,1,차대차 - 추돌 - 주정차중,안전운전불이행,건조,맑음,단일로 - 기타,승용,남,31세,상해없음,승용,여,50세,부상신고
2015070900100047,2015년 7월 9일 02시,목요일,충청남도 천안시 서북구 쌍용동,중상사고,0,2,0,0,차대사람 - 횡단중,보행자보호의무위반,습기,비,교차로 - 교차로부근,승용,남,22세,상해없음,보행자,남,29세,중상
2015070900100307,2015년 7월 9일 15시,목요일,충청남도 천안시 서북구 쌍용동,중상사고,0,1,1,0,차대차 - 측면직각충돌,안전운전불이행,건조,맑음,단일로 - 기타,화물,남,31세,상해없음,승용,남,29세,중상
2015070900100381,2015년 7월 9일 17시,목요일,충청남도 천안시 서북구 성환읍,경상사고,0,0,1,0,차대차 - 측면직각충돌,안전운전불이행,건조,맑음,단일로 - 기타,승용,남,43세,상해없음,승용,여,57세,경상
2015070900100572,2015년 7월 9일 23시,목요일,충청남도 천안시 서북구 성정동,경상사고,0,0,2,0,차대차 - 측면직각충돌,안전거리미확보,건조,맑음,단일로 - 기타,승용,남,27세,상해없음,이륜,남,40세,기타불명
2015070900100573,2015년 7월 9일 23시,목요일,충청남도 천안시 동남구 신부동,중상사고,0,1,0,0,차대차 - 추돌 - 진행중,안전운전불이행,건조,맑음,단일로 - 기타,승용,남,48세,상해없음,이륜,남,28세,중상
2015071000100121,2015년 7월 10일 07시,금요일,충청남도 천안시 서북구 와촌동,경상사고,0,0,2,0,차대차 - 추돌 - 주정차중,안전운전불이행,건조,맑음,단일로 - 기타,승용,남,40세,상해없음,승용,남,18세,경상
2015071000100154,2015년 7월 10일 08시,금요일,충청남도 천안시 서북구 성정동,중상사고,0,1,0,0,차대차 - 측면직각충돌,신호위반,건조,맑음,단일로 - 기타,승용,남,58세,상해없음,자전거,여,8세,중상
2015071000100202,2015년 7월 10일 09시,금요일,충청남도 천안시 서북구 성환읍,경상사고,0,0,1,0,차대차 - 측면직각충돌,차로위반,건조,맑음,단일로 - 기타,화물,남,37세,상해없음,화물,남,31세,경상
2015071000100236,2015년 7월 10일 10시,금요일,충청남도 천안시 서북구 입장면,중상사고,0,1,0,0,차대차 - 측면직각충돌,안전운전불이행,건조,맑음,교차로 - 교차로안,승용,남,33세,상해없음,화물,남,72세,중상
2015071000100301,2015년 7월 10일 12시,금요일,충청남도 천안시 서북구 직산읍,경상사고,0,0,1,0,차량단독 - 기타,안전운전불이행,건조,맑음,단일로 - 기타,승합,남,47세,상해없음,,,,
2015071000100493,2015년 7월 10일 17시,금요일,충청남도 천안시 서북구 직산읍,경상사고,0,0,1,0,차대사람 - 기타,안전운전불이행,건조,맑음,단일로 - 기타,승용,남,57세,상해없음,보행자,여,72세,경상