사고번호,사고일시,요일,시군구,사고내용,사망자수,중상자수,경상자수,부상신고자수,사고유형,법규위반,노면상태,기상상태,도로형태,가해운전자 차종,가해운전자 성별,가해운전자 연령,가해운전자 상해정도,피해운전자 차종,피해운전자 성별,피해운전자 연령,피해운전자 상해정도
2015071000100559,2015년 7월 10일 18시,금요일,충청남도 천안시 동남구 신부동,경상사고,0,0,1,0,차대차 - 측면직각충돌,신호위반,건조,맑음,교차로 - 교차로안,원동기,남,35세,경상,승합,남,49세,상해없음
2015071000100560,2015년 7월 10일 18시,금요일,충청남도 천안시 동남구 영성동,경상사고,0,0,2,0,차대차 - 추돌 - 진행중,안전운전불이행,건조,맑음,단일로 - 교량,화물,남,71세,상해없음,승용,남,66세,경상
2015071000100695,2015년 7월 10일 21시,금요일,충청남도 천안시 서북구 쌍용동,경상사고,0,0,1,0,차대차 - 기타,안전운전불이행,건조,맑음,단일로 - 기타,원동기,남,44세,경상,승용,남,31세,상해없음
2015071000100737,2015년 7월 10일 22시,금요일,충청남도 천안시 서북구 두정동,경상사고,0,0,1,0,차대사람 - 보도통행중,안전운전불이행,건조,맑음,단일로 - 횡단보도상,승용,남,30세,기타불명,보행자,여,21세,경상
2015071000100739,2015년 7월 10일 22시,금요일,충청남도 천안시 동남구 신방동,중상사고,0,1,0,0,차대사람 - 차도통행중,안전운전불이행,건조,맑음,단일로 - 기타,승용,남,25세,상해없음,보행자,남,47세,중상
2015071100100014,2015년 7월 11일 00시,토요일,충청남도 천안시 서북구 두정동,경상사고,0,0,1,0,차대사람 - 기타,안전운전불이행,건조,맑음,교차로 - 교차로부근,승용,남,39세,상해없음,보행자,여,35세,경상
2015071100100430,2015년 7월 11일 16시,토요일,충청남도 천안시 서북구 성성동,경상사고,0,0,1,0,차대차 - 측면직각충돌,안전운전불이행,건조,맑음,교차로 - 교차로안,승용,남,38세,상해없음,화물,남,52세,경상
2015071100100431,2015년 7월 11일 16시,토요일,충청남도 천안시 동남구 광덕면,중상사고,0,1,1,0,차대차 - 측면직각충돌,안전운전불이행,건조,맑음,단일로 - 기타,승용,남,53세,상해없음,승용,남,55세,중상
2015071100100579,2015년 7월 11일 20시,토요일,충청남도 천안시 서북구 두정동,경상사고,0,0,1,0,차대차 - 추돌 - 진행중,안전운전불이행,습기,비,단일로 - 기타,승용,여,28세,상해없음,승용,남,43세,상해없음
2015071200100082,2015년 7월 12일 02시,일요일,충청남도 천안시 서북구 두정동,경상사고,0,0,1,0,차대사람 - 길가장자리구역통행중,안전운전불이행,건조,맑음,교차로 - 교차로부근,승용,남,46세,상해없음,보행자,남,19세,경상
2015071200100223,2015년 7월 12일 10시,일요일,충청남도 천안시 동남구 원성동,중상사고,0,1,2,0,차대차 - 기타,신호위반,건조,맑음,교차로 - 교차로안,승용,여,50세,중상,승용,남,42세,경상
2015071200100323,2015년 7월 12일 14시,일요일,충청남도 천안시 동남구 풍세면,경상사고,0,0,2,0,차대차 - 추돌 - 진행중,안전운전불이행,건조,맑음,단일로 - 기타,화물,남,39세,상해없음,승용,남,35세,경상
2015071300100287,2015년 7월 13일 12시,월요일,충청남도 천안시 동남구 성남면,중상사고,0,1,0,0,차대차 - 측면직각충돌,교차로운행방법위반,건조,맑음,교차로 - 교차로안,승용,남,27세,상해없음,승용,남,60세,중상
2015071300100288,2015년 7월 13일 12시,월요일,충청남도 천안시 동남구 성황동,중상사고,0,1,1,1,차대차 - 측면직각충돌,신호위반,건조,맑음,교차로 - 교차로안,승용,남,27세,기타불명,승용,남,54세,경상
2015071300100351,2015년 7월 13일 14시,월요일,충청남도 천안시 서북구 쌍용동,경상사고,0,0,1,0,차대차 - 측면직각충돌,안전운전불이행,습기,비,교차로 - 교차로부근,이륜,남,44세,경상,승용,여,35세,상해없음
2015071300100445,2015년 7월 13일 16시,월요일,충청남도 천안시 동남구 청당동,경상사고,0,0,1,0,차대차 - 측면직각충돌,신호위반,건조,맑음,교차로 - 교차로안,승용,여,58세,상해없음,승용,여,52세,경상
2015071400100013,2015년 7월 14일 00시,화요일,충청남도 천안시 서북구 쌍용동,중상사고,0,1,0,0,차대차 - 측면직각충돌,신호위반,건조,맑음,교차로 - 교차로안,승용,남,35세,상해없음,승용,남,44세,중상
2015071400100273,2015년 7월 14일 13시,화요일,충청남도 천안시 동남구 삼룡동,경상사고,0,0,4,0,차대차 - 추돌 - 진행중,안전운전불이행,건조,맑음,단일로 - 기타,승용,남,57세,상해없음,승용,남,36세,경상
2015071400100274,2015년 7월 14일 13시,화요일,충청남도 천안시 동남구 성남면,경상사고,0,0,2,0,차대차 - 추돌 - 진행중,안전운전불이행,건조,맑음,단일로 - 기타,승용,남,46세,경상,승용,남,38세,경상
2015071400100336,2015년 7월 14일 15시,화요일,충청남도 천안시 서북구 두정동,중상사고,0,1,1,0,차대차 - 기타,교차로운행방법위반,건조,맑음,교차로 - 교차로안,승용,남,48세,상해없음,화물,남,42세,경상
2015071400100376,2015년 7월 14일 16시,화요일,충청남도 천안시 동남구 목천읍,경상사고,0,0,1,0,차대차 - 측면직각충돌,안전운전불이행,건조,맑음,단일로 - 기타,승용,남,74세,상해없음,화물,여,34세,경상
2015071400100423,2015년 7월 14일 17시,화요일,충청남도 천안시 서북구 입장면,중상사고,0,1,0,0,차대차 - 기타,안전운전불이행,건조,맑음,단일로 - 기타,화물,남,31세,상해없음,자전거,남,56세,중상
2015071400100463,2015년 7월 14일 18시,화요일,충청남도 천안시 동남구 용곡동,중상사고,0,1,0,0,차대사람 - 기타,안전운전불이행,건조,맑음,기타 - 기타,승용,여,54세,상해없음,보행자,남,7세,중상
2015071400100544,2015년 7월 14일 20시,화요일,충청남도 천안시 동남구 신부동,경상사고,0,0,1,0,차대차 - 측면직각충돌,신호위반,건조,맑음,교차로 - 교차로안,승용,남,19세,상해없음,승용,남,60세,경상
2015071400100610,2015년 7월 14일 22시,화요일,충청남도 천안시 서북구 백석동,경상사고,0,0,2,0,차대차 - 측면직각충돌,신호위반,건조,맑음,교차로 - 교차로안,승용,남,40세,상해없음,승용,여,27세,경상
2015071400100639,2015년 7월 14일 23시,화요일,충청남도 천안시 서북구 백석동,중상사고,0,1,0,0,차대차 - 측면직각충돌,신호위반,건조,맑음,교차로 - 교차로안,승용,남,31세,상해없음,승용,여,32세,중상
2015071500100176,2015년 7월 15일 09시,수요일,충청남도 천안시 동남구 원성동,경상사고,0,0,2,0,차대차 - 추돌 - 주정차중,안전운전불이행,건조,맑음,단일로 - 기타,승용,남,58세,상해없음,승용,남,63세,경상
2015071500100201,2015년 7월 15일 10시,수요일,충청남도 천안시 동남구 봉명동,경상사고,0,0,1,0,차대차 - 추돌 - 진행중,안전운전불이행,건조,맑음,교차로 - 교차로안,승용,남,54세,상해없음,승용,여,36세,경상
2015071500100234,2015년 7월 15일 11시,수요일,충청남도 천안시 동남구 영성동,경상사고,0,0,1,0,차대사람 - 횡단중,안전운전불이행,건조,맑음,단일로 - 기타,이륜,남,49세,상해없음,보행자,여,20세,경상
2015071500100270,2015년 7월 15일 12시,수요일,충청남도 천안시 동남구 다가동,경상사고,0,0,1,0,차대차 - 기타,안전운전불이행,건조,맑음,단일로 - 기타,화물,남,39세,상해없음,화물,남,31세,경상
2015071500100555,2015년 7월 15일 19시,수요일,충청남도 천안시 동남구 원성동,중상사고,0,1,1,0,차대차 - 추돌 - 진행중,안전운전불이행,건조,맑음,교차로 - 교차로부근,승용,남,63세,상해없음,승용,남,35세,중상
2015071500100556,2015년 7월 15일 19시,수요일,충청남도 천안시 서북구 입장면,경상사고,0,0,1,0,차대차 - 기타,안전운전불이행,건조,맑음,단일로 - 기타,특수,남,33세,상해없음,승합,남,32세,기타불명
2015071600100134,2015년 7월 16일 08시,목요일,충청남도 천안시 서북구 입장면,중상사고,0,1,0,0,차대차 - 정면충돌,중앙선침범,건조,맑음,단일로 - 기타,승용,남,28세,상해없음,화물,남,44세,중상
2015071600100202,2015년 7월 16일 10시,목요일,충청남도 천안시 서북구 성환읍,중상사고,0,1,0,0,차대차 - 기타,안전운전불이행,건조,맑음,단일로 - 기타,승용,여,44세,상해없음,원동기,남,79세,중상
2015071600100296,2015년 7월 16일 13시,목요일,충청남도 천안시 동남구 사직동,경상사고,0,0,1,0,차대차 - 기타,안전운전불이행,건조,맑음,교차로 - 교차로안,기타불명,기타불명,기타불명,기타불명,자전거,남,61세,경상
2015071600100498,2015년 7월 16일 18시,목요일,충청남도 천안시 서북구 성정동,경상사고,0,0,1,0,차대차 - 추돌 - 주정차중,안전운전불이행,건조,맑음,교차로 - 교차로부근,승용,여,48세,기타불명,승용,남,48세,경상
2015071600100543,2015년 7월 16일 19시,목요일,충청남도 천안시 서북구 백석동,경상사고,0,0,1,0,차대차 - 추돌 - 진행중,안전운전불이행,건조,맑음,단일로 - 기타,승용,남,58세,상해없음,승용,남,29세,경상
2015071600100614,2015년 7월 16일 21시,목요일,충청남도 천안시 동남구 병천면,중상사고,0,1,0,0,차량단독 - 전도전복,안전운전불이행,건조,맑음,단일로 - 기타,이륜,남,52세,중상,,,,
2015071700100088,2015년 7월 17일 07시,금요일,충청남도 천안시 동남구 청수동,중상사고,0,1,0,0,차대차 - 기타,안전운전불이행,건조,맑음,단일로 - 기타,승용,여,44세,상해없음,승용,남,67세,중상
2015071700100125,2015년 7월 17일 08시,금요일,충청남도 천안시 서북구 부대동,경상사고,0,0,2,0,차대차 - 정면충돌,중앙선침범,건조,맑음,단일로 - 기타,승용,여,57세,상해없음,승용,남,44세,경상
2015071700100257,2015년 7월 17일 12시,금요일,충청남도 천안시 서북구 직산읍,중상사고,0,1,0,0,차대차 - 기타,안전거리미확보,건조,맑음,단일로 - 기타,화물,남,44세,상해없음,원동기,남,50세,중상
2015071700100396,2015년 7월 17일 16시,금요일,충청남도 천안시 서북구 성정동,경상사고,0,0,1,0,차대차 - 측면직각충돌,안전거리미확보,건조,맑음,교차로 - 교차로부근,승용,남,42세,상해없음,승용,남,38세,경상
2015071700100397,2015년 7월 17일 16시,금요일,충청남도 천안시 서북구 불당동,중상사고,0,1,0,0,차대차 - 측면직각충돌,교차로운행방법위반,건조,맑음,교차로 - 교차로부근,화물,남,67세,상해없음,승용,여,50세,중상
2015071800100233,2015년 7월 18일 11시,토요일,충청남도 천안시 서북구 성거읍,중상사고,0,4,0,0,차량단독 - 도로외이탈 - 추락,안전거리미확보,건조,맑음,단일로 - 기타,승용,남,30세,중상,,,,
2015071800100274,2015년 7월 18일 12시,토요일,충청남도 천안시 동남구 삼룡동,경상사고,0,0,1,0,차대차 - 추돌 - 주정차중,안전운전불이행,건조,맑음,단일로 - 기타,승용,남,48세,상해없음,승용,남,55세,경상
2015071800100479,2015년 7월 18일 18시,토요일,충청남도 천안시 서북구 불당동,경상사고,0,0,2,0,차대차 - 추돌 - 진행중,안전운전불이행,건조,맑음,교차로 - 교차로부근,승용,남,25세,상해없음,승용,여,41세,경상
2015071900100104,2015년 7월 19일 06시,일요일,충청남도 천안시 서북구 성환읍,중상사고,0,1,0,0,차대차 - 기타,안전운전불이행,습기,비,단일로 - 기타,승용,남,54세,상해없음,원동기,여,67세,중상
2015071900100315,2015년 7월 19일 15시,일요일,충청남도 천안시 동남구 청수동,경상사고,0,0,5,0,차대차 - 추돌 - 주정차중,안전운전불이행,건조,맑음,교차로 - 교차로부근,승용,남,54세,상해없음,승용,남,36세,경상
2015071900100352,2015년 7월 19일 16시,일요일,충청남도 천안시 동남구 봉명동,중상사고,0,1,0,0,차량단독 - 기타,안전운전불이행,건조,맑음,단일로 - 기타,승합,남,45세,상해없음,,,,
2015071900100423,2015년 7월 19일 18시,일요일,충청남도 천안시 서북구 입장면,경상사고,0,0,2,0,차대차 - 기타,안전운전불이행,건조,맑음,단일로 - 기타,승용,남,46세,상해없음,승용,남,22세,경상
2015071900100520,2015년 7월 19일 22시,일요일,충청남도 천안시 동남구 원성동,중상사고,0,1,0,0,차대차 - 측면직각충돌,직진우회전진행방해,건조,맑음,교차로 - 교차로안,이륜,남,54세,상해없음,승용,남,42세,상해없음
2015071900100540,2015년 7월 19일 23시,일요일,충청남도 천안시 서북구 성정동,경상사고,0,0,1,0,차대차 - 정면충돌,신호위반,건조,맑음,교차로 - 교차로안,원동기,남,30세,경상,승용,남,52세,상해없음
2015072000100187,2015년 7월 20일 10시,월요일,충청남도 천안시 동남구 광덕면,경상사고,0,0,3,0,차대차 - 추돌 - 주정차중,안전운전불이행,건조,맑음,단일로 - 기타,화물,남,36세,상해없음,승용,남,52세,경상
2015072000100271,2015년 7월 20일 12시,월요일,충청남도 천안시 서북구 성정동,중상사고,0,1,0,0,차대차 - 추돌 - 주정차중,안전운전불이행,건조,맑음,단일로 - 기타,화물,남,43세,상해없음,승용,남,28세,중상
2015072000100339,2015년 7월 20일 14시,월요일,충청남도 천안시 서북구 성정동,경상사고,0,0,1,0,차대차 - 추돌 - 주정차중,안전운전불이행,건조,맑음,단일로 - 기타,원동기,남,59세,상해없음,승용,남,25세,경상
2015072000100448,2015년 7월 20일 17시,월요일,충청남도 천안시 동남구 원성동,경상사고,0,0,1,0,차대사람 - 횡단중,안전운전불이행,건조,맑음,단일로 - 기타,승용,여,46세,상해없음,보행자,남,30세,경상
2015072000100629,2015년 7월 20일 22시,월요일,충청남도 천안시 서북구 두정동,경상사고,0,0,1,0,차대차 - 추돌 - 주정차중,안전운전불이행,건조,맑음,단일로 - 기타,승용,남,61세,상해없음,승용,남,38세,경상
2015072100100210,2015년 7월 21일 10시,화요일,충청남도 천안시 동남구 청당동,중상사고,0,1,0,0,차대차 - 기타,안전운전불이행,건조,맑음,교차로 - 교차로부근,승용,여,59세,상해없음,자전거,여,73세,중상
2015072100100294,2015년 7월 21일 13시,화요일,충청남도 천안시 서북구 차암동,중상사고,0,1,0,0,차대차 - 추돌 - 진행중,안전운전불이행,건조,맑음,단일로 - 기타,화물,남,39세,상해없음,승용,남,49세,중상
2015072100100310,2015년 7월 21일 14시,화요일,충청남도 천안시 동남구 구룡동,사망사고,1,0,0,0,차대차 - 기타,안전운전불이행,건조,맑음,교차로 - 교차로부근,화물,남,69세,상해없음,이륜,남,72세,사망
2015072100100349,2015년 7월 21일 15시,화요일,충청남도 천안시 동남구 영성동,경상사고,0,0,1,0,차대사람 - 기타,안전운전불이행,건조,맑음,단일로 - 기타,승용,남,59세,상해없음,보행자,여,52세,경상
2015072100100459,2015년 7월 21일 18시,화요일,충청남도 천안시 동남구 구성동,중상사고,0,2,6,0,차대차 - 기타,안전운전불이행,건조,맑음,교차로 - 교차로안,승합,남,49세,상해없음,승용,여,39세,경상
2015072100100550,2015년 7월 21일 21시,화요일,충청남도 천안시 서북구 두정동,경상사고,0,0,1,0,차대차 - 기타,안전운전불이행,건조,맑음,교차로 - 교차로안,승용,남,27세,상해없음,이륜,남,43세,경상
2015072100100551,2015년 7월 21일 21시,화요일,충청남도 천안시 서북구 백석동,경상사고,0,0,3,0,차대차 - 기타,중앙선침범,건조,맑음,교차로 - 교차로부근,승용,남,62세,상해없음,승용,남,45세,경상
2015072200100056,2015년 7월 22일 03시,수요일,충청남도 천안시 서북구 성거읍,중상사고,0,1,0,0,차량단독 - 기타,기타,습기,비,단일로 - 기타,승용,남,49세,중상,,,,
2015072200100157,2015년 7월 22일 08시,수요일,충청남도 천안시 서북구 성환읍,사망사고,1,0,0,1,차량단독 - 기타,안전운전불이행,건조,맑음,단일로 - 기타,원동기,남,20세,부상신고,,,,
2015072200100212,2015년 7월 22일 10시,수요일,충청남도 천안시 서북구 두정동,경상사고,0,0,1,0,차대차 - 측면직각충돌,신호위반,건조,맑음,교차로 - 교차로안,승용,남,57세,상해없음,승용,여,36세,기타불명
2015072200100280,2015년 7월 22일 12시,수요일,충청남도 천안시 서북구 성정동,경상사고,0,0,1,0,차대차 - 추돌 - 주정차중,안전운전불이행,건조,맑음,교차로 - 교차로부근,승용,남,30세,기타불명,승용,여,47세,경상
2015072200100315,2015년 7월 22일 13시,수요일,충청남도 천안시 서북구 쌍용동,중상사고,0,1,0,0,차대사람 - 횡단중,보행자보호의무위반,건조,맑음,단일로 - 횡단보도상,승용,여,46세,상해없음,보행자,남,6세,중상
2015072200100405,2015년 7월 22일 15시,수요일,충청남도 천안시 동남구 영성동,경상사고,0,0,1,0,차대차 - 기타,안전운전불이행,건조,맑음,단일로 - 기타,승용,남,22세,상해없음,원동기,남,57세,경상
2015072200100601,2015년 7월 22일 20시,수요일,충청남도 천안시 서북구 성정동,경상사고,0,0,1,0,차대사람 - 길가장자리구역통행중,안전운전불이행,건조,맑음,교차로 - 교차로부근,승용,남,56세,상해없음,보행자,여,54세,경상
2015072200100632,2015년 7월 22일 21시,수요일,충청남도 천안시 동남구 목천읍,중상사고,0,1,0,0,차대사람 - 횡단중,안전운전불이행,건조,맑음,단일로 - 기타,승용,남,46세,상해없음,보행자,남,48세,중상
2015072200100663,2015년 7월 22일 22시,수요일,충청남도 천안시 서북구 성정동,중상사고,0,1,0,0,차대차 - 측면직각충돌,교차로운행방법위반,건조,맑음,교차로 - 교차로안,승용,남,19세,상해없음,원동기,남,43세,중상
2015072200100664,2015년 7월 22일 22시,수요일,충청남도 천안시 서북구 성정동,경상사고,0,0,1,0,차대차 - 기타,안전운전불이행,건조,맑음,교차로 - 교차로안,자전거,남,19세,경상,승용,여,56세,상해없음
2015072200100697,2015년 7월 22일 23시,수요일,충청남도 천안시 서북구 성거읍,경상사고,0,0,3,0,차대차 - 추돌 - 주정차중,안전운전불이행,건조,맑음,교차로 - 교차로부근,승용,남,32세,상해없음,승용,여,24세,경상
2015072300100026,2015년 7월 23일 01시,목요일,충청남도 천안시 서북구 쌍용동,중상사고,0,1,0,0,차대차 - 기타,신호위반,건조,맑음,교차로 - 교차로안,승용,남,34세,상해없음,승용,여,59세,중상
2015072300100042,2015년 7월 23일 02시,목요일,충청남도 천안시 서북구 직산읍,경상사고,0,0,2,0,차대차 - 기타,안전운전불이행,건조,맑음,단일로 - 기타,승용,남,35세,상해없음,승용,남,27세,경상
2015072300100089,2015년 7월 23일 07시,목요일,충청남도 천안시 서북구 성거읍,경상사고,0,0,1,0,차대차 - 기타,안전운전불이행,건조,맑음,단일로 - 기타,원동기,여,73세,경상,승용,여,52세,상해없음
2015072300100252,2015년 7월 23일 12시,목요일,충청남도 천안시 서북구 쌍용동,경상사고,0,0,1,0,차대차 - 측면직각충돌,안전운전불이행,건조,흐림,교차로 - 교차로안,승용,여,50세,상해없음,승용,여,39세,경상
2015072300100254,2015년 7월 23일 12시,목요일,충청남도 천안시 동남구 신방동,중상사고,0,2,0,0,차대차 - 기타,불법유턴,건조,맑음,교차로 - 교차로부근,화물,남,27세,상해없음,승용,여,29세,중상
2015072300100333,2015년 7월 23일 14시,목요일,충청남도 천안시 서북구 성거읍,경상사고,0,0,3,0,차대차 - 추돌 - 진행중,안전운전불이행,건조,맑음,단일로 - 기타,화물,남,70세,상해없음,승용,여,45세,경상
2015072300100458,2015년 7월 23일 17시,목요일,충청남도 천안시 서북구 두정동,경상사고,0,0,2,0,차대차 - 측면직각충돌,기타,습기,비,교차로 - 교차로안,승용,남,32세,상해없음,승용,여,30세,경상
2015072300100504,2015년 7월 23일 18시,목요일,충청남도 천안시 동남구 신방동,경상사고,0,0,1,0,차대차 - 측면직각충돌,안전운전불이행,건조,맑음,교차로 - 교차로안,승용,여,34세,상해없음,승용,여,23세,경상
2015072300100545,2015년 7월 23일 19시,목요일,충청남도 천안시 동남구 원성동,경상사고,0,0,1,0,차대차 - 기타,안전운전불이행,습기,비,교차로 - 교차로안,승용,남,41세,상해없음,이륜,남,34세,경상
2015072300100595,2015년 7월 23일 20시,목요일,충청남도 천안시 서북구 백석동,경상사고,0,0,1,0,차대차 - 정면충돌,신호위반,건조,맑음,교차로 - 교차로안,승용,남,40세,상해없음,승용,남,54세,경상
2015072300100596,2015년 7월 23일 20시,목요일,충청남도 천안시 동남구 봉명동,경상사고,0,0,1,0,차대사람 - 기타,보행자보호의무위반,습기,비,단일로 - 기타,승용,남,52세,상해없음,보행자,남,42세,경상
2015072300100693,2015년 7월 23일 22시,목요일,충청남도 천안시 서북구 성정동,경상사고,0,0,2,0,차대차 - 기타,안전운전불이행,건조,맑음,단일로 - 기타,승용,남,24세,상해없음,승용,남,28세,경상
2015072400100058,2015년 7월 24일 01시,금요일,충청남도 천안시 동남구 성남면,경상사고,0,0,1,0,차량단독 - 전도전복,안전운전불이행,습기,비,단일로 - 기타,승합,남,25세,기타불명,,,,
2015072400100334,2015년 7월 24일 12시,금요일,충청남도 천안시 서북구 백석동,경상사고,0,0,1,0,차대차 - 기타,안전운전불이행,습기,흐림,단일로 - 기타,승용,남,54세,상해없음,원동기,남,48세,경상
2015072400100403,2015년 7월 24일 14시,금요일,충청남도 천안시 서북구 쌍용동,경상사고,0,0,1,0,차대차 - 측면직각충돌,중앙선침범,건조,맑음,단일로 - 기타,승용,남,23세,상해없음,승용,여,42세,경상
2015072400100443,2015년 7월 24일 15시,금요일,충청남도 천안시 동남구 병천면,중상사고,0,1,0,0,차대사람 - 기타,안전운전불이행,습기,비,교차로 - 교차로부근,화물,남,49세,상해없음,보행자,여,72세,중상
2015072400100444,2015년 7월 24일 15시,금요일,충청남도 천안시 동남구 원성동,경상사고,0,0,1,0,차대차 - 추돌 - 진행중,신호위반,건조,맑음,교차로 - 교차로안,승용,남,24세,상해없음,이륜,남,20세,경상
2015072400100683,2015년 7월 24일 21시,금요일,충청남도 천안시 동남구 풍세면,중상사고,0,1,1,0,차대차 - 기타,안전운전불이행,건조,맑음,교차로 - 교차로안,승용,남,49세,중상,화물,남,45세,경상
2015072500100057,2015년 7월 25일 01시,토요일,충청남도 천안시 서북구 두정동,경상사고,0,0,1,0,차대사람 - 차도통행중,안전운전불이행,습기,비,교차로 - 교차로부근,승용,남,39세,상해없음,보행자,여,21세,경상
2015072500100120,2015년 7월 25일 04시,토요일,충청남도 천안시 서북구 성정동,경상사고,0,0,1,0,차대차 - 측면직각충돌,신호위반,습기,비,교차로 - 교차로안,승용,남,26세,상해없음,승용,남,55세,경상
2015072500100228,2015년 7월 25일 09시,토요일,충청남도 천안시 동남구 다가동,중상사고,0,1,0,0,차대사람 - 횡단중,안전운전불이행,건조,맑음,교차로 - 교차로부근,승용,남,35세,상해없음,보행자,여,55세,중상
2015072500100229,2015년 7월 25일 09시,토요일,충청남도 천안시 동남구 원성동,중상사고,0,1,0,0,차대차 - 기타,신호위반,건조,맑음,교차로 - 교차로안,승용,남,52세,상해없음,이륜,남,51세,중상
2015072500100297,2015년 7월 25일 11시,토요일,충청남도 천안시 서북구 입장면,경상사고,0,0,2,1,차대차 - 측면직각충돌,안전운전불이행,건조,흐림,단일로 - 기타,승용,남,30세,부상신고,승합,남,44세,상해없음
2015072500100359,2015년 7월 25일 13시,토요일,충청남도 천안시 서북구 성환읍,경상사고,0,0,1,0,차대차 - 기타,직진우회전진행방해,건조,맑음,교차로 - 교차로안,원동기,여,69세,경상,승합,여,49세,기타불명
2015072500100383,2015년 7월 25일 14시,토요일,충청남도 천안시 서북구 입장면,중상사고,0,1,0,0,차대차 - 정면충돌,중앙선침범,건조,맑음,단일로 - 기타,승용,여,26세,상해없음,승용,여,39세,중상
2015072500100572,2015년 7월 25일 19시,토요일,충청남도 천안시 서북구 성거읍,경상사고,0,0,1,0,차대차 - 측면직각충돌,신호위반,습기,비,교차로 - 교차로안,승용,남,43세,상해없음,원동기,남,19세,경상
2015072500100694,2015년 7월 25일 22시,토요일,충청남도 천안시 동남구 성황동,경상사고,0,0,1,0,차대차 - 추돌 - 진행중,안전운전불이행,건조,맑음,단일로 - 기타,기타불명,기타불명,기타불명,기타불명,화물,남,36세,경상
2015072500100695,2015년 7월 25일 22시,토요일,충청남도 천안시 동남구 신부동,경상사고,0,0,1,0,차대사람 - 횡단중,신호위반,건조,맑음,단일로 - 횡단보도상,승용,남,42세,상해없음,보행자,여,55세,경상
2015072600100012,2015년 7월 26일 00시,일요일,충청남도 천안시 서북구 쌍용동,경상사고,0,0,3,0,차대차 - 추돌 - 주정차중,안전운전불이행,건조,맑음,교차로 - 교차로부근,승용,남,54세,상해없음,승용,여,44세,경상
2015072600100244,2015년 7월 26일 13시,일요일,충청남도 천안시 서북구 신당동,경상사고,0,0,1,0,차량단독 - 기타,안전운전불이행,건조,맑음,교차로 - 교차로안,자전거,남,10세,경상,,,,
2015072600100270,2015년 7월 26일 14시,일요일,충청남도 천안시 서북구 백석동,경상사고,0,0,2,0,차대차 - 측면직각충돌,안전거리미확보,건조,맑음,단일로 - 기타,승용,여,50세,상해없음,원동기,남,64세,경상
2015072700100017,2015년 7월 27일 01시,월요일,충청남도 천안시 서북구 두정동,경상사고,0,0,2,0,차대차 - 측면직각충돌,신호위반,건조,맑음,교차로 - 교차로안,승용,남,62세,상해없음,승용,남,56세,경상
2015072700100018,2015년 7월 27일 01시,월요일,충청남도 천안시 동남구 봉명동,중상사고,0,1,0,0,차대차 - 기타,중앙선침범,건조,맑음,단일로 - 기타,승용,남,48세,상해없음,이륜,남,31세,중상
2015072700100077,2015년 7월 27일 07시,월요일,충청남도 천안시 서북구 성성동,경상사고,0,0,1,0,차대차 - 기타,안전운전불이행,건조,맑음,교차로 - 교차로안,화물,남,55세,상해없음,승용,여,51세,경상
2015072700100103,2015년 7월 27일 08시,월요일,충청남도 천안시 서북구 직산읍,경상사고,0,0,1,0,차대차 - 기타,안전거리미확보,건조,맑음,단일로 - 기타,승합,남,57세,상해없음,승용,여,30세,경상
2015072700100104,2015년 7월 27일 08시,월요일,충청남도 천안시 서북구 차암동,경상사고,0,0,1,0,차대차 - 기타,안전운전불이행,건조,맑음,교차로 - 교차로안,승용,남,25세,상해없음,승용,남,27세,경상
2015072700100186,2015년 7월 27일 10시,월요일,충청남도 천안시 서북구 성거읍,중상사고,0,1,0,0,차대차 - 기타,안전운전불이행,건조,맑음,단일로 - 기타,화물,남,56세,상해없음,원동기,남,60세,중상
2015072700100299,2015년 7월 27일 14시,월요일,충청남도 천안시 서북구 직산읍,중상사고,0,1,0,0,차대차 - 기타,교차로운행방법위반,건조,맑음,교차로 - 교차로안,화물,남,35세,상해없음,원동기,남,77세,중상
2015072700100425,2015년 7월 27일 17시,월요일,충청남도 천안시 서북구 성거읍,경상사고,0,0,4,0,차대차 - 추돌 - 진행중,안전운전불이행,건조,흐림,단일로 - 기타,승용,남,54세,상해없음,승용,여,50세,경상
2015072700100501,2015년 7월 27일 19시,월요일,충청남도 천안시 서북구 두정동,중상사고,0,1,0,0,차대차 - 추돌 - 진행중,안전운전불이행,건조,맑음,단일로 - 기타,원동기,남,45세,중상,승용,남,61세,상해없음
2015072700100631,2015년 7월 27일 23시,월요일,충청남도 천안시 동남구 신방동,경상사고,0,0,1,0,차대차 - 기타,안전운전불이행,건조,맑음,교차로 - 교차로안,승용,남,38세,상해없음,이륜,남,18세,경상
2015072800100156,2015년 7월 28일 09시,화요일,충청남도 천안시 서북구 성정동,중상사고,0,1,0,0,차대사람 - 기타,안전운전불이행,건조,맑음,교차로 - 교차로안,화물,남,25세,기타불명,보행자,남,55세,중상
2015072800100157,2015년 7월 28일 09시,화요일,충청남도 천안시 동남구 안서동,중상사고,0,3,0,0,차대차 - 측면직각충돌,중앙선침범,건조,맑음,교차로 - 교차로부근,승용,남,36세,중상,승용,남,48세,중상
2015072800100290,2015년 7월 28일 13시,화요일,충청남도 천안시 동남구 용곡동,경상사고,0,0,1,0,차대차 - 측면직각충돌,직진우회전진행방해,건조,맑음,교차로 - 교차로안,자전거,남,47세,경상,승용,여,53세,상해없음