사고번호,사고일시,요일,시군구,사고내용,사망자수,중상자수,경상자수,부상신고자수,사고유형,법규위반,노면상태,기상상태,도로형태,가해운전자 차종,가해운전자 성별,가해운전자 연령,가해운전자 상해정도,피해운전자 차종,피해운전자 성별,피해운전자 연령,피해운전자 상해정도
2015090100100387,2015년 9월 1일 15시,화요일,충청남도 천안시 서북구 불당동,경상사고,0,0,1,0,차대차 - 추돌 - 진행중,안전운전불이행,건조,맑음,단일로 - 기타,화물,남,57세,상해없음,승용,남,49세,경상
2015090100100560,2015년 9월 1일 19시,화요일,충청남도 천안시 동남구 목천읍,경상사고,0,0,1,0,차대차 - 추돌 - 주정차중,안전운전불이행,적설,맑음,단일로 - 기타,화물,남,63세,상해없음,승용,남,39세,경상
2015090100100608,2015년 9월 1일 20시,화요일,충청남도 천안시 동남구 신부동,중상사고,0,1,0,0,차대사람 - 기타,신호위반,건조,맑음,교차로 - 교차로부근,승용,남,48세,상해없음,보행자,남,58세,중상
2015090100100687,2015년 9월 1일 22시,화요일,충청남도 천안시 동남구 봉명동,경상사고,0,0,1,0,차대차 - 추돌 - 주정차중,안전운전불이행,건조,맑음,단일로 - 기타,승용,남,68세,상해없음,승용,남,26세,경상
2015090200100028,2015년 9월 2일 01시,수요일,충청남도 천안시 서북구 성환읍,경상사고,0,0,1,0,차량단독 - 공작물충돌,안전운전불이행,건조,맑음,기타 - 기타,이륜,남,28세,경상,,,,
2015090200100252,2015년 9월 2일 12시,수요일,충청남도 천안시 서북구 성정동,중상사고,0,1,0,0,차대사람 - 횡단중,보행자보호의무위반,건조,맑음,단일로 - 횡단보도상,승합,남,50세,상해없음,보행자,남,31세,중상
2015090200100342,2015년 9월 2일 15시,수요일,충청남도 천안시 서북구 두정동,경상사고,0,0,1,0,차대차 - 추돌 - 주정차중,안전운전불이행,건조,맑음,기타 - 기타,승용,남,44세,상해없음,승용,남,38세,경상
2015090200100619,2015년 9월 2일 21시,수요일,충청남도 천안시 서북구 부대동,사망사고,1,0,0,0,차대사람 - 횡단중,안전운전불이행,건조,맑음,단일로 - 기타,승용,남,33세,상해없음,보행자,남,65세,사망
2015090200100678,2015년 9월 2일 23시,수요일,충청남도 천안시 동남구 풍세면,경상사고,0,0,4,0,차대차 - 추돌 - 진행중,중앙선침범,건조,맑음,교차로 - 교차로부근,화물,남,48세,상해없음,승용,여,44세,경상
2015090300100095,2015년 9월 3일 05시,목요일,충청남도 천안시 서북구 성정동,경상사고,0,0,5,0,차대차 - 측면직각충돌,안전운전불이행,건조,맑음,교차로 - 교차로안,화물,남,48세,상해없음,승용,남,30세,경상
2015090300100096,2015년 9월 3일 05시,목요일,충청남도 천안시 서북구 성거읍,경상사고,0,0,1,0,차대차 - 기타,안전운전불이행,건조,맑음,단일로 - 기타,승용,남,34세,상해없음,화물,남,52세,경상
2015090300100354,2015년 9월 3일 14시,목요일,충청남도 천안시 서북구 불당동,중상사고,0,1,0,0,차대차 - 기타,교차로운행방법위반,건조,맑음,교차로 - 교차로부근,승용,남,64세,상해없음,원동기,남,28세,중상
2015090300100355,2015년 9월 3일 14시,목요일,충청남도 천안시 서북구 두정동,경상사고,0,0,2,0,차대사람 - 횡단중,안전운전불이행,건조,맑음,교차로 - 교차로부근,승용,남,58세,상해없음,보행자,여,23세,경상
2015090300100358,2015년 9월 3일 14시,목요일,충청남도 천안시 동남구 목천읍,경상사고,0,0,2,0,차대차 - 추돌 - 진행중,안전거리미확보,건조,맑음,교차로 - 교차로부근,승용,남,31세,상해없음,승용,남,45세,경상
2015090300100421,2015년 9월 3일 16시,목요일,충청남도 천안시 서북구 성정동,경상사고,0,0,1,0,차대차 - 추돌 - 주정차중,안전운전불이행,건조,맑음,단일로 - 기타,승용,남,54세,상해없음,승용,여,48세,경상
2015090300100507,2015년 9월 3일 18시,목요일,충청남도 천안시 동남구 신부동,경상사고,0,0,1,0,차대차 - 추돌 - 주정차중,안전운전불이행,건조,맑음,교차로 - 교차로부근,승용,남,43세,상해없음,승용,남,52세,경상
2015090300100540,2015년 9월 3일 19시,목요일,충청남도 천안시 서북구 성정동,중상사고,0,1,0,0,차대차 - 정면충돌,교차로운행방법위반,건조,맑음,교차로 - 교차로안,승용,남,44세,상해없음,자전거,남,45세,중상
2015090300100639,2015년 9월 3일 22시,목요일,충청남도 천안시 서북구 두정동,경상사고,0,0,1,0,차대차 - 추돌 - 주정차중,안전운전불이행,건조,맑음,기타 - 기타,승용,남,30세,상해없음,승용,남,39세,경상
2015090400100045,2015년 9월 4일 03시,금요일,충청남도 천안시 서북구 쌍용동,경상사고,0,0,2,0,차량단독 - 공작물충돌,안전운전불이행,건조,맑음,단일로 - 기타,원동기,남,17세,경상,,,,
2015090400100213,2015년 9월 4일 10시,금요일,충청남도 천안시 서북구 직산읍,중상사고,0,1,1,0,차대차 - 추돌 - 주정차중,안전운전불이행,건조,맑음,단일로 - 기타,화물,남,43세,상해없음,화물,남,55세,중상
2015090400100327,2015년 9월 4일 14시,금요일,충청남도 천안시 서북구 직산읍,경상사고,0,0,2,0,차대차 - 추돌 - 주정차중,안전운전불이행,건조,맑음,단일로 - 기타,승용,남,29세,상해없음,승용,남,25세,경상
2015090400100490,2015년 9월 4일 18시,금요일,충청남도 천안시 서북구 성환읍,중상사고,0,1,0,0,차대차 - 측면직각충돌,교차로운행방법위반,건조,맑음,교차로 - 교차로안,원동기,남,62세,상해없음,승용,남,66세,상해없음
2015090400100655,2015년 9월 4일 22시,금요일,충청남도 천안시 서북구 성정동,경상사고,0,0,1,0,차대차 - 추돌 - 주정차중,안전운전불이행,건조,맑음,교차로 - 교차로부근,승용,남,37세,상해없음,승용,여,49세,경상
2015090500100037,2015년 9월 5일 01시,토요일,충청남도 천안시 서북구 성정동,경상사고,0,0,2,0,차대차 - 측면직각충돌,안전운전불이행,건조,맑음,교차로 - 교차로안,승용,남,28세,상해없음,승용,남,41세,경상
2015090500100059,2015년 9월 5일 02시,토요일,충청남도 천안시 서북구 두정동,경상사고,0,0,1,0,차대사람 - 차도통행중,안전운전불이행,건조,맑음,기타 - 기타,승용,남,27세,상해없음,보행자,남,20세,경상
2015090500100152,2015년 9월 5일 08시,토요일,충청남도 천안시 서북구 두정동,중상사고,0,1,0,0,차대차 - 측면직각충돌,교차로운행방법위반,건조,맑음,교차로 - 교차로안,승용,남,55세,상해없음,이륜,남,80세,중상
2015090500100284,2015년 9월 5일 12시,토요일,충청남도 천안시 서북구 쌍용동,중상사고,0,1,0,0,차대차 - 기타,안전운전불이행,건조,맑음,단일로 - 기타,승합,남,48세,상해없음,승용,여,67세,중상
2015090500100406,2015년 9월 5일 15시,토요일,충청남도 천안시 서북구 신당동,경상사고,0,0,2,0,차대차 - 추돌 - 진행중,안전운전불이행,건조,맑음,단일로 - 기타,승용,남,54세,상해없음,승용,남,23세,경상
2015090500100407,2015년 9월 5일 15시,토요일,충청남도 천안시 서북구 성정동,경상사고,0,0,1,0,차대차 - 기타,직진우회전진행방해,습기,맑음,교차로 - 교차로안,승용,남,51세,상해없음,원동기,남,53세,경상
2015090500100515,2015년 9월 5일 18시,토요일,충청남도 천안시 서북구 성거읍,사망사고,1,0,0,0,차대차 - 정면충돌,중앙선침범,건조,맑음,단일로 - 기타,승용,남,47세,사망,승합,남,47세,상해없음
2015090500100558,2015년 9월 5일 19시,토요일,충청남도 천안시 동남구 사직동,중상사고,0,1,0,0,차대차 - 측면직각충돌,교차로운행방법위반,건조,맑음,교차로 - 교차로안,승용,여,39세,상해없음,원동기,남,75세,중상
2015090600100148,2015년 9월 6일 09시,일요일,충청남도 천안시 서북구 백석동,경상사고,0,0,5,0,차대차 - 추돌 - 진행중,교차로운행방법위반,건조,맑음,교차로 - 교차로부근,승용,남,72세,상해없음,승용,남,58세,경상
2015090600100190,2015년 9월 6일 11시,일요일,충청남도 천안시 동남구 청수동,경상사고,0,0,5,0,차대차 - 측면직각충돌,신호위반,건조,맑음,교차로 - 교차로안,승용,여,32세,상해없음,승합,남,41세,경상
2015090600100239,2015년 9월 6일 13시,일요일,충청남도 천안시 동남구 신방동,경상사고,0,0,1,0,차대차 - 추돌 - 진행중,중앙선침범,건조,맑음,단일로 - 기타,승용,남,55세,상해없음,이륜,남,31세,경상
2015090600100273,2015년 9월 6일 14시,일요일,충청남도 천안시 서북구 부대동,경상사고,0,0,1,0,차대차 - 기타,교차로운행방법위반,건조,맑음,단일로 - 기타,화물,남,53세,상해없음,승용,여,59세,경상
2015090600100378,2015년 9월 6일 17시,일요일,충청남도 천안시 동남구 신부동,경상사고,0,0,1,0,차대사람 - 횡단중,안전운전불이행,건조,맑음,단일로 - 횡단보도부근,승용,남,50세,상해없음,보행자,여,17세,경상
2015090600100465,2015년 9월 6일 20시,일요일,충청남도 천안시 서북구 성정동,중상사고,0,1,0,0,차대차 - 측면직각충돌,신호위반,건조,맑음,교차로 - 교차로안,승용,남,43세,상해없음,이륜,남,32세,중상
2015090600100522,2015년 9월 6일 22시,일요일,충청남도 천안시 서북구 쌍용동,경상사고,0,0,1,0,차량단독 - 기타,안전운전불이행,건조,맑음,교차로 - 교차로부근,승용,남,50세,상해없음,,,,
2015090700100060,2015년 9월 7일 06시,월요일,충청남도 천안시 동남구 북면,중상사고,0,1,0,0,차대차 - 추돌 - 진행중,안전운전불이행,건조,맑음,단일로 - 기타,승합,남,43세,상해없음,자전거,남,79세,중상
2015090700100091,2015년 9월 7일 07시,월요일,충청남도 천안시 동남구 원성동,경상사고,0,0,1,0,차대차 - 측면직각충돌,안전운전불이행,건조,맑음,교차로 - 교차로안,승용,남,47세,상해없음,자전거,남,55세,경상
2015090700100221,2015년 9월 7일 10시,월요일,충청남도 천안시 동남구 청당동,경상사고,0,0,2,0,차대차 - 추돌 - 진행중,신호위반,건조,맑음,교차로 - 교차로안,승용,여,41세,상해없음,승용,여,32세,경상
2015090700100328,2015년 9월 7일 13시,월요일,충청남도 천안시 동남구 성남면,중상사고,0,1,0,0,차대차 - 추돌 - 진행중,안전운전불이행,건조,맑음,단일로 - 기타,화물,남,57세,상해없음,자전거,남,59세,중상
2015090700100364,2015년 9월 7일 14시,월요일,충청남도 천안시 서북구 성거읍,중상사고,0,1,0,0,차대차 - 측면직각충돌,안전운전불이행,건조,맑음,단일로 - 기타,원동기,남,81세,중상,승용,여,29세,상해없음
2015090800100031,2015년 9월 8일 01시,화요일,충청남도 천안시 동남구 구성동,경상사고,0,0,1,0,차대차 - 추돌 - 진행중,안전운전불이행,건조,맑음,교차로 - 교차로부근,화물,남,47세,상해없음,승용,남,22세,경상
2015090800100042,2015년 9월 8일 02시,화요일,충청남도 천안시 동남구 신방동,중상사고,0,1,0,0,차량단독 - 공작물충돌,안전운전불이행,건조,맑음,단일로 - 기타,이륜,남,18세,상해없음,,,,
2015090800100081,2015년 9월 8일 06시,화요일,충청남도 천안시 동남구 동면,중상사고,0,1,1,0,차대차 - 추돌 - 진행중,중앙선침범,건조,맑음,단일로 - 기타,승용,남,28세,경상,화물,남,59세,중상
2015090800100282,2015년 9월 8일 11시,화요일,충청남도 천안시 동남구 대흥동,중상사고,0,1,0,0,차대사람 - 횡단중,보행자보호의무위반,건조,맑음,단일로 - 횡단보도상,승용,남,60세,상해없음,보행자,여,82세,중상
2015090800100379,2015년 9월 8일 14시,화요일,충청남도 천안시 동남구 풍세면,경상사고,0,0,1,0,차량단독 - 공작물충돌,안전운전불이행,건조,맑음,단일로 - 기타,승용,여,59세,경상,,,,
2015090800100419,2015년 9월 8일 15시,화요일,충청남도 천안시 동남구 안서동,경상사고,0,0,2,0,차대차 - 측면직각충돌,안전운전불이행,건조,맑음,단일로 - 기타,승용,남,33세,상해없음,이륜,남,20세,경상
2015090800100469,2015년 9월 8일 16시,화요일,충청남도 천안시 동남구 원성동,경상사고,0,0,2,0,차대차 - 추돌 - 주정차중,안전운전불이행,건조,맑음,단일로 - 기타,화물,남,53세,상해없음,화물,남,36세,경상
2015090800100664,2015년 9월 8일 20시,화요일,충청남도 천안시 동남구 신부동,경상사고,0,0,1,0,차대차 - 정면충돌,안전운전불이행,건조,맑음,단일로 - 기타,이륜,남,59세,경상,승용,남,22세,상해없음
2015090800100665,2015년 9월 8일 20시,화요일,충청남도 천안시 동남구 용곡동,경상사고,0,0,1,0,차대차 - 측면직각충돌,중앙선침범,건조,맑음,단일로 - 기타,승용,여,48세,상해없음,자전거,남,36세,경상
2015090800100704,2015년 9월 8일 21시,화요일,충청남도 천안시 서북구 두정동,경상사고,0,0,1,0,차대사람 - 기타,안전운전불이행,건조,맑음,단일로 - 기타,승용,남,39세,상해없음,보행자,남,26세,경상
2015090800100705,2015년 9월 8일 21시,화요일,충청남도 천안시 동남구 목천읍,경상사고,0,0,1,0,차대사람 - 차도통행중,안전운전불이행,건조,맑음,단일로 - 기타,승용,남,62세,상해없음,보행자,남,55세,경상
2015090800100739,2015년 9월 8일 22시,화요일,충청남도 천안시 서북구 백석동,경상사고,0,0,2,0,차대차 - 측면직각충돌,신호위반,건조,맑음,교차로 - 교차로안,승용,남,32세,경상,승용,여,46세,경상
2015090800100740,2015년 9월 8일 22시,화요일,충청남도 천안시 동남구 청수동,경상사고,0,0,1,0,차대차 - 추돌 - 주정차중,안전운전불이행,건조,맑음,단일로 - 기타,승용,남,22세,상해없음,승용,남,23세,경상
2015090900100019,2015년 9월 9일 00시,수요일,충청남도 천안시 동남구 목천읍,중상사고,0,2,1,0,차량단독 - 공작물충돌,안전운전불이행,건조,맑음,단일로 - 기타,승용,남,18세,경상,,,,
2015090900100108,2015년 9월 9일 07시,수요일,충청남도 천안시 동남구 청당동,중상사고,0,1,0,0,차대차 - 측면직각충돌,신호위반,건조,맑음,교차로 - 교차로안,승용,남,28세,상해없음,승용,남,35세,중상
2015090900100236,2015년 9월 9일 10시,수요일,충청남도 천안시 동남구 청당동,경상사고,0,0,2,0,차대차 - 측면직각충돌,교차로운행방법위반,건조,맑음,교차로 - 교차로안,승용,여,51세,상해없음,승용,여,57세,경상
2015090900100267,2015년 9월 9일 11시,수요일,충청남도 천안시 서북구 성환읍,경상사고,0,0,1,0,차대차 - 기타,안전운전불이행,건조,맑음,단일로 - 기타,화물,남,54세,상해없음,승용,여,31세,경상
2015090900100268,2015년 9월 9일 11시,수요일,충청남도 천안시 동남구 목천읍,중상사고,0,1,0,0,차대차 - 추돌 - 주정차중,안전운전불이행,건조,맑음,단일로 - 기타,화물,남,40세,중상,화물,남,48세,상해없음
2015090900100402,2015년 9월 9일 15시,수요일,충청남도 천안시 서북구 성거읍,경상사고,0,0,1,0,차대차 - 측면직각충돌,신호위반,건조,맑음,교차로 - 교차로안,승용,여,60세,상해없음,승용,남,75세,경상
2015090900100460,2015년 9월 9일 16시,수요일,충청남도 천안시 동남구 봉명동,중상사고,0,1,0,0,차대사람 - 길가장자리구역통행중,안전운전불이행,건조,맑음,단일로 - 기타,승용,남,47세,상해없음,보행자,여,28세,중상
2015090900100461,2015년 9월 9일 16시,수요일,충청남도 천안시 동남구 북면,중상사고,0,1,0,0,차대차 - 정면충돌,안전운전불이행,건조,맑음,단일로 - 기타,승용,남,73세,상해없음,승용,여,56세,중상
2015090900100523,2015년 9월 9일 17시,수요일,충청남도 천안시 서북구 두정동,경상사고,0,0,4,0,차대차 - 추돌 - 주정차중,안전운전불이행,건조,맑음,교차로 - 교차로부근,승용,남,58세,상해없음,승용,남,22세,경상
2015090900100526,2015년 9월 9일 17시,수요일,충청남도 천안시 동남구 청수동,경상사고,0,0,1,0,차대사람 - 횡단중,교차로운행방법위반,건조,맑음,단일로 - 기타,승용,남,80세,상해없음,보행자,남,11세,경상
2015091000100114,2015년 9월 10일 07시,목요일,충청남도 천안시 서북구 직산읍,경상사고,0,0,2,0,차대차 - 기타,안전운전불이행,건조,맑음,단일로 - 기타,승용,남,67세,상해없음,승용,여,29세,경상
2015091000100432,2015년 9월 10일 15시,목요일,충청남도 천안시 서북구 성성동,경상사고,0,0,1,0,차대차 - 추돌 - 진행중,과속,건조,맑음,단일로 - 기타,승용,남,25세,상해없음,승용,여,52세,경상
2015091000100474,2015년 9월 10일 16시,목요일,충청남도 천안시 동남구 성남면,경상사고,0,0,1,0,차대차 - 추돌 - 진행중,안전운전불이행,건조,맑음,단일로 - 기타,승용,여,60세,상해없음,화물,남,25세,상해없음
2015091000100648,2015년 9월 10일 20시,목요일,충청남도 천안시 동남구 구성동,경상사고,0,0,1,0,차대사람 - 횡단중,안전운전불이행,건조,맑음,단일로 - 기타,승용,남,34세,상해없음,보행자,남,39세,경상
2015091100100150,2015년 9월 11일 08시,금요일,충청남도 천안시 동남구 수신면,중상사고,0,2,0,0,차대차 - 측면직각충돌,직진우회전진행방해,건조,맑음,교차로 - 교차로안,승용,여,35세,중상,화물,여,56세,중상
2015091100100324,2015년 9월 11일 13시,금요일,충청남도 천안시 서북구 입장면,중상사고,0,1,0,0,차대차 - 측면직각충돌,안전운전불이행,건조,흐림,기타 - 기타,승용,남,37세,상해없음,승용,남,59세,중상
2015091100100389,2015년 9월 11일 15시,금요일,충청남도 천안시 동남구 신부동,경상사고,0,0,1,0,차대차 - 기타,안전운전불이행,습기,비,단일로 - 기타,승용,남,55세,상해없음,승용,여,56세,경상
2015091100100519,2015년 9월 11일 18시,금요일,충청남도 천안시 서북구 두정동,경상사고,0,0,2,0,차대차 - 추돌 - 주정차중,안전운전불이행,건조,맑음,단일로 - 기타,승합,여,45세,상해없음,승용,남,30세,경상
2015091100100657,2015년 9월 11일 20시,금요일,충청남도 천안시 동남구 다가동,경상사고,0,0,5,0,차대차 - 추돌 - 주정차중,안전운전불이행,습기,비,교차로 - 교차로부근,승용,남,53세,상해없음,승용,여,35세,경상
2015091100100706,2015년 9월 11일 21시,금요일,충청남도 천안시 서북구 쌍용동,경상사고,0,0,1,0,차대차 - 측면직각충돌,신호위반,건조,맑음,단일로 - 기타,승용,남,56세,상해없음,승용,남,19세,경상
2015091200100025,2015년 9월 12일 00시,토요일,충청남도 천안시 서북구 성거읍,경상사고,0,0,1,0,차대차 - 정면충돌,중앙선침범,습기,비,교차로 - 교차로안,승용,남,64세,상해없음,승용,남,47세,경상
2015091200100077,2015년 9월 12일 02시,토요일,충청남도 천안시 서북구 두정동,중상사고,0,1,0,0,차대사람 - 기타,안전운전불이행,건조,맑음,단일로 - 횡단보도부근,승용,남,29세,상해없음,보행자,남,47세,중상
2015091200100095,2015년 9월 12일 03시,토요일,충청남도 천안시 서북구 두정동,경상사고,0,0,2,0,차대차 - 측면직각충돌,안전운전불이행,습기,맑음,교차로 - 교차로안,승용,남,23세,상해없음,승용,남,47세,경상
2015091200100163,2015년 9월 12일 07시,토요일,충청남도 천안시 동남구 구성동,중상사고,0,1,0,0,차대사람 - 횡단중,안전운전불이행,건조,맑음,단일로 - 기타,원동기,남,57세,상해없음,보행자,여,66세,중상
2015091200100413,2015년 9월 12일 15시,토요일,충청남도 천안시 동남구 북면,중상사고,0,1,1,0,차대차 - 정면충돌,안전운전불이행,건조,맑음,교차로 - 교차로부근,화물,남,46세,상해없음,화물,남,73세,중상
2015091200100455,2015년 9월 12일 16시,토요일,충청남도 천안시 서북구 성정동,중상사고,0,2,1,0,차대차 - 기타,신호위반,건조,맑음,교차로 - 교차로부근,승용,남,46세,상해없음,승용,여,21세,중상
2015091200100456,2015년 9월 12일 16시,토요일,충청남도 천안시 동남구 북면,경상사고,0,0,3,0,차대차 - 측면직각충돌,중앙선침범,건조,맑음,단일로 - 기타,승용,남,30세,상해없음,승용,남,27세,경상
2015091200100586,2015년 9월 12일 19시,토요일,충청남도 천안시 서북구 성거읍,경상사고,0,0,1,0,차대사람 - 기타,안전운전불이행,건조,맑음,단일로 - 기타,승합,남,43세,상해없음,보행자,남,36세,경상
2015091200100588,2015년 9월 12일 19시,토요일,충청남도 천안시 동남구 목천읍,중상사고,0,1,0,0,차대사람 - 차도통행중,안전운전불이행,건조,맑음,단일로 - 기타,승용,여,38세,상해없음,보행자,남,3세,중상
2015091200100629,2015년 9월 12일 20시,토요일,충청남도 천안시 동남구 목천읍,중상사고,0,1,0,0,차대차 - 측면직각충돌,중앙선침범,건조,맑음,교차로 - 교차로부근,기타불명,기타불명,기타불명,기타불명,이륜,남,46세,중상
2015091300100013,2015년 9월 13일 00시,일요일,충청남도 천안시 서북구 성정동,경상사고,0,0,1,0,차대차 - 추돌 - 진행중,안전운전불이행,습기,비,교차로 - 교차로부근,승용,남,37세,상해없음,승용,남,33세,경상
2015091300100014,2015년 9월 13일 00시,일요일,충청남도 천안시 서북구 백석동,경상사고,0,0,1,0,차량단독 - 기타,안전운전불이행,습기,맑음,단일로 - 기타,승용,남,52세,상해없음,,,,
2015091300100038,2015년 9월 13일 01시,일요일,충청남도 천안시 동남구 목천읍,중상사고,0,1,0,1,차량단독 - 공작물충돌,안전운전불이행,건조,맑음,교차로 - 교차로부근,승용,여,31세,부상신고,,,,
2015091300100087,2015년 9월 13일 05시,일요일,충청남도 천안시 서북구 두정동,경상사고,0,0,1,0,차대차 - 정면충돌,중앙선침범,건조,맑음,교차로 - 교차로부근,승용,남,26세,상해없음,승용,남,36세,경상
2015091300100101,2015년 9월 13일 06시,일요일,충청남도 천안시 서북구 불당동,중상사고,0,1,0,0,차대차 - 추돌 - 진행중,안전운전불이행,습기,비,단일로 - 기타,승용,남,21세,상해없음,특수,남,38세,중상
2015091300100117,2015년 9월 13일 07시,일요일,충청남도 천안시 동남구 영성동,경상사고,0,0,2,0,차대차 - 측면직각충돌,안전운전불이행,건조,맑음,단일로 - 기타,승용,여,65세,경상,화물,남,34세,경상
2015091300100210,2015년 9월 13일 11시,일요일,충청남도 천안시 서북구 성거읍,경상사고,0,0,1,0,차대차 - 추돌 - 진행중,안전거리미확보,건조,맑음,단일로 - 기타,승합,남,61세,상해없음,승용,여,42세,경상
2015091300100308,2015년 9월 13일 14시,일요일,충청남도 천안시 서북구 성거읍,경상사고,0,0,1,0,차대차 - 추돌 - 진행중,안전운전불이행,건조,맑음,단일로 - 기타,승합,남,60세,상해없음,승합,남,43세,상해없음
2015091300100531,2015년 9월 13일 19시,일요일,충청남도 천안시 서북구 쌍용동,경상사고,0,0,2,0,차대차 - 기타,안전운전불이행,건조,맑음,단일로 - 기타,승용,남,22세,경상,승용,여,43세,상해없음
2015091300100534,2015년 9월 13일 19시,일요일,충청남도 천안시 서북구 쌍용동,경상사고,0,0,1,0,차대차 - 기타,안전운전불이행,건조,맑음,교차로 - 교차로안,승합,남,71세,기타불명,승합,남,53세,상해없음
2015091400100008,2015년 9월 14일 00시,월요일,충청남도 천안시 서북구 두정동,경상사고,0,0,2,0,차대차 - 측면직각충돌,신호위반,건조,맑음,교차로 - 교차로안,승용,남,23세,상해없음,승용,남,61세,경상
2015091400100088,2015년 9월 14일 07시,월요일,충청남도 천안시 서북구 두정동,경상사고,0,0,1,0,차대사람 - 횡단중,보행자보호의무위반,건조,맑음,교차로 - 교차로부근,승용,여,49세,상해없음,보행자,여,65세,경상
2015091400100132,2015년 9월 14일 08시,월요일,충청남도 천안시 서북구 두정동,경상사고,0,0,1,0,차대사람 - 횡단중,보행자보호의무위반,건조,맑음,교차로 - 교차로부근,승용,여,50세,상해없음,보행자,여,36세,경상
2015091400100133,2015년 9월 14일 08시,월요일,충청남도 천안시 서북구 신당동,경상사고,0,0,1,0,차대차 - 추돌 - 주정차중,안전운전불이행,건조,맑음,단일로 - 기타,승용,남,21세,기타불명,승용,남,59세,경상
2015091400100236,2015년 9월 14일 11시,월요일,충청남도 천안시 서북구 성환읍,중상사고,0,1,0,0,차대차 - 측면직각충돌,안전운전불이행,건조,맑음,교차로 - 교차로안,원동기,남,68세,중상,승용,남,24세,상해없음
2015091400100464,2015년 9월 14일 17시,월요일,충청남도 천안시 동남구 구룡동,경상사고,0,0,1,0,차대차 - 측면직각충돌,안전거리미확보,건조,맑음,단일로 - 기타,원동기,남,58세,경상,승용,여,61세,상해없음
2015091400100465,2015년 9월 14일 17시,월요일,충청남도 천안시 동남구 성남면,경상사고,0,0,1,0,차대차 - 기타,안전운전불이행,건조,맑음,단일로 - 기타,자전거,남,13세,경상,승용,남,51세,상해없음
2015091400100702,2015년 9월 14일 23시,월요일,충청남도 천안시 서북구 두정동,중상사고,0,1,0,0,차대차 - 정면충돌,안전운전불이행,건조,맑음,기타 - 기타,자전거,남,29세,상해없음,자전거,남,32세,중상
2015091500100044,2015년 9월 15일 04시,화요일,충청남도 천안시 동남구 원성동,경상사고,0,0,1,0,차대차 - 추돌 - 주정차중,안전운전불이행,건조,맑음,교차로 - 교차로부근,승용,남,29세,상해없음,승용,남,62세,경상
2015091500100091,2015년 9월 15일 07시,화요일,충청남도 천안시 서북구 성환읍,경상사고,0,0,1,0,차대차 - 측면직각충돌,교차로운행방법위반,건조,맑음,교차로 - 교차로안,화물,남,63세,상해없음,승용,여,64세,경상
2015091500100195,2015년 9월 15일 09시,화요일,충청남도 천안시 서북구 백석동,중상사고,0,1,0,0,차대사람 - 횡단중,신호위반,건조,맑음,단일로 - 기타,승용,여,35세,상해없음,보행자,여,56세,중상
2015091500100223,2015년 9월 15일 10시,화요일,충청남도 천안시 동남구 목천읍,경상사고,0,0,2,1,차대차 - 추돌 - 주정차중,안전운전불이행,건조,맑음,단일로 - 기타,승용,여,53세,상해없음,승용,남,31세,부상신고
2015091500100448,2015년 9월 15일 16시,화요일,충청남도 천안시 동남구 쌍용동,경상사고,0,0,2,0,차대차 - 측면직각충돌,중앙선침범,건조,맑음,단일로 - 기타,승용,남,46세,상해없음,승용,남,23세,경상
2015091500100540,2015년 9월 15일 18시,화요일,충청남도 천안시 서북구 쌍용동,경상사고,0,0,1,0,차대차 - 정면충돌,신호위반,건조,맑음,교차로 - 교차로안,승용,여,40세,경상,승용,남,21세,상해없음
2015091500100673,2015년 9월 15일 21시,화요일,충청남도 천안시 서북구 성환읍,중상사고,0,1,0,0,차대차 - 정면충돌,직진우회전진행방해,건조,맑음,교차로 - 교차로안,승용,여,36세,상해없음,원동기,남,55세,중상
2015091600100182,2015년 9월 16일 09시,수요일,충청남도 천안시 서북구 성정동,경상사고,0,0,2,0,차대차 - 측면직각충돌,교차로운행방법위반,건조,맑음,교차로 - 교차로안,화물,남,26세,상해없음,화물,여,57세,경상
2015091600100430,2015년 9월 16일 16시,수요일,충청남도 천안시 동남구 신방동,경상사고,0,0,1,0,차대차 - 기타,기타,건조,맑음,단일로 - 기타,승용,남,33세,상해없음,승용,여,50세,경상
2015091600100466,2015년 9월 16일 17시,수요일,충청남도 천안시 서북구 쌍용동,경상사고,0,0,1,0,차대차 - 측면직각충돌,안전운전불이행,건조,맑음,단일로 - 기타,화물,남,63세,상해없음,승용,남,74세,경상
2015091600100467,2015년 9월 16일 17시,수요일,충청남도 천안시 서북구 부대동,경상사고,0,0,1,0,차대차 - 측면직각충돌,안전운전불이행,건조,맑음,단일로 - 기타,승용,여,46세,상해없음,승용,여,51세,경상
2015091600100561,2015년 9월 16일 19시,수요일,충청남도 천안시 서북구 백석동,경상사고,0,0,2,0,차대차 - 추돌 - 진행중,안전운전불이행,건조,맑음,교차로 - 교차로부근,승용,남,62세,상해없음,승용,남,37세,경상
2015091600100698,2015년 9월 16일 22시,수요일,충청남도 천안시 서북구 쌍용동,중상사고,0,2,2,0,차대차 - 기타,중앙선침범,건조,맑음,단일로 - 기타,승용,남,30세,상해없음,승합,남,60세,중상
2015091700100294,2015년 9월 17일 11시,목요일,충청남도 천안시 동남구 신부동,경상사고,0,0,1,0,차대차 - 측면직각충돌,안전운전불이행,건조,맑음,단일로 - 기타,승용,남,32세,상해없음,이륜,남,46세,경상
2015091700100432,2015년 9월 17일 15시,목요일,충청남도 천안시 서북구 직산읍,중상사고,0,2,0,0,차대차 - 추돌 - 진행중,안전운전불이행,건조,맑음,단일로 - 기타,화물,남,53세,상해없음,승용,남,68세,중상