사고번호,사고일시,요일,시군구,사고내용,사망자수,중상자수,경상자수,부상신고자수,사고유형,법규위반,노면상태,기상상태,도로형태,가해운전자 차종,가해운전자 성별,가해운전자 연령,가해운전자 상해정도,피해운전자 차종,피해운전자 성별,피해운전자 연령,피해운전자 상해정도
2015100300100573,2015년 10월 3일 20시,토요일,충청남도 천안시 서북구 성성동,경상사고,0,0,1,0,차대차 - 측면직각충돌,신호위반,건조,맑음,교차로 - 교차로안,화물,남,67세,상해없음,화물,여,50세,경상
2015100300100574,2015년 10월 3일 20시,토요일,충청남도 천안시 서북구 쌍용동,경상사고,0,0,1,0,차대차 - 측면직각충돌,직진우회전진행방해,건조,맑음,교차로 - 교차로안,승용,남,28세,상해없음,승용,남,44세,경상
2015100300100657,2015년 10월 3일 23시,토요일,충청남도 천안시 동남구 봉명동,경상사고,0,0,1,0,차대차 - 측면직각충돌,신호위반,건조,맑음,교차로 - 교차로안,승용,남,38세,상해없음,승용,남,53세,경상
2015100400100027,2015년 10월 4일 01시,일요일,충청남도 천안시 서북구 쌍용동,경상사고,0,0,1,0,차대차 - 측면직각충돌,안전운전불이행,건조,맑음,교차로 - 교차로안,승용,남,30세,상해없음,승용,남,59세,경상
2015100400100214,2015년 10월 4일 13시,일요일,충청남도 천안시 서북구 불당동,경상사고,0,0,4,3,차대차 - 측면직각충돌,신호위반,건조,맑음,교차로 - 교차로안,승용,남,36세,상해없음,승용,남,35세,경상
2015100400100379,2015년 10월 4일 18시,일요일,충청남도 천안시 동남구 사직동,중상사고,0,1,0,0,차대차 - 추돌 - 진행중,안전운전불이행,건조,맑음,교차로 - 교차로안,승용,여,35세,상해없음,이륜,남,60세,중상
2015100400100435,2015년 10월 4일 20시,일요일,충청남도 천안시 동남구 청수동,중상사고,0,1,0,0,차대차 - 측면직각충돌,안전운전불이행,건조,맑음,단일로 - 기타,승용,남,41세,상해없음,이륜,남,17세,중상
2015100500100094,2015년 10월 5일 07시,월요일,충청남도 천안시 서북구 백석동,중상사고,0,1,0,0,차대차 - 측면직각충돌,안전운전불이행,건조,맑음,단일로 - 기타,승합,남,68세,상해없음,이륜,남,25세,중상
2015100500100136,2015년 10월 5일 08시,월요일,충청남도 천안시 서북구 불당동,중상사고,0,3,0,1,차대차 - 측면직각충돌,안전운전불이행,건조,맑음,교차로 - 교차로안,승용,남,31세,부상신고,화물,남,34세,중상
2015100500100137,2015년 10월 5일 08시,월요일,충청남도 천안시 서북구 성환읍,중상사고,0,1,2,0,차대차 - 추돌 - 진행중,안전운전불이행,건조,맑음,단일로 - 기타,화물,남,44세,상해없음,화물,남,39세,경상
2015100500100139,2015년 10월 5일 08시,월요일,충청남도 천안시 동남구 청당동,경상사고,0,0,1,0,차대차 - 기타,안전운전불이행,건조,맑음,교차로 - 교차로부근,화물,기타불명,기타불명,기타불명,승용,여,47세,경상
2015100500100245,2015년 10월 5일 11시,월요일,충청남도 천안시 동남구 봉명동,중상사고,0,1,0,0,차대차 - 추돌 - 주정차중,안전운전불이행,건조,맑음,교차로 - 교차로부근,승용,여,44세,상해없음,화물,여,52세,중상
2015100500100378,2015년 10월 5일 15시,월요일,충청남도 천안시 서북구 불당동,중상사고,0,1,0,0,차대차 - 기타,신호위반,건조,맑음,교차로 - 교차로부근,승용,남,55세,상해없음,자전거,남,12세,중상
2015100500100426,2015년 10월 5일 16시,월요일,충청남도 천안시 동남구 목천읍,경상사고,0,0,1,0,차대차 - 측면직각충돌,안전운전불이행,건조,맑음,단일로 - 기타,화물,남,58세,상해없음,화물,여,64세,경상
2015100500100534,2015년 10월 5일 18시,월요일,충청남도 천안시 서북구 두정동,경상사고,0,0,1,0,차대차 - 기타,안전운전불이행,건조,맑음,단일로 - 기타,화물,남,62세,상해없음,승용,여,44세,경상
2015100500100583,2015년 10월 5일 19시,월요일,충청남도 천안시 동남구 풍세면,중상사고,0,2,0,0,차대사람 - 길가장자리구역통행중,안전운전불이행,건조,맑음,단일로 - 교량,승용,남,62세,상해없음,보행자,남,72세,중상
2015100500100697,2015년 10월 5일 22시,월요일,충청남도 천안시 서북구 입장면,경상사고,0,0,1,0,차대차 - 측면직각충돌,안전운전불이행,건조,맑음,교차로 - 교차로안,승용,남,50세,기타불명,화물,남,36세,경상
2015100600100012,2015년 10월 6일 00시,화요일,충청남도 천안시 서북구 백석동,경상사고,0,0,2,0,차대차 - 추돌 - 주정차중,안전운전불이행,건조,맑음,교차로 - 교차로안,승용,남,44세,상해없음,승용,여,40세,경상
2015100600100069,2015년 10월 6일 05시,화요일,충청남도 천안시 동남구 목천읍,경상사고,0,0,1,0,차량단독 - 전도전복,안전운전불이행,건조,맑음,단일로 - 터널,이륜,남,57세,경상,,,,
2015100600100070,2015년 10월 6일 05시,화요일,충청남도 천안시 동남구 안서동,중상사고,0,1,0,0,차량단독 - 전도전복,안전운전불이행,건조,맑음,단일로 - 기타,이륜,남,71세,중상,,,,
2015100600100183,2015년 10월 6일 09시,화요일,충청남도 천안시 서북구 직산읍,경상사고,0,0,1,0,차대사람 - 횡단중,보행자보호의무위반,건조,맑음,교차로 - 교차로안,승용,남,40세,상해없음,보행자,여,54세,경상
2015100700100077,2015년 10월 7일 06시,수요일,충청남도 천안시 동남구 성남면,경상사고,0,0,2,0,차대차 - 추돌 - 진행중,안전운전불이행,건조,맑음,단일로 - 기타,승용,남,21세,상해없음,승용,여,48세,경상
2015100700100131,2015년 10월 7일 08시,수요일,충청남도 천안시 동남구 신방동,경상사고,0,0,1,0,차대차 - 추돌 - 진행중,안전운전불이행,건조,맑음,단일로 - 기타,자전거,남,78세,경상,승용,남,41세,상해없음
2015100700100174,2015년 10월 7일 09시,수요일,충청남도 천안시 동남구 동면,중상사고,0,1,0,0,차대차 - 추돌 - 진행중,중앙선침범,건조,맑음,기타 - 기타,화물,남,48세,상해없음,이륜,남,68세,중상
2015100700100448,2015년 10월 7일 17시,수요일,충청남도 천안시 서북구 성환읍,경상사고,0,0,2,2,차대차 - 추돌 - 주정차중,안전운전불이행,건조,맑음,단일로 - 기타,승용,남,62세,부상신고,화물,남,44세,경상
2015100700100487,2015년 10월 7일 18시,수요일,충청남도 천안시 서북구 쌍용동,경상사고,0,0,1,0,차대사람 - 횡단중,안전운전불이행,건조,맑음,단일로 - 기타,화물,남,54세,상해없음,보행자,남,66세,경상
2015100800100238,2015년 10월 8일 10시,목요일,충청남도 천안시 동남구 성황동,경상사고,0,0,1,0,차대차 - 측면직각충돌,직진우회전진행방해,건조,맑음,교차로 - 교차로안,승용,남,61세,상해없음,승용,여,48세,경상
2015100800100312,2015년 10월 8일 12시,목요일,충청남도 천안시 동남구 안서동,경상사고,0,0,4,1,차대차 - 측면직각충돌,교차로운행방법위반,건조,맑음,교차로 - 교차로안,승용,여,38세,부상신고,승용,남,19세,경상
2015100800100413,2015년 10월 8일 15시,목요일,충청남도 천안시 동남구 신부동,중상사고,0,1,0,0,차대사람 - 보도통행중,안전운전불이행,건조,맑음,교차로 - 교차로부근,승용,여,32세,상해없음,보행자,여,58세,중상
2015100800100554,2015년 10월 8일 18시,목요일,충청남도 천안시 서북구 쌍용동,중상사고,0,1,0,0,차대차 - 측면직각충돌,안전운전불이행,건조,맑음,교차로 - 교차로안,승용,남,42세,상해없음,이륜,남,66세,중상
2015100800100600,2015년 10월 8일 19시,목요일,충청남도 천안시 동남구 신부동,중상사고,0,1,0,0,차대차 - 측면직각충돌,안전거리미확보,건조,맑음,단일로 - 기타,승합,남,56세,상해없음,원동기,남,25세,중상
2015100800100662,2015년 10월 8일 20시,목요일,충청남도 천안시 동남구 청수동,경상사고,0,0,1,0,차대차 - 측면직각충돌,안전운전불이행,건조,맑음,교차로 - 교차로안,자전거,남,15세,경상,승용,남,52세,상해없음
2015100800100698,2015년 10월 8일 21시,목요일,충청남도 천안시 서북구 백석동,경상사고,0,0,1,0,차대차 - 측면직각충돌,안전운전불이행,건조,맑음,교차로 - 교차로부근,자전거,남,63세,경상,승용,여,33세,상해없음
2015100800100699,2015년 10월 8일 21시,목요일,충청남도 천안시 서북구 불당동,경상사고,0,0,1,0,차대차 - 기타,교차로운행방법위반,건조,맑음,교차로 - 교차로안,승용,여,44세,상해없음,승용,여,28세,경상
2015100900100105,2015년 10월 9일 04시,금요일,충청남도 천안시 서북구 불당동,경상사고,0,0,1,0,차대차 - 기타,안전운전불이행,건조,맑음,미분류 - 미분류,승용,남,35세,기타불명,승용,남,32세,경상
2015100900100454,2015년 10월 9일 16시,금요일,충청남도 천안시 서북구 성환읍,중상사고,0,2,0,0,차대차 - 추돌 - 주정차중,안전운전불이행,건조,맑음,단일로 - 기타,화물,남,40세,상해없음,승용,남,33세,중상
2015100900100584,2015년 10월 9일 19시,금요일,충청남도 천안시 동남구 풍세면,중상사고,0,1,0,1,차대차 - 측면직각충돌,교차로운행방법위반,건조,맑음,교차로 - 교차로안,승용,여,45세,부상신고,승용,남,58세,중상
2015100900100585,2015년 10월 9일 19시,금요일,충청남도 천안시 동남구 문화동,경상사고,0,0,1,0,차대사람 - 차도통행중,안전운전불이행,건조,맑음,단일로 - 기타,자전거,남,21세,상해없음,보행자,여,21세,경상
2015100900100663,2015년 10월 9일 21시,금요일,충청남도 천안시 서북구 백석동,중상사고,0,1,1,0,차대차 - 기타,신호위반,건조,맑음,교차로 - 교차로안,승용,남,39세,상해없음,원동기,남,16세,중상
2015101000100161,2015년 10월 10일 08시,토요일,충청남도 천안시 동남구 대흥동,중상사고,0,1,0,0,차대사람 - 기타,안전운전불이행,건조,맑음,단일로 - 기타,승용,남,46세,상해없음,보행자,여,78세,중상
2015101000100252,2015년 10월 10일 11시,토요일,충청남도 천안시 서북구 성정동,경상사고,0,0,1,0,차대사람 - 횡단중,안전운전불이행,습기,비,단일로 - 기타,원동기,남,36세,상해없음,보행자,여,60세,경상
2015101000100424,2015년 10월 10일 16시,토요일,충청남도 천안시 서북구 성거읍,중상사고,0,1,3,0,차대차 - 추돌 - 진행중,안전거리미확보,습기,비,단일로 - 기타,화물,남,28세,상해없음,승용,남,59세,경상
2015101000100452,2015년 10월 10일 17시,토요일,충청남도 천안시 서북구 불당동,중상사고,0,1,3,1,차대차 - 추돌 - 진행중,안전운전불이행,건조,흐림,단일로 - 기타,승용,남,49세,상해없음,승용,남,39세,경상
2015101000100611,2015년 10월 10일 20시,토요일,충청남도 천안시 서북구 입장면,경상사고,0,0,1,0,차대차 - 측면직각충돌,기타,습기,비,단일로 - 기타,화물,남,42세,상해없음,원동기,남,77세,경상
2015101000100614,2015년 10월 10일 20시,토요일,충청남도 천안시 동남구 신부동,중상사고,0,1,0,1,차대차 - 추돌 - 주정차중,안전운전불이행,습기,비,교차로 - 교차로부근,화물,남,57세,부상신고,승용,남,47세,중상
2015101000100650,2015년 10월 10일 21시,토요일,충청남도 천안시 서북구 성정동,경상사고,0,0,1,0,차대차 - 기타,안전운전불이행,습기,비,단일로 - 기타,승용,남,59세,상해없음,원동기,남,57세,경상
2015101000100732,2015년 10월 10일 23시,토요일,충청남도 천안시 서북구 두정동,경상사고,0,0,2,0,차대차 - 측면직각충돌,신호위반,습기,비,교차로 - 교차로안,승용,남,44세,경상,승용,남,20세,경상
2015101100100038,2015년 10월 11일 01시,일요일,충청남도 천안시 서북구 두정동,경상사고,0,0,1,0,차대사람 - 기타,안전운전불이행,습기,비,교차로 - 교차로부근,승용,남,21세,상해없음,보행자,남,33세,경상
2015101100100053,2015년 10월 11일 02시,일요일,충청남도 천안시 서북구 성정동,경상사고,0,0,1,0,차대차 - 기타,신호위반,습기,비,교차로 - 교차로안,승용,남,67세,상해없음,승용,남,34세,경상
2015101100100086,2015년 10월 11일 05시,일요일,충청남도 천안시 동남구 봉명동,중상사고,0,2,0,0,차대차 - 추돌 - 진행중,안전운전불이행,건조,맑음,단일로 - 기타,승용,남,28세,상해없음,이륜,남,30세,중상
2015101100100214,2015년 10월 11일 12시,일요일,충청남도 천안시 동남구 대흥동,경상사고,0,0,2,0,차대차 - 정면충돌,중앙선침범,건조,맑음,단일로 - 기타,승용,남,26세,상해없음,승용,남,46세,경상
2015101100100263,2015년 10월 11일 14시,일요일,충청남도 천안시 서북구 성정동,경상사고,0,0,1,0,차대차 - 측면직각충돌,안전운전불이행,건조,맑음,단일로 - 기타,승용,남,48세,상해없음,승용,남,54세,경상
2015101100100291,2015년 10월 11일 15시,일요일,충청남도 천안시 서북구 불당동,경상사고,0,0,6,0,차대차 - 추돌 - 주정차중,안전운전불이행,습기,맑음,단일로 - 기타,승용,남,57세,상해없음,승용,남,33세,경상
2015101100100492,2015년 10월 11일 21시,일요일,충청남도 천안시 서북구 입장면,경상사고,0,0,1,0,차대차 - 추돌 - 진행중,안전운전불이행,습기,비,단일로 - 기타,승합,남,53세,기타불명,자전거,남,16세,경상
2015101200100008,2015년 10월 12일 00시,월요일,충청남도 천안시 서북구 성정동,경상사고,0,0,1,0,차대차 - 기타,안전운전불이행,건조,맑음,단일로 - 기타,승용,남,49세,상해없음,승용,남,46세,경상
2015101200100137,2015년 10월 12일 08시,월요일,충청남도 천안시 서북구 쌍용동,중상사고,0,1,0,0,차대차 - 측면직각충돌,교차로운행방법위반,건조,맑음,교차로 - 교차로안,승용,남,35세,상해없음,화물,남,31세,중상
2015101200100138,2015년 10월 12일 08시,월요일,충청남도 천안시 서북구 성성동,경상사고,0,0,1,0,차대차 - 기타,안전운전불이행,건조,맑음,단일로 - 기타,승합,남,55세,상해없음,승용,남,26세,상해없음
2015101200100298,2015년 10월 12일 12시,월요일,충청남도 천안시 서북구 성정동,경상사고,0,0,4,0,차대차 - 측면직각충돌,안전운전불이행,건조,맑음,교차로 - 교차로안,승용,남,64세,상해없음,승용,여,41세,경상
2015101200100369,2015년 10월 12일 14시,월요일,충청남도 천안시 서북구 두정동,경상사고,0,0,1,0,차대차 - 기타,안전운전불이행,건조,맑음,교차로 - 교차로부근,승용,여,31세,상해없음,이륜,남,20세,경상
2015101200100447,2015년 10월 12일 16시,월요일,충청남도 천안시 서북구 성정동,경상사고,0,0,1,0,차대차 - 기타,안전운전불이행,건조,맑음,단일로 - 기타,건설기계,남,43세,상해없음,원동기,남,33세,경상
2015101200100448,2015년 10월 12일 16시,월요일,충청남도 천안시 서북구 두정동,중상사고,0,1,0,0,차대사람 - 횡단중,안전운전불이행,건조,맑음,교차로 - 교차로부근,승용,남,48세,상해없음,보행자,남,25세,중상
2015101200100450,2015년 10월 12일 16시,월요일,충청남도 천안시 동남구 목천읍,경상사고,0,0,1,0,차대사람 - 횡단중,안전운전불이행,건조,맑음,교차로 - 교차로부근,승용,여,44세,상해없음,보행자,남,5세,경상
2015101200100701,2015년 10월 12일 22시,월요일,충청남도 천안시 동남구 청당동,경상사고,0,0,1,0,차대차 - 측면직각충돌,안전운전불이행,건조,맑음,단일로 - 기타,승용,남,42세,상해없음,이륜,남,33세,경상
2015101300100148,2015년 10월 13일 08시,화요일,충청남도 천안시 서북구 백석동,경상사고,0,0,2,0,차대차 - 추돌 - 진행중,안전운전불이행,건조,맑음,단일로 - 기타,건설기계,남,58세,상해없음,승용,여,53세,경상
2015101300100149,2015년 10월 13일 08시,화요일,충청남도 천안시 서북구 백석동,경상사고,0,0,1,0,차대차 - 측면직각충돌,신호위반,건조,맑음,교차로 - 교차로안,승용,남,52세,상해없음,승용,남,33세,경상
2015101300100283,2015년 10월 13일 12시,화요일,충청남도 천안시 동남구 신부동,경상사고,0,0,1,0,차대차 - 추돌 - 진행중,안전운전불이행,건조,맑음,단일로 - 기타,화물,남,57세,상해없음,승용,남,70세,경상
2015101300100648,2015년 10월 13일 21시,화요일,충청남도 천안시 서북구 쌍용동,경상사고,0,0,1,0,차대사람 - 횡단중,보행자보호의무위반,건조,맑음,단일로 - 기타,승용,여,32세,상해없음,보행자,여,66세,경상
2015101300100702,2015년 10월 13일 23시,화요일,충청남도 천안시 동남구 신방동,경상사고,0,0,1,0,차대사람 - 기타,안전운전불이행,건조,맑음,교차로 - 교차로안,승용,남,28세,상해없음,보행자,남,28세,경상
2015101400100028,2015년 10월 14일 01시,수요일,충청남도 천안시 동남구 신방동,중상사고,0,1,0,0,차대차 - 추돌 - 주정차중,안전운전불이행,건조,맑음,교차로 - 교차로부근,승용,여,52세,상해없음,특수,남,40세,중상
2015101400100154,2015년 10월 14일 08시,수요일,충청남도 천안시 동남구 청당동,경상사고,0,0,1,0,차대차 - 기타,안전운전불이행,건조,맑음,교차로 - 교차로안,건설기계,남,58세,상해없음,승용,여,45세,경상
2015101400100288,2015년 10월 14일 12시,수요일,충청남도 천안시 서북구 백석동,중상사고,0,1,0,0,차대차 - 측면직각충돌,신호위반,건조,맑음,교차로 - 교차로안,승용,남,63세,상해없음,승용,여,53세,중상
2015101400100289,2015년 10월 14일 12시,수요일,충청남도 천안시 동남구 신부동,경상사고,0,0,1,0,차대차 - 추돌 - 주정차중,안전운전불이행,건조,맑음,교차로 - 교차로부근,승용,남,64세,상해없음,승용,여,41세,경상
2015101400100345,2015년 10월 14일 14시,수요일,충청남도 천안시 동남구 원성동,경상사고,0,0,1,0,차대차 - 측면직각충돌,안전운전불이행,건조,맑음,교차로 - 교차로안,승용,여,24세,상해없음,이륜,남,49세,경상
2015101400100492,2015년 10월 14일 17시,수요일,충청남도 천안시 서북구 성환읍,경상사고,0,0,2,0,차대차 - 추돌 - 주정차중,안전거리미확보,건조,맑음,교차로 - 교차로안,승용,남,48세,상해없음,승용,남,51세,경상
2015101400100606,2015년 10월 14일 19시,수요일,충청남도 천안시 동남구 신부동,경상사고,0,0,6,0,차대차 - 측면직각충돌,안전운전불이행,건조,맑음,단일로 - 기타,승용,남,70세,상해없음,승용,여,32세,경상
2015101400100607,2015년 10월 14일 19시,수요일,충청남도 천안시 동남구 신방동,중상사고,0,1,1,0,차대사람 - 보도통행중,보행자보호의무위반,건조,맑음,단일로 - 횡단보도상,자전거,남,15세,경상,보행자,남,8세,중상
2015101400100656,2015년 10월 14일 20시,수요일,충청남도 천안시 동남구 신방동,중상사고,0,1,0,0,차대차 - 측면직각충돌,안전운전불이행,건조,맑음,교차로 - 교차로안,승용,남,45세,상해없음,이륜,남,32세,중상
2015101400100724,2015년 10월 14일 22시,수요일,충청남도 천안시 서북구 쌍용동,중상사고,0,1,0,0,차대차 - 기타,신호위반,건조,맑음,교차로 - 교차로부근,승용,여,55세,중상,승합,남,49세,상해없음
2015101400100726,2015년 10월 14일 22시,수요일,충청남도 천안시 동남구 삼룡동,경상사고,0,0,1,0,차대차 - 정면충돌,중앙선침범,건조,맑음,교차로 - 교차로부근,승용,남,29세,상해없음,승용,남,28세,경상
2015101500100020,2015년 10월 15일 01시,목요일,충청남도 천안시 서북구 입장면,경상사고,0,0,3,0,차대차 - 기타,교차로운행방법위반,건조,맑음,교차로 - 교차로부근,승용,남,55세,상해없음,승용,남,48세,경상
2015101500100045,2015년 10월 15일 04시,목요일,충청남도 천안시 서북구 불당동,경상사고,0,0,1,0,차대차 - 측면직각충돌,중앙선침범,건조,맑음,단일로 - 기타,승용,남,24세,상해없음,승용,여,38세,경상
2015101500100057,2015년 10월 15일 05시,목요일,충청남도 천안시 서북구 백석동,중상사고,0,1,0,0,차대차 - 추돌 - 주정차중,안전운전불이행,건조,맑음,교차로 - 교차로부근,승용,남,42세,상해없음,승용,남,36세,중상
2015101500100068,2015년 10월 15일 06시,목요일,충청남도 천안시 서북구 쌍용동,경상사고,0,0,1,0,차대차 - 추돌 - 주정차중,안전운전불이행,건조,맑음,단일로 - 기타,승용,남,46세,상해없음,승용,남,24세,경상
2015101500100425,2015년 10월 15일 17시,목요일,충청남도 천안시 서북구 직산읍,사망사고,1,0,0,0,차대사람 - 횡단중,보행자보호의무위반,건조,맑음,단일로 - 기타,화물,남,46세,상해없음,보행자,남,58세,사망
2015101500100426,2015년 10월 15일 17시,목요일,충청남도 천안시 서북구 쌍용동,경상사고,0,0,1,0,차대차 - 측면직각충돌,중앙선침범,건조,맑음,교차로 - 교차로부근,승용,남,53세,상해없음,원동기,남,17세,경상
2015101600100100,2015년 10월 16일 07시,금요일,충청남도 천안시 동남구 원성동,경상사고,0,0,1,0,차대차 - 추돌 - 진행중,안전운전불이행,건조,맑음,단일로 - 기타,승용,남,29세,상해없음,승용,남,50세,경상
2015101600100473,2015년 10월 16일 17시,금요일,충청남도 천안시 동남구 영성동,중상사고,0,1,0,0,차대차 - 추돌 - 진행중,안전운전불이행,건조,맑음,교차로 - 교차로안,승용,남,44세,상해없음,이륜,남,74세,중상
2015101600100695,2015년 10월 16일 22시,금요일,충청남도 천안시 서북구 성거읍,경상사고,0,0,1,0,차대차 - 측면직각충돌,안전운전불이행,건조,맑음,단일로 - 기타,승용,남,60세,상해없음,승용,남,47세,상해없음
2015101600100736,2015년 10월 16일 23시,금요일,충청남도 천안시 서북구 두정동,사망사고,1,0,0,0,차대차 - 추돌 - 주정차중,안전운전불이행,건조,맑음,단일로 - 기타,승용,남,43세,사망,승합,남,44세,상해없음
2015101600100737,2015년 10월 16일 23시,금요일,충청남도 천안시 서북구 쌍용동,경상사고,0,0,1,0,차대사람 - 횡단중,신호위반,건조,맑음,단일로 - 기타,승용,남,49세,상해없음,보행자,여,25세,경상
2015101700100095,2015년 10월 17일 05시,토요일,충청남도 천안시 서북구 두정동,경상사고,0,0,2,0,차대차 - 측면직각충돌,신호위반,건조,맑음,교차로 - 교차로안,승용,여,43세,상해없음,승용,여,33세,상해없음
2015101700100132,2015년 10월 17일 07시,토요일,충청남도 천안시 서북구 성환읍,경상사고,0,0,1,0,차대차 - 추돌 - 진행중,안전운전불이행,건조,맑음,교차로 - 교차로부근,승용,남,25세,상해없음,승용,남,60세,경상
2015101700100325,2015년 10월 17일 13시,토요일,충청남도 천안시 서북구 쌍용동,경상사고,0,0,1,0,차대사람 - 보도통행중,보행자보호의무위반,건조,맑음,단일로 - 기타,기타불명,기타불명,기타불명,기타불명,보행자,여,45세,경상
2015101700100494,2015년 10월 17일 17시,토요일,충청남도 천안시 서북구 신당동,경상사고,0,0,1,0,차대차 - 기타,안전운전불이행,건조,맑음,교차로 - 교차로안,승용,남,34세,상해없음,자전거,남,21세,경상
2015101700100496,2015년 10월 17일 17시,토요일,충청남도 천안시 동남구 풍세면,경상사고,0,0,1,1,차대차 - 측면직각충돌,불법유턴,건조,맑음,단일로 - 기타,화물,남,52세,부상신고,승용,남,25세,경상
2015101700100542,2015년 10월 17일 18시,토요일,충청남도 천안시 서북구 성정동,경상사고,0,0,1,0,차대차 - 기타,신호위반,건조,맑음,교차로 - 교차로안,승용,남,57세,상해없음,원동기,남,36세,경상
2015101700100647,2015년 10월 17일 20시,토요일,충청남도 천안시 서북구 성정동,경상사고,0,0,1,0,차대차 - 측면직각충돌,교차로운행방법위반,건조,맑음,교차로 - 교차로안,승용,남,48세,상해없음,원동기,남,18세,경상
2015101700100741,2015년 10월 17일 23시,토요일,충청남도 천안시 서북구 성정동,경상사고,0,0,1,0,차대사람 - 차도통행중,안전운전불이행,건조,맑음,교차로 - 교차로부근,승용,남,35세,상해없음,보행자,남,57세,경상
2015101700100742,2015년 10월 17일 23시,토요일,충청남도 천안시 동남구 청수동,경상사고,0,0,2,0,차대차 - 측면직각충돌,안전운전불이행,건조,맑음,교차로 - 교차로안,승용,남,45세,상해없음,승용,남,34세,경상
2015101800100039,2015년 10월 18일 01시,일요일,충청남도 천안시 동남구 목천읍,중상사고,0,1,1,0,차대차 - 측면직각충돌,과속,건조,맑음,교차로 - 교차로안,승용,남,20세,중상,승용,남,39세,경상
2015101800100040,2015년 10월 18일 01시,일요일,충청남도 천안시 동남구 신부동,경상사고,0,0,2,0,차대차 - 측면직각충돌,안전운전불이행,건조,맑음,단일로 - 기타,승용,남,23세,상해없음,승용,남,28세,경상
2015101800100438,2015년 10월 18일 18시,일요일,충청남도 천안시 서북구 직산읍,경상사고,0,0,3,0,차대차 - 추돌 - 주정차중,안전운전불이행,건조,맑음,교차로 - 교차로부근,승용,남,54세,상해없음,승용,여,39세,경상
2015101800100561,2015년 10월 18일 22시,일요일,충청남도 천안시 동남구 신방동,중상사고,0,1,1,0,차대차 - 정면충돌,중앙선침범,건조,맑음,단일로 - 기타,승용,남,62세,상해없음,승용,남,35세,중상
2015101900100269,2015년 10월 19일 12시,월요일,충청남도 천안시 동남구 다가동,경상사고,0,0,1,0,차대사람 - 기타,교차로운행방법위반,건조,맑음,교차로 - 교차로안,승용,남,52세,상해없음,보행자,여,55세,경상
2015101900100377,2015년 10월 19일 15시,월요일,충청남도 천안시 서북구 쌍용동,중상사고,0,1,0,0,차대사람 - 횡단중,보행자보호의무위반,건조,맑음,교차로 - 교차로부근,승용,여,58세,상해없음,보행자,여,31세,중상
2015101900100378,2015년 10월 19일 15시,월요일,충청남도 천안시 서북구 쌍용동,경상사고,0,0,3,0,차대차 - 추돌 - 주정차중,안전운전불이행,건조,맑음,단일로 - 기타,승용,남,55세,상해없음,승용,여,31세,경상
2015101900100420,2015년 10월 19일 16시,월요일,충청남도 천안시 서북구 쌍용동,중상사고,0,1,0,0,차대차 - 측면직각충돌,신호위반,건조,맑음,단일로 - 기타,승용,남,63세,상해없음,원동기,남,76세,중상
2015101900100523,2015년 10월 19일 18시,월요일,충청남도 천안시 서북구 두정동,경상사고,0,0,1,0,차대차 - 측면직각충돌,안전운전불이행,건조,맑음,교차로 - 교차로안,승용,여,40세,상해없음,원동기,남,20세,경상
2015101900100528,2015년 10월 19일 18시,월요일,충청남도 천안시 동남구 구성동,중상사고,0,1,0,0,차대사람 - 기타,안전운전불이행,건조,맑음,단일로 - 기타,승용,남,40세,상해없음,보행자,여,73세,중상
2015101900100581,2015년 10월 19일 19시,월요일,충청남도 천안시 동남구 신부동,중상사고,0,1,0,0,차대차 - 측면직각충돌,안전운전불이행,건조,맑음,단일로 - 기타,승합,남,36세,상해없음,승용,남,62세,상해없음
2015101900100645,2015년 10월 19일 21시,월요일,충청남도 천안시 서북구 불당동,중상사고,0,1,0,0,차대사람 - 횡단중,신호위반,건조,흐림,교차로 - 교차로안,승용,여,50세,상해없음,보행자,남,11세,중상
2015101900100686,2015년 10월 19일 23시,월요일,충청남도 천안시 동남구 청당동,중상사고,0,1,0,0,차대차 - 기타,안전운전불이행,건조,맑음,교차로 - 교차로안,승용,남,26세,상해없음,승용,여,41세,중상
2015102000100089,2015년 10월 20일 07시,화요일,충청남도 천안시 서북구 부대동,경상사고,0,0,1,0,차대차 - 기타,안전운전불이행,건조,맑음,단일로 - 기타,승용,남,45세,상해없음,화물,남,42세,경상
2015102000100131,2015년 10월 20일 08시,화요일,충청남도 천안시 서북구 성환읍,사망사고,1,0,0,0,차대차 - 기타,안전거리미확보,건조,맑음,교차로 - 교차로부근,화물,남,33세,상해없음,이륜,남,24세,사망
2015102000100438,2015년 10월 20일 16시,화요일,충청남도 천안시 서북구 두정동,경상사고,0,0,1,0,차대사람 - 차도통행중,안전운전불이행,건조,맑음,단일로 - 기타,승용,남,47세,상해없음,보행자,남,14세,경상
2015102000100440,2015년 10월 20일 16시,화요일,충청남도 천안시 동남구 신부동,중상사고,0,1,1,0,차대차 - 추돌 - 주정차중,안전운전불이행,건조,맑음,교차로 - 교차로안,승용,남,49세,상해없음,승용,여,30세,중상
2015102000100472,2015년 10월 20일 17시,화요일,충청남도 천안시 서북구 쌍용동,경상사고,0,0,1,0,차대차 - 기타,안전거리미확보,건조,맑음,단일로 - 기타,승용,남,50세,기타불명,승용,남,58세,상해없음
2015102000100622,2015년 10월 20일 20시,화요일,충청남도 천안시 서북구 백석동,경상사고,0,0,1,0,차대사람 - 기타,안전운전불이행,건조,맑음,단일로 - 기타,승용,여,31세,상해없음,보행자,여,59세,경상