사고번호,사고일시,요일,시군구,사고내용,사망자수,중상자수,경상자수,부상신고자수,사고유형,법규위반,노면상태,기상상태,도로형태,가해운전자 차종,가해운전자 성별,가해운전자 연령,가해운전자 상해정도,피해운전자 차종,피해운전자 성별,피해운전자 연령,피해운전자 상해정도
2016011300100011,2016년 1월 13일 00시,수요일,충청남도 천안시 서북구 두정동,경상사고,0,0,1,0,차대차 - 추돌,안전운전불이행,건조,맑음,교차로 - 교차로부근,승용,남,35세,상해없음,승용,남,27세,경상
2016011300100065,2016년 1월 13일 06시,수요일,충청남도 천안시 동남구 봉명동,경상사고,0,0,1,0,차대차 - 정면충돌,안전운전불이행,결빙,눈,교차로 - 교차로안,승합,남,45세,상해없음,자전거,남,68세,경상
2016011300100091,2016년 1월 13일 07시,수요일,충청남도 천안시 서북구 직산읍,중상사고,0,1,0,0,차대사람 - 기타,안전운전불이행,적설,눈,단일로 - 기타,승용,남,69세,상해없음,보행자,여,70세,중상
2016011300100233,2016년 1월 13일 12시,수요일,충청남도 천안시 서북구 성환읍,중상사고,0,1,0,0,차대차 - 기타,신호위반,건조,맑음,교차로 - 교차로부근,승용,여,40세,상해없음,승용,남,58세,중상
2016011300100313,2016년 1월 13일 15시,수요일,충청남도 천안시 서북구 성정동,중상사고,0,1,0,0,차대사람 - 기타,보행자보호의무위반,건조,맑음,단일로 - 횡단보도상,승용,남,35세,상해없음,보행자,남,77세,중상
2016011300100516,2016년 1월 13일 20시,수요일,충청남도 천안시 서북구 성정동,경상사고,0,0,2,0,차대차 - 기타,안전운전불이행,결빙,맑음,교차로 - 교차로부근,원동기,남,33세,상해없음,승용,남,28세,경상
2016011300100546,2016년 1월 13일 21시,수요일,충청남도 천안시 서북구 입장면,경상사고,0,0,2,0,차대차 - 기타,안전운전불이행,결빙,눈,단일로 - 기타,승용,여,36세,경상,승용,여,48세,경상
2016011400100006,2016년 1월 14일 00시,목요일,충청남도 천안시 동남구 신방동,중상사고,0,1,0,0,차량단독 - 전도전복,안전운전불이행,결빙,맑음,단일로 - 기타,승용,남,29세,중상,,,,
2016011400100033,2016년 1월 14일 02시,목요일,충청남도 천안시 서북구 성환읍,중상사고,0,1,1,0,차대사람 - 기타,안전운전불이행,적설,눈,단일로 - 기타,승용,남,34세,상해없음,보행자,여,20세,중상
2016011400100042,2016년 1월 14일 03시,목요일,충청남도 천안시 서북구 직산읍,중상사고,0,2,0,0,차대사람 - 길가장자리구역통행중,안전운전불이행,건조,흐림,단일로 - 기타,승용,남,53세,상해없음,보행자,남,18세,중상
2016011400100077,2016년 1월 14일 06시,목요일,충청남도 천안시 서북구 성거읍,경상사고,0,0,2,0,차대차 - 측면직각충돌,중앙선침범,결빙,눈,교차로 - 교차로부근,승용,여,24세,기타불명,승용,여,64세,경상
2016011400100149,2016년 1월 14일 08시,목요일,충청남도 천안시 동남구 봉명동,경상사고,0,0,1,1,차대차 - 추돌,안전운전불이행,결빙,맑음,단일로 - 기타,승용,여,51세,상해없음,화물,남,47세,경상
2016011400100175,2016년 1월 14일 09시,목요일,충청남도 천안시 서북구 직산읍,경상사고,0,0,1,0,차대차 - 추돌,안전운전불이행,건조,맑음,단일로 - 기타,승용,남,37세,상해없음,승용,남,34세,경상
2016011400100257,2016년 1월 14일 12시,목요일,충청남도 천안시 동남구 신방동,경상사고,0,0,1,0,차대사람 - 횡단중,안전운전불이행,건조,맑음,교차로 - 교차로부근,화물,남,42세,상해없음,보행자,남,82세,경상
2016011400100316,2016년 1월 14일 14시,목요일,충청남도 천안시 서북구 백석동,경상사고,0,0,1,0,차대차 - 추돌,안전운전불이행,건조,맑음,단일로 - 기타,건설기계,남,51세,상해없음,화물,남,37세,경상
2016011400100434,2016년 1월 14일 18시,목요일,충청남도 천안시 동남구 병천면,경상사고,0,0,1,0,차대차 - 정면충돌,중앙선침범,건조,맑음,단일로 - 기타,승용,남,36세,상해없음,승용,남,33세,경상
2016011400100599,2016년 1월 14일 23시,목요일,충청남도 천안시 서북구 성거읍,경상사고,0,0,1,0,차대차 - 정면충돌,안전운전불이행,건조,맑음,단일로 - 기타,화물,남,28세,상해없음,화물,남,58세,경상
2016011500100033,2016년 1월 15일 02시,금요일,충청남도 천안시 서북구 두정동,경상사고,0,0,2,0,차대차 - 정면충돌,안전운전불이행,건조,맑음,단일로 - 기타,승용,남,44세,상해없음,승용,남,34세,경상
2016011500100042,2016년 1월 15일 03시,금요일,충청남도 천안시 서북구 성정동,경상사고,0,0,1,0,차대차 - 기타,안전운전불이행,건조,맑음,기타 - 기타,승용,남,38세,상해없음,화물,남,51세,경상
2016011500100102,2016년 1월 15일 07시,금요일,충청남도 천안시 동남구 병천면,경상사고,0,0,1,0,차대차 - 추돌,중앙선침범,건조,맑음,기타 - 기타,화물,남,52세,상해없음,승용,남,57세,경상
2016011500100281,2016년 1월 15일 14시,금요일,충청남도 천안시 동남구 원성동,경상사고,0,0,1,0,차대차 - 추돌,안전운전불이행,건조,맑음,단일로 - 기타,승용,여,44세,상해없음,승용,남,70세,경상
2016011500100501,2016년 1월 15일 20시,금요일,충청남도 천안시 서북구 성거읍,중상사고,0,1,1,0,차대차 - 정면충돌,안전운전불이행,건조,맑음,단일로 - 기타,기타불명,기타불명,기타불명,기타불명,승용,여,35세,경상
2016011500100598,2016년 1월 15일 23시,금요일,충청남도 천안시 서북구 성거읍,경상사고,0,0,1,0,차대차 - 추돌,안전운전불이행,건조,맑음,교차로 - 교차로부근,승용,남,34세,상해없음,승용,여,45세,경상
2016011500100599,2016년 1월 15일 23시,금요일,충청남도 천안시 서북구 쌍용동,경상사고,0,0,1,0,차대사람 - 보도통행중,보행자보호의무위반,결빙,눈,교차로 - 교차로부근,원동기,남,34세,상해없음,보행자,여,57세,경상
2016011500100600,2016년 1월 15일 23시,금요일,충청남도 천안시 서북구 두정동,경상사고,0,0,3,0,차대차 - 기타,신호위반,건조,맑음,교차로 - 교차로안,승용,남,29세,상해없음,승용,남,52세,경상
2016011600100084,2016년 1월 16일 03시,토요일,충청남도 천안시 서북구 성정동,경상사고,0,0,1,0,차대차 - 기타,안전운전불이행,건조,맑음,교차로 - 교차로부근,승용,남,23세,상해없음,승용,남,27세,경상
2016011600100204,2016년 1월 16일 10시,토요일,충청남도 천안시 서북구 성거읍,경상사고,0,0,1,0,차대차 - 측면직각충돌,신호위반,건조,맑음,단일로 - 기타,특수,남,37세,상해없음,승용,남,44세,경상
2016011600100443,2016년 1월 16일 18시,토요일,충청남도 천안시 서북구 성환읍,중상사고,0,1,1,0,차대차 - 정면충돌,신호위반,건조,맑음,교차로 - 교차로안,승용,여,52세,상해없음,승용,남,49세,중상
2016011600100444,2016년 1월 16일 18시,토요일,충청남도 천안시 서북구 두정동,중상사고,0,1,0,0,차대사람 - 횡단중,보행자보호의무위반,건조,맑음,교차로 - 교차로부근,승합,남,32세,상해없음,보행자,남,24세,중상
2016011600100489,2016년 1월 16일 19시,토요일,충청남도 천안시 서북구 성환읍,사망사고,1,0,0,0,차대사람 - 횡단중,안전운전불이행,건조,맑음,단일로 - 기타,화물,남,58세,상해없음,보행자,여,61세,사망
2016011600100574,2016년 1월 16일 21시,토요일,충청남도 천안시 서북구 입장면,중상사고,0,1,1,0,차대차 - 측면직각충돌,신호위반,건조,맑음,교차로 - 교차로안,원동기,남,16세,중상,승용,여,41세,경상
2016011600100613,2016년 1월 16일 22시,토요일,충청남도 천안시 서북구 성정동,경상사고,0,0,1,0,차대사람 - 기타,안전운전불이행,건조,맑음,교차로 - 교차로안,승용,남,24세,상해없음,보행자,남,18세,경상
2016011700100016,2016년 1월 17일 00시,일요일,충청남도 천안시 서북구 두정동,경상사고,0,0,1,0,차대사람 - 기타,안전운전불이행,건조,흐림,교차로 - 교차로안,승용,남,31세,상해없음,보행자,남,34세,경상
2016011700100097,2016년 1월 17일 05시,일요일,충청남도 천안시 서북구 성정동,중상사고,0,1,0,0,차대사람 - 횡단중,안전운전불이행,건조,맑음,단일로 - 기타,승용,남,51세,상해없음,보행자,남,36세,중상
2016011700100118,2016년 1월 17일 06시,일요일,충청남도 천안시 동남구 구성동,중상사고,0,1,0,0,차대사람 - 횡단중,보행자보호의무위반,건조,맑음,단일로 - 기타,승용,남,52세,상해없음,보행자,여,73세,중상
2016011700100214,2016년 1월 17일 13시,일요일,충청남도 천안시 서북구 입장면,중상사고,0,1,0,0,차대사람 - 길가장자리구역통행중,안전운전불이행,건조,맑음,단일로 - 기타,승용,여,59세,상해없음,보행자,남,10세,중상
2016011700100216,2016년 1월 17일 13시,일요일,충청남도 천안시 동남구 병천면,경상사고,0,0,1,0,차대사람 - 기타,안전운전불이행,건조,맑음,기타 - 기타,승용,남,25세,상해없음,보행자,남,48세,경상
2016011700100280,2016년 1월 17일 16시,일요일,충청남도 천안시 동남구 수신면,중상사고,0,1,0,0,차대차 - 추돌,안전운전불이행,건조,맑음,교차로 - 교차로부근,승용,남,39세,상해없음,승용,여,56세,중상
2016011700100441,2016년 1월 17일 20시,일요일,충청남도 천안시 동남구 구룡동,중상사고,0,1,1,0,차대차 - 측면직각충돌,안전운전불이행,건조,맑음,교차로 - 교차로안,승용,여,47세,상해없음,승용,여,30세,경상
2016011700100442,2016년 1월 17일 20시,일요일,충청남도 천안시 동남구 신부동,경상사고,0,0,1,0,차대사람 - 기타,안전운전불이행,건조,맑음,단일로 - 기타,승용,남,29세,기타불명,보행자,남,38세,경상
2016011700100497,2016년 1월 17일 22시,일요일,충청남도 천안시 동남구 영성동,경상사고,0,0,2,0,차대차 - 측면직각충돌,안전운전불이행,건조,맑음,단일로 - 기타,승용,남,74세,상해없음,승용,남,56세,상해없음
2016011700100525,2016년 1월 17일 23시,일요일,충청남도 천안시 서북구 직산읍,경상사고,0,0,2,0,차대차 - 추돌,안전거리미확보,건조,맑음,교차로 - 교차로부근,승용,남,41세,상해없음,승용,여,48세,경상
2016011800100033,2016년 1월 18일 03시,월요일,충청남도 천안시 동남구 목천읍,경상사고,0,0,1,0,차량단독 - 전도전복,안전운전불이행,결빙,눈,단일로 - 기타,승용,남,46세,경상,,,,
2016011800100174,2016년 1월 18일 09시,월요일,충청남도 천안시 동남구 북면,중상사고,0,1,0,2,차대차 - 정면충돌,중앙선침범,적설,눈,단일로 - 기타,승합,남,52세,상해없음,승용,남,47세,중상
2016011800100199,2016년 1월 18일 10시,월요일,충청남도 천안시 서북구 두정동,경상사고,0,0,2,0,차대차 - 추돌,안전운전불이행,적설,눈,교차로 - 교차로부근,승용,남,54세,상해없음,승용,남,37세,경상
2016011800100200,2016년 1월 18일 10시,월요일,충청남도 천안시 동남구 구성동,경상사고,0,0,2,0,차대차 - 정면충돌,안전운전불이행,습기,눈,단일로 - 기타,화물,남,40세,상해없음,승용,남,51세,경상
2016011800100418,2016년 1월 18일 17시,월요일,충청남도 천안시 서북구 쌍용동,경상사고,0,0,1,0,차대차 - 추돌,안전운전불이행,결빙,눈,교차로 - 교차로부근,승용,남,41세,상해없음,승용,여,42세,경상
2016011900100210,2016년 1월 19일 11시,화요일,충청남도 천안시 서북구 두정동,경상사고,0,0,2,1,차대차 - 측면직각충돌,교차로운행방법위반,적설,눈,교차로 - 교차로안,승용,남,23세,상해없음,승용,남,65세,경상
2016011900100231,2016년 1월 19일 12시,화요일,충청남도 천안시 동남구 목천읍,경상사고,0,0,4,0,차대차 - 측면직각충돌,안전운전불이행,습기,맑음,기타 - 기타,기타불명,기타불명,기타불명,기타불명,승용,남,37세,경상
2016012000100438,2016년 1월 20일 19시,수요일,충청남도 천안시 서북구 성정동,경상사고,0,0,1,0,차대차 - 정면충돌,직진우회전진행방해,습기,맑음,교차로 - 교차로안,승용,남,54세,상해없음,승용,남,46세,경상
2016012000100439,2016년 1월 20일 19시,수요일,충청남도 천안시 서북구 백석동,경상사고,0,0,1,0,차대차 - 정면충돌,신호위반,습기,맑음,교차로 - 교차로안,승용,남,56세,상해없음,이륜,남,35세,경상
2016012100100487,2016년 1월 21일 21시,목요일,충청남도 천안시 서북구 두정동,중상사고,0,1,0,0,차대차 - 측면직각충돌,교차로운행방법위반,건조,맑음,교차로 - 교차로안,승용,남,42세,상해없음,이륜,남,40세,중상
2016012200100008,2016년 1월 22일 00시,금요일,충청남도 천안시 동남구 신부동,경상사고,0,0,1,0,차대차 - 추돌,안전운전불이행,건조,맑음,교차로 - 교차로부근,승용,남,39세,상해없음,승용,남,44세,경상
2016012200100568,2016년 1월 22일 22시,금요일,충청남도 천안시 서북구 두정동,경상사고,0,0,1,0,차대사람 - 기타,안전운전불이행,건조,맑음,단일로 - 기타,승용,남,28세,상해없음,보행자,남,34세,경상
2016012200100612,2016년 1월 22일 23시,금요일,충청남도 천안시 동남구 병천면,경상사고,0,0,2,0,차대차 - 추돌,안전운전불이행,건조,맑음,단일로 - 기타,승용,남,39세,상해없음,승용,남,39세,경상
2016012300100022,2016년 1월 23일 00시,토요일,충청남도 천안시 서북구 성정동,중상사고,0,1,0,0,차대차 - 기타,안전운전불이행,건조,맑음,단일로 - 기타,승용,남,36세,상해없음,원동기,남,19세,중상
2016012300100047,2016년 1월 23일 01시,토요일,충청남도 천안시 서북구 성정동,중상사고,0,1,0,0,차대사람 - 횡단중,보행자보호의무위반,건조,맑음,단일로 - 횡단보도상,원동기,남,17세,상해없음,보행자,여,22세,중상
2016012300100104,2016년 1월 23일 07시,토요일,충청남도 천안시 서북구 성정동,경상사고,0,0,2,0,차대차 - 추돌,안전운전불이행,건조,맑음,미분류 - 미분류,승용,여,32세,상해없음,승용,여,46세,경상
2016012300100406,2016년 1월 23일 19시,토요일,충청남도 천안시 동남구 삼룡동,중상사고,0,1,0,0,차대차 - 측면직각충돌,안전운전불이행,결빙,눈,단일로 - 터널,승용,남,36세,상해없음,승용,남,52세,중상
2016012400100117,2016년 1월 24일 10시,일요일,충청남도 천안시 서북구 두정동,경상사고,0,0,1,0,차대차 - 기타,안전운전불이행,결빙,맑음,교차로 - 교차로안,승용,남,32세,기타불명,승용,남,40세,경상
2016012400100134,2016년 1월 24일 11시,일요일,충청남도 천안시 동남구 원성동,경상사고,0,0,1,0,차대차 - 추돌,안전운전불이행,습기,흐림,단일로 - 기타,승용,남,28세,상해없음,승용,남,44세,경상
2016012400100328,2016년 1월 24일 19시,일요일,충청남도 천안시 동남구 다가동,경상사고,0,0,2,0,차대차 - 정면충돌,안전운전불이행,적설,눈,단일로 - 기타,승용,남,39세,상해없음,승용,남,21세,경상
2016012400100356,2016년 1월 24일 20시,일요일,충청남도 천안시 서북구 쌍용동,경상사고,0,0,1,0,차대차 - 측면직각충돌,안전운전불이행,습기,맑음,단일로 - 기타,승합,남,52세,상해없음,승용,여,34세,경상
2016012500100244,2016년 1월 25일 13시,월요일,충청남도 천안시 동남구 봉명동,중상사고,0,1,0,0,차대차 - 추돌,안전운전불이행,건조,맑음,단일로 - 기타,승용,여,54세,상해없음,승용,여,46세,기타불명
2016012500100273,2016년 1월 25일 14시,월요일,충청남도 천안시 서북구 성정동,경상사고,0,0,2,0,차대차 - 기타,안전운전불이행,결빙,맑음,교차로 - 교차로안,화물,남,53세,상해없음,승용,여,36세,경상
2016012500100557,2016년 1월 25일 22시,월요일,충청남도 천안시 서북구 두정동,경상사고,0,0,1,0,차대사람 - 기타,안전운전불이행,건조,맑음,교차로 - 교차로안,승용,남,33세,상해없음,보행자,남,20세,경상
2016012500100586,2016년 1월 25일 23시,월요일,충청남도 천안시 서북구 쌍용동,중상사고,0,2,0,0,차대차 - 정면충돌,신호위반,적설,눈,교차로 - 교차로안,승용,여,49세,상해없음,승용,여,45세,중상
2016012600100006,2016년 1월 26일 00시,화요일,충청남도 천안시 서북구 두정동,중상사고,0,1,0,0,차대차 - 기타,교차로운행방법위반,적설,눈,교차로 - 교차로안,승용,남,19세,상해없음,원동기,남,34세,중상
2016012600100033,2016년 1월 26일 02시,화요일,충청남도 천안시 서북구 두정동,경상사고,0,0,3,0,차대차 - 기타,안전운전불이행,건조,맑음,교차로 - 교차로부근,승용,남,27세,상해없음,승용,남,19세,경상
2016012600100162,2016년 1월 26일 10시,화요일,충청남도 천안시 서북구 쌍용동,경상사고,0,0,1,0,차대차 - 기타,안전운전불이행,건조,맑음,단일로 - 기타,승용,남,60세,상해없음,승용,여,53세,경상
2016012600100188,2016년 1월 26일 11시,화요일,충청남도 천안시 서북구 직산읍,경상사고,0,0,1,0,차대차 - 기타,교차로운행방법위반,건조,맑음,교차로 - 교차로안,승용,남,25세,상해없음,승용,남,72세,경상
2016012600100461,2016년 1월 26일 19시,화요일,충청남도 천안시 동남구 청수동,경상사고,0,0,1,0,차대차 - 정면충돌,안전운전불이행,건조,맑음,단일로 - 기타,승합,남,52세,상해없음,승용,남,50세,경상
2016012700100030,2016년 1월 27일 01시,수요일,충청남도 천안시 서북구 성환읍,중상사고,0,1,1,0,차량단독 - 기타,안전운전불이행,건조,맑음,단일로 - 기타,승용,남,37세,중상,,,,
2016012700100139,2016년 1월 27일 08시,수요일,충청남도 천안시 서북구 두정동,경상사고,0,0,1,0,차대사람 - 기타,안전운전불이행,건조,맑음,기타 - 기타,승용,남,23세,상해없음,보행자,남,25세,경상
2016012700100140,2016년 1월 27일 08시,수요일,충청남도 천안시 서북구 입장면,경상사고,0,0,2,0,차대차 - 측면직각충돌,중앙선침범,습기,맑음,단일로 - 기타,승용,남,26세,상해없음,승용,남,28세,경상
2016012700100221,2016년 1월 27일 11시,수요일,충청남도 천안시 동남구 신방동,경상사고,0,0,1,0,차대차 - 측면직각충돌,중앙선침범,건조,맑음,교차로 - 교차로부근,화물,남,58세,상해없음,화물,남,49세,경상
2016012700100242,2016년 1월 27일 12시,수요일,충청남도 천안시 서북구 성정동,중상사고,0,1,0,0,차대차 - 기타,안전운전불이행,건조,맑음,교차로 - 교차로안,승용,남,68세,상해없음,이륜,남,57세,중상
2016012700100243,2016년 1월 27일 12시,수요일,충청남도 천안시 서북구 쌍용동,중상사고,0,1,0,0,차대차 - 측면직각충돌,중앙선침범,건조,맑음,단일로 - 기타,승용,여,51세,상해없음,원동기,남,49세,중상
2016012700100245,2016년 1월 27일 12시,수요일,충청남도 천안시 동남구 원성동,중상사고,0,1,0,0,차대사람 - 횡단중,안전운전불이행,건조,맑음,단일로 - 기타,승용,여,66세,상해없음,보행자,여,80세,중상
2016012700100483,2016년 1월 27일 19시,수요일,충청남도 천안시 서북구 두정동,중상사고,0,1,0,0,차대사람 - 횡단중,신호위반,건조,맑음,단일로 - 기타,승합,남,62세,상해없음,보행자,남,18세,중상
2016012800100138,2016년 1월 28일 07시,목요일,충청남도 천안시 서북구 성정동,경상사고,0,0,1,0,차대사람 - 기타,안전운전불이행,건조,맑음,단일로 - 기타,승용,남,39세,상해없음,보행자,남,30세,경상
2016012800100455,2016년 1월 28일 18시,목요일,충청남도 천안시 동남구 봉명동,경상사고,0,0,1,0,차대사람 - 횡단중,안전운전불이행,건조,맑음,단일로 - 기타,승용,여,58세,상해없음,보행자,남,23세,경상
2016012800100548,2016년 1월 28일 20시,목요일,충청남도 천안시 서북구 성정동,중상사고,0,1,0,0,차대차 - 기타,안전운전불이행,결빙,맑음,단일로 - 기타,승용,남,68세,상해없음,원동기,남,28세,중상
2016012900100099,2016년 1월 29일 05시,금요일,충청남도 천안시 서북구 백석동,경상사고,0,0,1,0,차대차 - 기타,신호위반,건조,맑음,교차로 - 교차로부근,승용,남,36세,상해없음,승용,남,52세,경상
2016012900100136,2016년 1월 29일 07시,금요일,충청남도 천안시 동남구 목천읍,중상사고,0,1,0,0,차대차 - 추돌,안전운전불이행,건조,맑음,단일로 - 기타,화물,남,50세,상해없음,승합,남,47세,중상
2016012900100168,2016년 1월 29일 08시,금요일,충청남도 천안시 동남구 유량동,중상사고,0,1,0,0,차대차 - 추돌,안전운전불이행,건조,맑음,단일로 - 기타,화물,남,49세,상해없음,승용,여,41세,중상
2016012900100249,2016년 1월 29일 11시,금요일,충청남도 천안시 서북구 쌍용동,경상사고,0,0,1,0,차대차 - 측면직각충돌,안전운전불이행,건조,맑음,교차로 - 교차로안,원동기,남,37세,경상,승용,여,46세,기타불명
2016012900100250,2016년 1월 29일 11시,금요일,충청남도 천안시 동남구 원성동,경상사고,0,0,1,0,차대차 - 측면직각충돌,중앙선침범,건조,맑음,교차로 - 교차로부근,승용,남,46세,상해없음,승용,여,55세,경상
2016012900100462,2016년 1월 29일 18시,금요일,충청남도 천안시 동남구 신방동,경상사고,0,0,1,0,차대사람 - 길가장자리구역통행중,안전운전불이행,건조,맑음,단일로 - 기타,승용,남,47세,상해없음,보행자,여,62세,경상
2016012900100520,2016년 1월 29일 19시,금요일,충청남도 천안시 서북구 성환읍,사망사고,1,0,0,0,차대차 - 정면충돌,중앙선침범,건조,맑음,단일로 - 기타,이륜,남,73세,사망,화물,남,48세,상해없음
2016012900100521,2016년 1월 29일 19시,금요일,충청남도 천안시 서북구 직산읍,경상사고,0,0,2,0,차대사람 - 횡단중,신호위반,건조,맑음,교차로 - 교차로안,화물,남,68세,상해없음,보행자,남,36세,경상
2016012900100576,2016년 1월 29일 20시,금요일,충청남도 천안시 서북구 직산읍,중상사고,0,1,0,0,차대차 - 기타,안전운전불이행,건조,맑음,교차로 - 교차로안,승용,여,53세,상해없음,원동기,남,25세,중상
2016012900100577,2016년 1월 29일 20시,금요일,충청남도 천안시 서북구 백석동,경상사고,0,0,3,0,차대차 - 추돌,안전운전불이행,건조,맑음,단일로 - 기타,승용,남,23세,경상,이륜,남,41세,경상
2016012900100649,2016년 1월 29일 22시,금요일,충청남도 천안시 동남구 신부동,경상사고,0,0,1,0,차대사람 - 기타,안전운전불이행,건조,맑음,단일로 - 기타,승용,남,28세,상해없음,보행자,여,35세,경상
2016013000100024,2016년 1월 30일 00시,토요일,충청남도 천안시 동남구 신방동,경상사고,0,0,2,0,차대차 - 정면충돌,직진우회전진행방해,건조,맑음,교차로 - 교차로안,승용,여,50세,경상,승합,남,48세,경상
2016013000100152,2016년 1월 30일 06시,토요일,충청남도 천안시 동남구 성남면,경상사고,0,0,1,0,차대차 - 정면충돌,안전운전불이행,건조,맑음,단일로 - 기타,승용,남,35세,상해없음,화물,남,35세,경상
2016013000100537,2016년 1월 30일 19시,토요일,충청남도 천안시 서북구 신당동,중상사고,0,1,0,0,차대사람 - 기타,안전운전불이행,건조,맑음,단일로 - 기타,승용,남,22세,상해없음,보행자,남,55세,중상
2016013000100631,2016년 1월 30일 22시,토요일,충청남도 천안시 동남구 안서동,중상사고,0,1,1,0,차대차 - 추돌,안전운전불이행,건조,기타,기타 - 기타,승용,여,27세,상해없음,승용,남,69세,경상
2016013000100661,2016년 1월 30일 23시,토요일,충청남도 천안시 서북구 두정동,경상사고,0,0,1,0,차대차 - 기타,신호위반,건조,맑음,교차로 - 교차로안,승용,남,43세,상해없음,원동기,남,37세,경상
2016013100100020,2016년 1월 31일 00시,일요일,충청남도 천안시 서북구 두정동,경상사고,0,0,2,0,차대차 - 기타,안전운전불이행,건조,맑음,교차로 - 교차로부근,승용,남,23세,상해없음,승용,여,23세,경상
2016013100100021,2016년 1월 31일 00시,일요일,충청남도 천안시 동남구 북면,경상사고,0,0,2,0,차대차 - 정면충돌,안전운전불이행,건조,흐림,단일로 - 기타,승용,남,55세,상해없음,승용,남,49세,경상
2016013100100061,2016년 1월 31일 02시,일요일,충청남도 천안시 서북구 쌍용동,중상사고,0,1,0,0,차대사람 - 횡단중,과속,건조,맑음,교차로 - 교차로부근,승용,남,55세,상해없음,보행자,남,15세,중상
2016013100100062,2016년 1월 31일 02시,일요일,충청남도 천안시 서북구 성정동,중상사고,0,1,1,0,차대차 - 추돌,안전운전불이행,건조,맑음,교차로 - 교차로부근,화물,남,44세,상해없음,승용,여,42세,경상
2016013100100082,2016년 1월 31일 03시,일요일,충청남도 천안시 서북구 성정동,경상사고,0,0,1,0,차대차 - 측면충돌,교차로운행방법위반,건조,맑음,교차로 - 교차로안,승합,남,30세,상해없음,승용,남,27세,상해없음
2016013100100111,2016년 1월 31일 06시,일요일,충청남도 천안시 서북구 성성동,경상사고,0,0,2,0,차대차 - 측면직각충돌,신호위반,건조,맑음,교차로 - 교차로안,승용,남,44세,상해없음,승용,남,52세,경상
2016013100100227,2016년 1월 31일 13시,일요일,충청남도 천안시 동남구 광덕면,경상사고,0,0,1,0,차대차 - 측면충돌,교차로운행방법위반,건조,맑음,교차로 - 교차로안,승용,남,59세,상해없음,승용,남,46세,경상
2016013100100252,2016년 1월 31일 14시,일요일,충청남도 천안시 서북구 두정동,경상사고,0,0,1,0,차대차 - 기타,안전운전불이행,건조,맑음,단일로 - 기타,승용,남,50세,상해없음,승용,여,48세,경상
2016020100100192,2016년 2월 1일 11시,월요일,충청남도 천안시 동남구 쌍용동,경상사고,0,0,2,0,차대차 - 측면직각충돌,직진우회전진행방해,건조,맑음,교차로 - 교차로안,화물,남,60세,경상,화물,남,35세,경상
2016020100100250,2016년 2월 1일 13시,월요일,충청남도 천안시 동남구 광덕면,중상사고,0,2,0,0,차대차 - 정면충돌,안전운전불이행,건조,맑음,단일로 - 기타,화물,남,42세,상해없음,승용,남,42세,중상
2016020100100314,2016년 2월 1일 15시,월요일,충청남도 천안시 동남구 신부동,경상사고,0,0,1,1,차대차 - 기타,불법유턴,건조,맑음,단일로 - 기타,자전거,남,76세,경상,이륜,남,19세,부상신고
2016020100100415,2016년 2월 1일 18시,월요일,충청남도 천안시 서북구 백석동,경상사고,0,0,2,0,차대차 - 기타,안전운전불이행,건조,맑음,교차로 - 교차로안,승용,여,43세,상해없음,승용,남,55세,상해없음
2016020100100416,2016년 2월 1일 18시,월요일,충청남도 천안시 서북구 신당동,경상사고,0,0,1,0,차대차 - 측면직각충돌,직진우회전진행방해,건조,맑음,교차로 - 교차로안,승용,남,51세,상해없음,승용,남,46세,경상
2016020100100417,2016년 2월 1일 18시,월요일,충청남도 천안시 동남구 원성동,경상사고,0,0,2,0,차대차 - 정면충돌,안전운전불이행,건조,맑음,교차로 - 교차로안,승용,남,45세,상해없음,승용,남,53세,경상
2016020100100519,2016년 2월 1일 21시,월요일,충청남도 천안시 서북구 백석동,경상사고,0,0,1,0,차대차 - 추돌,안전운전불이행,건조,맑음,단일로 - 기타,승용,남,73세,상해없음,승용,남,26세,경상
2016020100100520,2016년 2월 1일 21시,월요일,충청남도 천안시 동남구 청당동,경상사고,0,0,1,0,차대차 - 추돌,신호위반,건조,맑음,교차로 - 교차로안,승용,남,55세,기타불명,승용,여,47세,경상
2016020200100085,2016년 2월 2일 07시,화요일,충청남도 천안시 서북구 성환읍,경상사고,0,0,1,0,차대차 - 측면충돌,안전운전불이행,건조,맑음,교차로 - 교차로안,화물,남,51세,상해없음,자전거,남,64세,경상
2016020200100184,2016년 2월 2일 10시,화요일,충청남도 천안시 서북구 백석동,경상사고,0,0,1,0,차대차 - 측면직각충돌,안전운전불이행,건조,맑음,교차로 - 교차로안,승용,남,27세,상해없음,승용,여,39세,경상
2016020200100185,2016년 2월 2일 10시,화요일,충청남도 천안시 동남구 신부동,중상사고,0,1,0,0,차대차 - 측면직각충돌,안전운전불이행,건조,맑음,단일로 - 기타,승용,여,54세,상해없음,자전거,남,47세,중상
2016020200100396,2016년 2월 2일 17시,화요일,충청남도 천안시 서북구 성환읍,경상사고,0,0,1,0,차대사람 - 횡단중,안전운전불이행,건조,맑음,교차로 - 교차로부근,승용,남,35세,상해없음,보행자,남,10세,경상
2016020200100439,2016년 2월 2일 18시,화요일,충청남도 천안시 서북구 불당동,경상사고,0,0,1,0,차대사람 - 횡단중,신호위반,건조,맑음,교차로 - 교차로부근,승용,남,70세,상해없음,보행자,여,46세,경상