사고번호,사고일시,요일,시군구,사고내용,사망자수,중상자수,경상자수,부상신고자수,사고유형,법규위반,노면상태,기상상태,도로형태,가해운전자 차종,가해운전자 성별,가해운전자 연령,가해운전자 상해정도,피해운전자 차종,피해운전자 성별,피해운전자 연령,피해운전자 상해정도
2016020200100478,2016년 2월 2일 19시,화요일,충청남도 천안시 서북구 성정동,경상사고,0,0,1,0,차대차 - 기타,안전운전불이행,건조,맑음,단일로 - 기타,승용,남,34세,상해없음,승용,남,25세,경상
2016020200100479,2016년 2월 2일 19시,화요일,충청남도 천안시 서북구 성정동,경상사고,0,0,1,0,차대사람 - 기타,안전운전불이행,건조,맑음,교차로 - 교차로부근,승용,남,61세,상해없음,보행자,남,23세,경상
2016020200100502,2016년 2월 2일 20시,화요일,충청남도 천안시 서북구 두정동,경상사고,0,0,1,0,차대차 - 추돌,안전운전불이행,건조,맑음,교차로 - 교차로부근,승용,남,63세,상해없음,원동기,남,31세,경상
2016020200100569,2016년 2월 2일 22시,화요일,충청남도 천안시 동남구 신부동,중상사고,0,1,0,0,차대사람 - 차도통행중,안전운전불이행,건조,맑음,단일로 - 기타,승용,여,21세,상해없음,보행자,남,16세,중상
2016020300100101,2016년 2월 3일 07시,수요일,충청남도 천안시 서북구 두정동,경상사고,0,0,1,0,차대사람 - 기타,안전운전불이행,건조,맑음,단일로 - 기타,승용,남,34세,상해없음,보행자,남,28세,경상
2016020300100278,2016년 2월 3일 13시,수요일,충청남도 천안시 서북구 불당동,중상사고,0,1,0,0,차대사람 - 횡단중,안전운전불이행,건조,맑음,단일로 - 기타,승용,여,55세,상해없음,보행자,여,68세,중상
2016020300100321,2016년 2월 3일 14시,수요일,충청남도 천안시 서북구 두정동,경상사고,0,0,1,0,차대차 - 측면직각충돌,안전운전불이행,건조,맑음,단일로 - 기타,승용,여,52세,상해없음,원동기,남,23세,경상
2016020300100322,2016년 2월 3일 14시,수요일,충청남도 천안시 서북구 성정동,중상사고,0,1,0,0,차대차 - 추돌,안전운전불이행,건조,맑음,단일로 - 기타,승용,남,52세,상해없음,승용,남,62세,중상
2016020300100369,2016년 2월 3일 15시,수요일,충청남도 천안시 서북구 두정동,경상사고,0,0,1,0,차대사람 - 횡단중,신호위반,건조,맑음,교차로 - 교차로부근,승합,남,67세,상해없음,보행자,여,9세,경상
2016020300100460,2016년 2월 3일 17시,수요일,충청남도 천안시 서북구 불당동,경상사고,0,0,3,0,차대차 - 추돌,안전운전불이행,건조,맑음,교차로 - 교차로부근,승용,남,51세,상해없음,승용,여,35세,경상
2016020300100553,2016년 2월 3일 19시,수요일,충청남도 천안시 서북구 두정동,경상사고,0,0,1,0,차대차 - 추돌,안전운전불이행,건조,맑음,단일로 - 기타,승용,남,50세,상해없음,승용,여,50세,경상
2016020300100692,2016년 2월 3일 23시,수요일,충청남도 천안시 서북구 성거읍,중상사고,0,1,1,0,차대차 - 기타,안전운전불이행,건조,맑음,단일로 - 기타,승용,남,42세,중상,승용,남,50세,상해없음
2016020400100155,2016년 2월 4일 08시,목요일,충청남도 천안시 서북구 성거읍,경상사고,0,0,1,0,차대차 - 기타,안전운전불이행,건조,맑음,단일로 - 기타,승합,남,30세,상해없음,승용,여,31세,경상
2016020400100204,2016년 2월 4일 09시,목요일,충청남도 천안시 동남구 다가동,경상사고,0,0,1,0,차대차 - 추돌,안전운전불이행,건조,맑음,교차로 - 교차로부근,승용,여,54세,상해없음,화물,여,52세,경상
2016020400100352,2016년 2월 4일 14시,목요일,충청남도 천안시 서북구 성정동,경상사고,0,0,1,0,차대차 - 추돌,안전운전불이행,건조,맑음,단일로 - 기타,승용,남,35세,상해없음,승용,여,56세,경상
2016020400100354,2016년 2월 4일 14시,목요일,충청남도 천안시 동남구 목천읍,경상사고,0,0,2,0,차대차 - 측면충돌,중앙선침범,건조,맑음,교차로 - 교차로부근,승용,남,36세,상해없음,화물,남,73세,경상
2016020400100518,2016년 2월 4일 18시,목요일,충청남도 천안시 서북구 백석동,경상사고,0,0,2,1,차대차 - 측면직각충돌,교차로운행방법위반,건조,맑음,교차로 - 교차로안,승용,남,58세,부상신고,승용,여,40세,경상
2016020500100067,2016년 2월 5일 05시,금요일,충청남도 천안시 서북구 성정동,경상사고,0,0,1,0,차대차 - 추돌,안전운전불이행,건조,맑음,기타 - 기타,승용,남,35세,상해없음,승합,남,38세,경상
2016020500100146,2016년 2월 5일 08시,금요일,충청남도 천안시 서북구 차암동,경상사고,0,0,2,0,차대차 - 측면충돌,교차로운행방법위반,건조,맑음,교차로 - 교차로안,승용,여,33세,상해없음,승용,남,35세,경상
2016020500100148,2016년 2월 5일 08시,금요일,충청남도 천안시 동남구 청당동,사망사고,1,0,0,0,차대차 - 기타,신호위반,건조,맑음,교차로 - 교차로안,건설기계,남,59세,상해없음,자전거,남,14세,사망
2016020500100149,2016년 2월 5일 08시,금요일,충청남도 천안시 동남구 봉명동,경상사고,0,0,1,0,차대차 - 추돌,안전운전불이행,건조,맑음,교차로 - 교차로부근,승용,남,47세,상해없음,화물,남,65세,경상
2016020500100181,2016년 2월 5일 09시,금요일,충청남도 천안시 서북구 성환읍,중상사고,0,1,0,0,차대사람 - 횡단중,보행자보호의무위반,건조,맑음,단일로 - 기타,승용,여,46세,상해없음,보행자,남,85세,중상
2016020500100257,2016년 2월 5일 12시,금요일,충청남도 천안시 서북구 쌍용동,경상사고,0,0,1,0,차대사람 - 횡단중,보행자보호의무위반,건조,맑음,단일로 - 기타,승용,여,45세,상해없음,보행자,남,7세,경상
2016020500100429,2016년 2월 5일 16시,금요일,충청남도 천안시 동남구 풍세면,경상사고,0,0,2,0,차대차 - 정면충돌,안전운전불이행,건조,맑음,교차로 - 교차로안,승용,남,43세,경상,승용,남,34세,경상
2016020500100506,2016년 2월 5일 18시,금요일,충청남도 천안시 서북구 업성동,중상사고,0,1,0,0,차대차 - 측면직각충돌,신호위반,건조,맑음,교차로 - 교차로안,승용,남,68세,상해없음,승용,여,58세,중상
2016020500100507,2016년 2월 5일 18시,금요일,충청남도 천안시 동남구 오룡동,경상사고,0,0,1,0,차대차 - 기타,안전운전불이행,건조,맑음,단일로 - 기타,승용,남,60세,경상,승용,남,63세,상해없음
2016020500100543,2016년 2월 5일 19시,금요일,충청남도 천안시 서북구 쌍용동,중상사고,0,1,0,0,차대사람 - 횡단중,보행자보호의무위반,건조,맑음,단일로 - 기타,승용,남,46세,상해없음,보행자,여,75세,중상
2016020500100670,2016년 2월 5일 23시,금요일,충청남도 천안시 서북구 성정동,경상사고,0,0,2,0,차대차 - 추돌,안전운전불이행,건조,맑음,단일로 - 기타,승용,남,37세,상해없음,승용,남,57세,경상
2016020600100015,2016년 2월 6일 00시,토요일,충청남도 천안시 서북구 백석동,경상사고,0,0,3,0,차대차 - 측면직각충돌,과속,건조,맑음,교차로 - 교차로안,승용,남,29세,경상,승용,여,27세,경상
2016020600100047,2016년 2월 6일 01시,토요일,충청남도 천안시 동남구 신방동,중상사고,0,1,0,0,차대사람 - 기타,안전운전불이행,건조,맑음,단일로 - 기타,승용,남,43세,상해없음,보행자,남,56세,중상
2016020700100023,2016년 2월 7일 01시,일요일,충청남도 천안시 서북구 성거읍,경상사고,0,0,5,0,차대차 - 기타,중앙선침범,건조,맑음,단일로 - 기타,승용,남,26세,상해없음,승용,남,42세,경상
2016020700100079,2016년 2월 7일 05시,일요일,충청남도 천안시 동남구 신방동,중상사고,0,1,0,0,차대사람 - 기타,안전운전불이행,건조,맑음,단일로 - 기타,승용,남,23세,상해없음,보행자,여,33세,중상
2016020700100091,2016년 2월 7일 06시,일요일,충청남도 천안시 서북구 두정동,경상사고,0,0,4,0,차대차 - 측면직각충돌,안전운전불이행,건조,맑음,교차로 - 교차로안,승용,남,52세,상해없음,승용,여,29세,경상
2016020700100273,2016년 2월 7일 15시,일요일,충청남도 천안시 동남구 풍세면,중상사고,0,1,0,0,차대차 - 정면충돌,안전운전불이행,건조,맑음,기타 - 기타,승용,남,58세,상해없음,승용,남,36세,상해없음
2016020800100110,2016년 2월 8일 11시,월요일,충청남도 천안시 서북구 입장면,중상사고,0,3,2,0,차대차 - 측면직각충돌,중앙선침범,건조,맑음,단일로 - 기타,승용,여,66세,상해없음,승용,남,40세,중상
2016020800100194,2016년 2월 8일 15시,월요일,충청남도 천안시 동남구 광덕면,중상사고,0,5,0,0,차대차 - 추돌,안전운전불이행,건조,맑음,단일로 - 기타,승용,남,45세,상해없음,승용,남,40세,중상
2016020800100195,2016년 2월 8일 15시,월요일,충청남도 천안시 서북구 성거읍,경상사고,0,0,3,0,차대차 - 추돌,안전운전불이행,건조,맑음,단일로 - 기타,승용,남,46세,상해없음,승용,여,41세,상해없음
2016020800100297,2016년 2월 8일 19시,월요일,충청남도 천안시 동남구 신부동,중상사고,0,1,0,0,차대사람 - 횡단중,보행자보호의무위반,건조,맑음,단일로 - 횡단보도상,승용,남,26세,상해없음,보행자,남,47세,중상
2016020900100066,2016년 2월 9일 06시,화요일,충청남도 천안시 서북구 성거읍,경상사고,0,0,4,0,차대차 - 정면충돌,안전운전불이행,건조,맑음,단일로 - 기타,승용,남,50세,상해없음,화물,남,47세,상해없음
2016020900100067,2016년 2월 9일 06시,화요일,충청남도 천안시 서북구 성거읍,중상사고,0,2,1,0,차대차 - 정면충돌,안전운전불이행,건조,맑음,단일로 - 기타,승용,남,24세,상해없음,승용,여,34세,경상
2016020900100074,2016년 2월 9일 07시,화요일,충청남도 천안시 서북구 성거읍,경상사고,0,0,2,0,차대차 - 추돌,안전거리미확보,건조,맑음,단일로 - 기타,승용,남,47세,상해없음,승용,남,37세,경상
2016020900100298,2016년 2월 9일 19시,화요일,충청남도 천안시 서북구 업성동,경상사고,0,0,2,0,차대차 - 추돌,안전운전불이행,건조,맑음,단일로 - 기타,승용,남,56세,상해없음,화물,남,49세,경상
2016020900100299,2016년 2월 9일 19시,화요일,충청남도 천안시 서북구 입장면,경상사고,0,0,1,0,차대사람 - 횡단중,보행자보호의무위반,건조,맑음,교차로 - 교차로안,승용,남,53세,상해없음,보행자,남,63세,경상
2016020900100332,2016년 2월 9일 20시,화요일,충청남도 천안시 동남구 신부동,경상사고,0,0,1,0,차대차 - 추돌,안전운전불이행,건조,맑음,교차로 - 교차로안,승용,남,20세,상해없음,승용,남,31세,경상
2016020900100376,2016년 2월 9일 22시,화요일,충청남도 천안시 서북구 두정동,경상사고,0,0,1,0,차량단독 - 기타,안전운전불이행,건조,맑음,단일로 - 기타,승합,남,45세,상해없음,,,,
2016021000100040,2016년 2월 10일 03시,수요일,충청남도 천안시 서북구 성정동,중상사고,0,1,0,0,차대차 - 추돌,안전운전불이행,건조,맑음,교차로 - 교차로부근,승용,남,19세,상해없음,승용,여,35세,중상
2016021000100086,2016년 2월 10일 09시,수요일,충청남도 천안시 서북구 두정동,경상사고,0,0,1,0,차대차 - 측면충돌,안전거리미확보,건조,맑음,기타 - 기타,승용,남,21세,상해없음,승용,남,42세,경상
2016021000100337,2016년 2월 10일 19시,수요일,충청남도 천안시 서북구 쌍용동,경상사고,0,0,1,0,차대차 - 기타,차로위반,건조,맑음,교차로 - 교차로부근,승용,여,49세,기타불명,승합,남,58세,상해없음
2016021100100010,2016년 2월 11일 00시,목요일,충청남도 천안시 동남구 북면,중상사고,0,1,0,0,차대차 - 추돌,안전운전불이행,건조,맑음,단일로 - 기타,승용,남,56세,중상,화물,남,44세,상해없음
2016021100100160,2016년 2월 11일 12시,목요일,충청남도 천안시 서북구 성환읍,중상사고,0,1,1,0,차대차 - 측면충돌,신호위반,건조,맑음,교차로 - 교차로안,승용,남,42세,상해없음,승용,남,62세,경상
2016021100100285,2016년 2월 11일 17시,목요일,충청남도 천안시 서북구 성정동,경상사고,0,0,1,0,차대차 - 측면직각충돌,차로위반,건조,맑음,단일로 - 기타,원동기,남,51세,상해없음,승용,여,28세,경상
2016021200100104,2016년 2월 12일 06시,금요일,충청남도 천안시 동남구 성황동,사망사고,1,0,0,0,차대사람 - 횡단중,안전운전불이행,습기,비,교차로 - 교차로부근,승용,남,58세,상해없음,보행자,여,75세,사망
2016021200100206,2016년 2월 12일 11시,금요일,충청남도 천안시 동남구 청당동,경상사고,0,0,2,0,차대차 - 추돌,기타,습기,비,기타 - 기타,승용,남,76세,기타불명,승합,남,35세,경상
2016021200100250,2016년 2월 12일 13시,금요일,충청남도 천안시 서북구 성정동,경상사고,0,0,1,0,차대차 - 측면직각충돌,신호위반,건조,맑음,교차로 - 교차로안,승용,남,37세,상해없음,원동기,남,43세,경상
2016021200100317,2016년 2월 12일 16시,금요일,충청남도 천안시 서북구 두정동,경상사고,0,0,1,0,차대차 - 측면직각충돌,신호위반,건조,맑음,교차로 - 교차로안,승용,여,31세,상해없음,승용,남,32세,경상
2016021200100368,2016년 2월 12일 18시,금요일,충청남도 천안시 동남구 유량동,경상사고,0,0,1,0,차대차 - 정면충돌,안전운전불이행,습기,비,단일로 - 기타,승용,여,50세,상해없음,승용,남,40세,경상
2016021300100036,2016년 2월 13일 01시,토요일,충청남도 천안시 서북구 성정동,경상사고,0,0,1,0,차대차 - 측면직각충돌,직진우회전진행방해,습기,비,교차로 - 교차로부근,승용,남,22세,상해없음,승용,남,24세,경상
2016021300100125,2016년 2월 13일 08시,토요일,충청남도 천안시 서북구 직산읍,중상사고,0,1,0,0,차대차 - 추돌,중앙선침범,습기,흐림,단일로 - 기타,승용,여,58세,상해없음,승용,남,57세,중상
2016021300100126,2016년 2월 13일 08시,토요일,충청남도 천안시 동남구 성황동,경상사고,0,0,1,0,차대차 - 측면충돌,기타,습기,흐림,교차로 - 교차로안,자전거,남,61세,경상,승용,남,26세,상해없음
2016021300100137,2016년 2월 13일 09시,토요일,충청남도 천안시 서북구 성정동,경상사고,0,0,1,0,차대차 - 추돌,안전운전불이행,건조,맑음,단일로 - 기타,화물,남,57세,기타불명,승용,남,55세,상해없음
2016021300100225,2016년 2월 13일 13시,토요일,충청남도 천안시 동남구 청당동,경상사고,0,0,1,0,차대차 - 측면충돌,기타,습기,비,교차로 - 교차로안,승용,남,49세,상해없음,승용,여,48세,경상
2016021300100357,2016년 2월 13일 18시,토요일,충청남도 천안시 서북구 두정동,사망사고,1,0,0,0,차대사람 - 횡단중,안전운전불이행,습기,비,단일로 - 기타,승용,남,41세,상해없음,보행자,여,60세,사망
2016021300100395,2016년 2월 13일 19시,토요일,충청남도 천안시 동남구 신부동,중상사고,0,1,0,0,차대사람 - 횡단중,안전운전불이행,습기,비,단일로 - 횡단보도부근,승용,남,32세,상해없음,보행자,남,59세,중상
2016021300100436,2016년 2월 13일 20시,토요일,충청남도 천안시 동남구 신부동,경상사고,0,0,4,0,차대사람 - 횡단중,신호위반,습기,비,교차로 - 교차로안,승합,남,50세,상해없음,보행자,남,26세,경상
2016021300100466,2016년 2월 13일 21시,토요일,충청남도 천안시 동남구 대흥동,중상사고,0,1,0,0,차대사람 - 횡단중,안전운전불이행,습기,비,교차로 - 교차로부근,승용,남,48세,상해없음,보행자,남,47세,중상
2016021300100517,2016년 2월 13일 23시,토요일,충청남도 천안시 서북구 성거읍,경상사고,0,0,1,0,차대차 - 추돌,안전운전불이행,건조,맑음,단일로 - 기타,승용,여,28세,상해없음,승용,남,28세,경상
2016021400100198,2016년 2월 14일 15시,일요일,충청남도 천안시 동남구 원성동,경상사고,0,0,2,0,차대차 - 정면충돌,안전운전불이행,건조,맑음,단일로 - 기타,승용,여,64세,경상,승용,남,40세,경상
2016021400100234,2016년 2월 14일 17시,일요일,충청남도 천안시 동남구 삼룡동,경상사고,0,0,2,0,차대차 - 추돌,안전운전불이행,건조,맑음,교차로 - 교차로안,승용,여,48세,기타불명,승용,남,19세,경상
2016021500100011,2016년 2월 15일 01시,월요일,충청남도 천안시 동남구 삼룡동,경상사고,0,0,2,0,차대차 - 정면충돌,신호위반,건조,맑음,교차로 - 교차로안,승용,남,44세,경상,화물,남,37세,경상
2016021500100161,2016년 2월 15일 10시,월요일,충청남도 천안시 서북구 성정동,중상사고,0,1,0,0,차대사람 - 기타,안전운전불이행,건조,맑음,단일로 - 기타,화물,남,48세,상해없음,보행자,여,77세,중상
2016021500100195,2016년 2월 15일 11시,월요일,충청남도 천안시 서북구 성정동,경상사고,0,0,1,0,차대차 - 측면직각충돌,안전운전불이행,건조,맑음,교차로 - 교차로안,승용,남,47세,상해없음,승용,남,26세,경상
2016021500100282,2016년 2월 15일 14시,월요일,충청남도 천안시 서북구 성거읍,중상사고,0,1,0,0,차대차 - 측면직각충돌,안전운전불이행,건조,맑음,교차로 - 교차로안,승용,남,68세,상해없음,화물,남,79세,중상
2016021600100031,2016년 2월 16일 02시,화요일,충청남도 천안시 서북구 성정동,경상사고,0,0,2,1,차대차 - 기타,안전운전불이행,적설,맑음,단일로 - 기타,승용,남,31세,상해없음,승용,남,43세,부상신고
2016021600100044,2016년 2월 16일 03시,화요일,충청남도 천안시 서북구 성정동,중상사고,0,1,0,0,차대차 - 측면직각충돌,신호위반,적설,눈,교차로 - 교차로안,승용,남,35세,상해없음,승용,여,50세,중상
2016021600100052,2016년 2월 16일 04시,화요일,충청남도 천안시 서북구 두정동,경상사고,0,0,2,0,차대차 - 기타,안전운전불이행,적설,눈,교차로 - 교차로안,승용,남,40세,상해없음,승용,남,54세,경상
2016021600100392,2016년 2월 16일 16시,화요일,충청남도 천안시 서북구 백석동,중상사고,0,1,0,0,차대사람 - 횡단중,안전운전불이행,건조,맑음,단일로 - 기타,승용,여,72세,상해없음,보행자,남,87세,중상
2016021600100427,2016년 2월 16일 17시,화요일,충청남도 천안시 동남구 청당동,경상사고,0,0,1,0,차대차 - 추돌,안전거리미확보,건조,맑음,교차로 - 교차로부근,화물,남,26세,상해없음,승용,남,49세,경상
2016021600100555,2016년 2월 16일 21시,화요일,충청남도 천안시 서북구 백석동,중상사고,0,1,0,0,차대차 - 측면충돌,신호위반,건조,맑음,교차로 - 교차로안,승용,남,29세,상해없음,승용,남,28세,중상
2016021700100066,2016년 2월 17일 05시,수요일,충청남도 천안시 서북구 성정동,경상사고,0,0,3,0,차대차 - 정면충돌,교차로운행방법위반,건조,맑음,교차로 - 교차로안,승용,남,56세,상해없음,승용,남,27세,경상
2016021700100083,2016년 2월 17일 06시,수요일,충청남도 천안시 동남구 병천면,경상사고,0,0,2,0,차대차 - 추돌,안전거리미확보,건조,맑음,교차로 - 교차로부근,승용,남,61세,상해없음,승용,여,39세,경상
2016021700100084,2016년 2월 17일 06시,수요일,충청남도 천안시 동남구 구성동,경상사고,0,0,1,0,차대차 - 추돌,안전거리미확보,건조,맑음,교차로 - 교차로부근,화물,남,49세,상해없음,승용,남,51세,경상
2016021700100212,2016년 2월 17일 10시,수요일,충청남도 천안시 서북구 성정동,경상사고,0,0,1,0,차대차 - 정면충돌,안전운전불이행,건조,맑음,교차로 - 교차로안,승용,여,48세,상해없음,원동기,남,50세,경상
2016021700100213,2016년 2월 17일 10시,수요일,충청남도 천안시 동남구 성황동,경상사고,0,0,1,0,차대차 - 측면충돌,안전운전불이행,건조,맑음,단일로 - 기타,자전거,남,75세,경상,승용,남,53세,상해없음
2016021700100248,2016년 2월 17일 11시,수요일,충청남도 천안시 서북구 두정동,경상사고,0,0,1,0,차대차 - 기타,안전운전불이행,건조,맑음,단일로 - 기타,승합,남,37세,상해없음,원동기,남,44세,경상
2016021700100279,2016년 2월 17일 12시,수요일,충청남도 천안시 동남구 목천읍,중상사고,0,1,2,0,차대차 - 추돌,안전운전불이행,건조,맑음,단일로 - 기타,승용,남,34세,중상,승합,남,39세,경상
2016021700100314,2016년 2월 17일 13시,수요일,충청남도 천안시 동남구 신부동,중상사고,0,1,0,0,차대사람 - 횡단중,안전운전불이행,건조,맑음,단일로 - 기타,승용,여,50세,상해없음,보행자,여,45세,중상
2016021700100632,2016년 2월 17일 22시,수요일,충청남도 천안시 서북구 성정동,경상사고,0,0,2,0,차대차 - 측면직각충돌,안전운전불이행,건조,맑음,교차로 - 교차로안,승용,남,54세,경상,승용,남,30세,경상
2016021800100027,2016년 2월 18일 01시,목요일,충청남도 천안시 서북구 불당동,경상사고,0,0,3,0,차대차 - 측면직각충돌,신호위반,건조,맑음,교차로 - 교차로안,승용,남,26세,상해없음,승용,남,58세,경상
2016021800100029,2016년 2월 18일 01시,목요일,충청남도 천안시 동남구 신방동,경상사고,0,0,1,0,차대차 - 정면충돌,중앙선침범,건조,맑음,단일로 - 기타,승용,남,28세,상해없음,승용,남,39세,경상
2016021800100039,2016년 2월 18일 02시,목요일,충청남도 천안시 동남구 봉명동,경상사고,0,0,1,0,차대차 - 추돌,안전운전불이행,건조,맑음,단일로 - 기타,승용,남,37세,상해없음,승용,남,66세,경상
2016021800100136,2016년 2월 18일 08시,목요일,충청남도 천안시 서북구 직산읍,경상사고,0,0,1,0,차대사람 - 보도통행중,신호위반,건조,맑음,교차로 - 교차로안,승용,여,53세,상해없음,보행자,남,38세,경상
2016021800100161,2016년 2월 18일 09시,목요일,충청남도 천안시 동남구 신부동,중상사고,0,1,0,0,차대사람 - 기타,안전운전불이행,건조,맑음,단일로 - 기타,승합,남,54세,상해없음,보행자,남,90세 이상,중상
2016021800100187,2016년 2월 18일 10시,목요일,충청남도 천안시 동남구 원성동,경상사고,0,0,1,0,차대차 - 측면직각충돌,교차로운행방법위반,건조,맑음,교차로 - 교차로안,승용,여,53세,상해없음,승용,남,59세,경상
2016021800100273,2016년 2월 18일 13시,목요일,충청남도 천안시 동남구 풍세면,사망사고,1,0,0,0,차대차 - 측면충돌,교차로운행방법위반,건조,맑음,교차로 - 교차로안,승용,여,49세,상해없음,이륜,여,65세,사망
2016021800100322,2016년 2월 18일 15시,목요일,충청남도 천안시 동남구 풍세면,중상사고,0,1,0,0,차대차 - 측면충돌,교차로운행방법위반,건조,맑음,교차로 - 교차로안,화물,남,22세,기타불명,화물,남,47세,상해없음
2016021800100385,2016년 2월 18일 17시,목요일,충청남도 천안시 서북구 성정동,경상사고,0,0,1,0,차대사람 - 횡단중,교차로운행방법위반,건조,맑음,교차로 - 교차로부근,승용,남,18세,상해없음,보행자,남,33세,경상
2016021800100491,2016년 2월 18일 20시,목요일,충청남도 천안시 동남구 봉명동,중상사고,0,1,0,0,차대사람 - 횡단중,보행자보호의무위반,건조,맑음,단일로 - 기타,승합,남,26세,상해없음,보행자,남,65세,중상
2016021900100018,2016년 2월 19일 00시,금요일,충청남도 천안시 서북구 두정동,경상사고,0,0,1,0,차대사람 - 기타,안전운전불이행,건조,맑음,교차로 - 교차로부근,승용,남,31세,상해없음,보행자,여,46세,경상
2016021900100055,2016년 2월 19일 03시,금요일,충청남도 천안시 서북구 두정동,경상사고,0,0,1,0,차대차 - 측면직각충돌,신호위반,건조,맑음,교차로 - 교차로안,승용,남,55세,상해없음,승용,남,42세,경상
2016021900100228,2016년 2월 19일 12시,금요일,충청남도 천안시 동남구 청당동,경상사고,0,0,2,0,차대차 - 추돌,안전운전불이행,건조,맑음,교차로 - 교차로안,승합,남,44세,상해없음,승용,여,36세,경상
2016021900100252,2016년 2월 19일 13시,금요일,충청남도 천안시 서북구 성정동,경상사고,0,0,1,0,차대사람 - 기타,안전운전불이행,건조,맑음,단일로 - 기타,화물,남,63세,상해없음,보행자,여,56세,경상
2016021900100253,2016년 2월 19일 13시,금요일,충청남도 천안시 서북구 차암동,경상사고,0,0,2,1,차대차 - 기타,안전운전불이행,건조,맑음,교차로 - 교차로안,승용,남,32세,부상신고,승용,남,31세,경상
2016021900100310,2016년 2월 19일 15시,금요일,충청남도 천안시 동남구 용곡동,경상사고,0,0,1,0,차대차 - 추돌,안전운전불이행,건조,맑음,단일로 - 기타,화물,남,63세,상해없음,승합,남,54세,경상
2016021900100461,2016년 2월 19일 19시,금요일,충청남도 천안시 동남구 구성동,경상사고,0,0,5,0,차대차 - 측면충돌,신호위반,건조,맑음,교차로 - 교차로안,승용,여,32세,상해없음,승용,남,34세,경상
2016022000100013,2016년 2월 20일 00시,토요일,충청남도 천안시 서북구 성정동,경상사고,0,0,1,0,차대사람 - 길가장자리구역통행중,안전운전불이행,건조,맑음,단일로 - 기타,승용,남,34세,상해없음,보행자,남,48세,경상
2016022000100014,2016년 2월 20일 00시,토요일,충청남도 천안시 서북구 성정동,경상사고,0,0,3,0,차대차 - 측면충돌,신호위반,건조,맑음,교차로 - 교차로안,승용,남,22세,경상,승용,남,54세,상해없음
2016022000100075,2016년 2월 20일 03시,토요일,충청남도 천안시 서북구 두정동,중상사고,0,1,0,0,차대사람 - 기타,안전운전불이행,건조,맑음,단일로 - 기타,승용,남,25세,상해없음,보행자,남,25세,중상
2016022000100091,2016년 2월 20일 04시,토요일,충청남도 천안시 서북구 성정동,중상사고,0,1,0,0,차대사람 - 기타,보행자보호의무위반,건조,맑음,단일로 - 기타,승용,남,46세,상해없음,보행자,남,37세,중상
2016022000100119,2016년 2월 20일 06시,토요일,충청남도 천안시 서북구 두정동,중상사고,0,2,0,0,차대차 - 측면직각충돌,신호위반,건조,맑음,교차로 - 교차로부근,승용,남,28세,상해없음,승용,남,53세,상해없음
2016022000100120,2016년 2월 20일 06시,토요일,충청남도 천안시 서북구 차암동,경상사고,0,0,1,0,차대차 - 기타,과속,건조,맑음,교차로 - 교차로안,승용,남,44세,경상,화물,남,55세,상해없음
2016022000100152,2016년 2월 20일 08시,토요일,충청남도 천안시 동남구 병천면,경상사고,0,0,2,0,차대차 - 측면직각충돌,직진우회전진행방해,건조,맑음,교차로 - 교차로안,승용,남,33세,경상,승용,남,38세,경상
2016022000100236,2016년 2월 20일 11시,토요일,충청남도 천안시 서북구 쌍용동,경상사고,0,0,2,0,차대차 - 기타,안전운전불이행,건조,맑음,교차로 - 교차로부근,승용,여,44세,상해없음,승용,여,31세,경상
2016022000100294,2016년 2월 20일 13시,토요일,충청남도 천안시 서북구 백석동,중상사고,0,1,0,0,차대차 - 측면직각충돌,안전거리미확보,건조,맑음,교차로 - 교차로안,승용,남,23세,상해없음,승용,여,33세,중상
2016022000100355,2016년 2월 20일 15시,토요일,충청남도 천안시 서북구 성환읍,경상사고,0,0,1,0,차대차 - 추돌,안전운전불이행,건조,맑음,단일로 - 기타,화물,남,64세,상해없음,승용,여,44세,경상
2016022000100427,2016년 2월 20일 17시,토요일,충청남도 천안시 동남구 신부동,경상사고,0,0,1,0,차대차 - 추돌,안전거리미확보,건조,맑음,교차로 - 교차로부근,화물,남,57세,상해없음,승용,여,40세,경상
2016022100100063,2016년 2월 21일 04시,일요일,충청남도 천안시 서북구 두정동,경상사고,0,0,1,0,차대사람 - 기타,안전운전불이행,건조,맑음,단일로 - 기타,승용,여,20세,상해없음,보행자,남,20세,경상
2016022100100064,2016년 2월 21일 04시,일요일,충청남도 천안시 동남구 목천읍,사망사고,1,0,0,0,차대차 - 기타,안전운전불이행,건조,맑음,단일로 - 기타,승용,남,37세,사망,승용,남,25세,상해없음
2016022100100100,2016년 2월 21일 09시,일요일,충청남도 천안시 서북구 성정동,경상사고,0,0,1,0,차대차 - 기타,안전운전불이행,건조,맑음,교차로 - 교차로부근,승용,여,42세,상해없음,자전거,남,23세,경상
2016022100100156,2016년 2월 21일 11시,일요일,충청남도 천안시 동남구 동면,중상사고,0,2,0,0,차대차 - 기타,안전운전불이행,건조,맑음,기타 - 기타,승용,남,57세,중상,승용,남,35세,기타불명
2016022100100198,2016년 2월 21일 13시,일요일,충청남도 천안시 서북구 쌍용동,경상사고,0,0,1,0,차대차 - 추돌,안전거리미확보,건조,맑음,교차로 - 교차로안,승용,여,46세,상해없음,승용,여,44세,경상