사고번호,사고일시,요일,시군구,사고내용,사망자수,중상자수,경상자수,부상신고자수,사고유형,법규위반,노면상태,기상상태,도로형태,가해운전자 차종,가해운전자 성별,가해운전자 연령,가해운전자 상해정도,피해운전자 차종,피해운전자 성별,피해운전자 연령,피해운전자 상해정도
2016022100100246,2016년 2월 21일 15시,일요일,충청남도 천안시 서북구 두정동,경상사고,0,0,1,0,차대사람 - 기타,안전운전불이행,건조,맑음,단일로 - 기타,이륜,남,29세,상해없음,보행자,여,21세,경상
2016022100100247,2016년 2월 21일 15시,일요일,충청남도 천안시 동남구 삼룡동,중상사고,0,2,0,0,차대차 - 추돌,교차로운행방법위반,건조,맑음,교차로 - 교차로부근,승용,남,78세,상해없음,승용,여,53세,중상
2016022100100300,2016년 2월 21일 17시,일요일,충청남도 천안시 서북구 두정동,경상사고,0,0,1,0,차대차 - 추돌,안전운전불이행,건조,맑음,교차로 - 교차로부근,승용,여,56세,상해없음,승용,여,44세,상해없음
2016022100100419,2016년 2월 21일 21시,일요일,충청남도 천안시 서북구 성정동,중상사고,0,1,0,0,차대사람 - 기타,안전운전불이행,건조,맑음,교차로 - 교차로안,승용,남,26세,상해없음,보행자,남,64세,중상
2016022200100035,2016년 2월 22일 05시,월요일,충청남도 천안시 서북구 성정동,경상사고,0,0,4,0,차대차 - 기타,중앙선침범,건조,맑음,교차로 - 교차로부근,승용,남,33세,상해없음,승용,남,59세,경상
2016022200100067,2016년 2월 22일 07시,월요일,충청남도 천안시 서북구 쌍용동,경상사고,0,0,1,0,차대사람 - 횡단중,보행자보호의무위반,건조,맑음,교차로 - 교차로부근,승용,남,40세,상해없음,보행자,여,70세,경상
2016022200100113,2016년 2월 22일 09시,월요일,충청남도 천안시 서북구 직산읍,중상사고,0,1,2,0,차대차 - 측면직각충돌,안전운전불이행,건조,맑음,교차로 - 교차로안,승용,여,45세,중상,승합,남,38세,경상
2016022200100244,2016년 2월 22일 15시,월요일,충청남도 천안시 서북구 부대동,경상사고,0,0,1,0,차대차 - 정면충돌,안전운전불이행,건조,맑음,단일로 - 기타,승용,남,51세,기타불명,이륜,남,70세,경상
2016022200100364,2016년 2월 22일 19시,월요일,충청남도 천안시 서북구 쌍용동,경상사고,0,0,1,0,차대차 - 추돌,안전운전불이행,건조,맑음,단일로 - 기타,승용,남,61세,상해없음,승합,남,47세,경상
2016022300100142,2016년 2월 23일 09시,화요일,충청남도 천안시 동남구 쌍용동,중상사고,0,1,0,0,차대차 - 측면직각충돌,안전운전불이행,건조,맑음,단일로 - 기타,이륜,남,81세,중상,승용,남,55세,상해없음
2016022300100245,2016년 2월 23일 13시,화요일,충청남도 천안시 서북구 성환읍,중상사고,0,1,1,0,차대차 - 정면충돌,신호위반,건조,맑음,교차로 - 교차로안,승용,남,71세,상해없음,화물,남,39세,중상
2016022400100231,2016년 2월 24일 12시,수요일,충청남도 천안시 동남구 광덕면,중상사고,0,2,1,0,차대차 - 정면충돌,안전거리미확보,건조,맑음,단일로 - 기타,승용,여,35세,경상,승용,여,45세,중상
2016022400100391,2016년 2월 24일 17시,수요일,충청남도 천안시 동남구 신부동,경상사고,0,0,1,0,차대사람 - 횡단중,안전운전불이행,건조,맑음,단일로 - 기타,승용,남,23세,상해없음,보행자,여,16세,경상
2016022400100420,2016년 2월 24일 18시,수요일,충청남도 천안시 서북구 쌍용동,중상사고,0,1,0,0,차대차 - 측면직각충돌,안전운전불이행,건조,맑음,교차로 - 교차로안,승용,남,64세,상해없음,원동기,남,35세,중상
2016022400100421,2016년 2월 24일 18시,수요일,충청남도 천안시 서북구 두정동,경상사고,0,0,2,0,차대사람 - 횡단중,안전운전불이행,건조,맑음,단일로 - 기타,승용,남,38세,상해없음,보행자,여,23세,경상
2016022400100422,2016년 2월 24일 18시,수요일,충청남도 천안시 서북구 백석동,경상사고,0,0,1,0,차대차 - 측면직각충돌,안전거리미확보,건조,맑음,교차로 - 교차로안,승용,남,35세,상해없음,승용,남,23세,경상
2016022400100468,2016년 2월 24일 19시,수요일,충청남도 천안시 서북구 두정동,중상사고,0,1,0,0,차대사람 - 횡단중,보행자보호의무위반,건조,맑음,단일로 - 횡단보도상,승용,여,51세,상해없음,보행자,남,34세,중상
2016022500100216,2016년 2월 25일 11시,목요일,충청남도 천안시 서북구 성성동,경상사고,0,0,1,0,차대차 - 추돌,안전운전불이행,건조,맑음,단일로 - 기타,승용,여,40세,경상,승합,남,31세,기타불명
2016022500100245,2016년 2월 25일 12시,목요일,충청남도 천안시 동남구 목천읍,경상사고,0,0,1,0,차대차 - 정면충돌,기타,건조,맑음,기타 - 기타,기타불명,기타불명,기타불명,기타불명,화물,남,54세,경상
2016022500100428,2016년 2월 25일 18시,목요일,충청남도 천안시 동남구 신방동,경상사고,0,0,1,0,차대사람 - 횡단중,신호위반,건조,맑음,교차로 - 교차로부근,승용,남,22세,상해없음,보행자,남,23세,경상
2016022500100531,2016년 2월 25일 21시,목요일,충청남도 천안시 서북구 쌍용동,중상사고,0,1,0,0,차대사람 - 횡단중,안전운전불이행,건조,맑음,단일로 - 기타,승합,남,49세,상해없음,보행자,여,77세,중상
2016022500100561,2016년 2월 25일 22시,목요일,충청남도 천안시 동남구 안서동,중상사고,0,1,0,0,차대차 - 측면충돌,안전운전불이행,건조,맑음,교차로 - 교차로부근,승용,남,25세,상해없음,이륜,남,24세,중상
2016022500100588,2016년 2월 25일 23시,목요일,충청남도 천안시 동남구 원성동,경상사고,0,0,2,0,차대차 - 측면직각충돌,신호위반,건조,맑음,교차로 - 교차로안,승용,남,36세,상해없음,화물,남,34세,경상
2016022600100025,2016년 2월 26일 01시,금요일,충청남도 천안시 서북구 성정동,경상사고,0,0,2,0,차대차 - 추돌,안전운전불이행,건조,맑음,단일로 - 기타,승용,남,37세,상해없음,승용,남,46세,경상
2016022600100083,2016년 2월 26일 06시,금요일,충청남도 천안시 동남구 삼룡동,경상사고,0,0,2,0,차대차 - 측면충돌,신호위반,건조,맑음,교차로 - 교차로안,승용,남,59세,경상,승합,남,45세,상해없음
2016022600100084,2016년 2월 26일 06시,금요일,충청남도 천안시 동남구 구룡동,중상사고,0,2,0,0,차대차 - 추돌,안전거리미확보,건조,맑음,교차로 - 교차로안,승용,남,65세,중상,기타불명,기타불명,기타불명,기타불명
2016022600100242,2016년 2월 26일 12시,금요일,충청남도 천안시 서북구 성정동,경상사고,0,0,1,0,차대차 - 추돌,안전운전불이행,건조,맑음,교차로 - 교차로안,승용,남,30세,상해없음,승용,여,54세,경상
2016022600100396,2016년 2월 26일 17시,금요일,충청남도 천안시 동남구 삼룡동,중상사고,0,1,0,0,차대차 - 추돌,안전운전불이행,건조,맑음,단일로 - 기타,승용,여,54세,상해없음,승용,여,37세,중상
2016022600100553,2016년 2월 26일 21시,금요일,충청남도 천안시 서북구 성정동,경상사고,0,0,1,0,차대사람 - 횡단중,보행자보호의무위반,습기,비,단일로 - 기타,이륜,남,40세,상해없음,보행자,여,55세,경상
2016022700100074,2016년 2월 27일 02시,토요일,충청남도 천안시 동남구 풍세면,중상사고,0,1,0,0,차량단독 - 전도전복,안전운전불이행,결빙,눈,단일로 - 기타,승용,남,22세,중상,,,,
2016022700100181,2016년 2월 27일 09시,토요일,충청남도 천안시 동남구 신부동,경상사고,0,0,1,0,차대사람 - 횡단중,안전운전불이행,건조,맑음,단일로 - 기타,기타불명,기타불명,기타불명,기타불명,보행자,남,65세,경상
2016022700100306,2016년 2월 27일 14시,토요일,충청남도 천안시 동남구 신방동,중상사고,0,1,0,0,차대차 - 측면충돌,신호위반,건조,맑음,단일로 - 기타,승용,여,63세,상해없음,이륜,남,72세,중상
2016022700100460,2016년 2월 27일 19시,토요일,충청남도 천안시 서북구 성정동,경상사고,0,0,1,0,차대차 - 기타,직진우회전진행방해,건조,맑음,교차로 - 교차로부근,승용,남,36세,상해없음,승용,남,31세,경상
2016022700100461,2016년 2월 27일 19시,토요일,충청남도 천안시 동남구 신방동,중상사고,0,2,0,0,차대차 - 측면직각충돌,안전운전불이행,건조,맑음,교차로 - 교차로안,승용,남,23세,중상,이륜,남,18세,중상
2016022700100515,2016년 2월 27일 21시,토요일,충청남도 천안시 서북구 쌍용동,경상사고,0,0,4,0,차대차 - 기타,안전운전불이행,건조,맑음,교차로 - 교차로부근,승용,여,39세,상해없음,승용,여,34세,경상
2016022700100539,2016년 2월 27일 22시,토요일,충청남도 천안시 서북구 성정동,경상사고,0,0,2,0,차대차 - 기타,안전운전불이행,건조,맑음,단일로 - 기타,승용,남,34세,상해없음,승용,남,33세,경상
2016022800100013,2016년 2월 28일 00시,일요일,충청남도 천안시 동남구 목천읍,경상사고,0,0,1,0,차대사람 - 기타,안전운전불이행,건조,맑음,단일로 - 기타,승용,여,48세,상해없음,보행자,남,41세,경상
2016022800100014,2016년 2월 28일 00시,일요일,충청남도 천안시 동남구 수신면,중상사고,0,1,0,0,차량단독 - 전도전복,안전운전불이행,건조,맑음,단일로 - 기타,승용,남,50세,중상,,,,
2016022800100025,2016년 2월 28일 01시,일요일,충청남도 천안시 서북구 두정동,경상사고,0,0,1,0,차대사람 - 기타,안전운전불이행,건조,맑음,교차로 - 교차로부근,승용,남,32세,상해없음,보행자,남,34세,경상
2016022800100092,2016년 2월 28일 08시,일요일,충청남도 천안시 서북구 두정동,경상사고,0,0,1,0,차대차 - 기타,안전거리미확보,건조,맑음,교차로 - 교차로부근,승용,여,27세,상해없음,승용,남,42세,경상
2016022800100122,2016년 2월 28일 10시,일요일,충청남도 천안시 서북구 직산읍,중상사고,0,1,0,1,차대차 - 측면충돌,신호위반,건조,맑음,교차로 - 교차로안,승용,여,55세,부상신고,승용,여,60세,중상
2016022800100284,2016년 2월 28일 16시,일요일,충청남도 천안시 동남구 신부동,경상사고,0,0,1,0,차대차 - 추돌,안전운전불이행,적설,눈,단일로 - 기타,승용,남,32세,상해없음,승용,여,52세,경상
2016022800100360,2016년 2월 28일 18시,일요일,충청남도 천안시 동남구 문화동,경상사고,0,0,2,0,차대차 - 추돌,안전운전불이행,적설,눈,교차로 - 교차로안,승용,남,55세,상해없음,승용,남,28세,경상
2016022800100361,2016년 2월 28일 18시,일요일,충청남도 천안시 서북구 성거읍,경상사고,0,0,1,0,차대차 - 기타,안전운전불이행,결빙,눈,단일로 - 교량,기타불명,기타불명,기타불명,기타불명,승용,남,41세,경상
2016022900100104,2016년 2월 29일 09시,월요일,충청남도 천안시 서북구 성거읍,경상사고,0,0,1,0,차대차 - 기타,안전거리미확보,결빙,맑음,단일로 - 기타,승용,여,24세,상해없음,승용,여,46세,경상
2016022900100319,2016년 2월 29일 16시,월요일,충청남도 천안시 동남구 신부동,경상사고,0,0,1,0,차대차 - 추돌,안전운전불이행,건조,맑음,단일로 - 기타,기타불명,기타불명,기타불명,기타불명,승합,남,42세,경상
2016022900100549,2016년 2월 29일 22시,월요일,충청남도 천안시 서북구 신당동,경상사고,0,0,1,0,차대차 - 추돌,안전운전불이행,건조,맑음,단일로 - 기타,승용,남,52세,상해없음,승용,남,31세,상해없음
2016022900100582,2016년 2월 29일 23시,월요일,충청남도 천안시 서북구 백석동,중상사고,0,2,1,0,차대차 - 추돌,안전운전불이행,건조,맑음,교차로 - 교차로부근,승용,남,41세,상해없음,승합,남,31세,중상
2016030100100014,2016년 3월 1일 00시,화요일,충청남도 천안시 동남구 봉명동,경상사고,0,0,1,0,차대차 - 측면직각충돌,안전운전불이행,건조,맑음,교차로 - 교차로부근,화물,남,34세,상해없음,승용,남,32세,경상
2016030100100192,2016년 3월 1일 10시,화요일,충청남도 천안시 서북구 두정동,경상사고,0,0,1,0,차대차 - 기타,교차로운행방법위반,적설,맑음,교차로 - 교차로부근,승용,여,35세,상해없음,승용,남,47세,경상
2016030100100193,2016년 3월 1일 10시,화요일,충청남도 천안시 서북구 두정동,경상사고,0,0,1,0,차대차 - 기타,안전운전불이행,건조,맑음,교차로 - 교차로부근,승용,남,55세,상해없음,승용,남,44세,경상
2016030100100275,2016년 3월 1일 14시,화요일,충청남도 천안시 서북구 두정동,중상사고,0,1,0,0,차대차 - 기타,안전운전불이행,결빙,맑음,단일로 - 기타,승용,남,56세,상해없음,승용,남,55세,중상
2016030100100396,2016년 3월 1일 18시,화요일,충청남도 천안시 서북구 쌍용동,경상사고,0,0,1,0,차대차 - 추돌,안전거리미확보,건조,맑음,교차로 - 교차로부근,승용,남,26세,상해없음,승용,남,33세,경상
2016030100100439,2016년 3월 1일 19시,화요일,충청남도 천안시 동남구 신부동,경상사고,0,0,1,0,차대사람 - 횡단중,보행자보호의무위반,건조,맑음,단일로 - 횡단보도상,승합,남,56세,상해없음,보행자,여,63세,경상
2016030100100467,2016년 3월 1일 20시,화요일,충청남도 천안시 동남구 신부동,경상사고,0,0,1,0,차대사람 - 횡단중,안전운전불이행,건조,맑음,단일로 - 횡단보도부근,승용,남,62세,상해없음,보행자,여,64세,경상
2016030100100508,2016년 3월 1일 22시,화요일,충청남도 천안시 동남구 원성동,경상사고,0,0,1,0,차대사람 - 횡단중,안전운전불이행,건조,맑음,단일로 - 기타,기타불명,기타불명,기타불명,기타불명,보행자,남,41세,경상
2016030200100345,2016년 3월 2일 16시,수요일,충청남도 천안시 서북구 성정동,경상사고,0,0,1,0,차대차 - 추돌,안전운전불이행,건조,맑음,단일로 - 기타,승용,남,60세,상해없음,승용,남,40세,상해없음
2016030200100532,2016년 3월 2일 22시,수요일,충청남도 천안시 서북구 불당동,중상사고,0,1,0,0,차대사람 - 횡단중,신호위반,건조,맑음,단일로 - 횡단보도상,승용,남,52세,상해없음,보행자,남,13세,중상
2016030300100071,2016년 3월 3일 06시,목요일,충청남도 천안시 서북구 성정동,경상사고,0,0,1,0,차대차 - 측면직각충돌,교차로운행방법위반,건조,맑음,교차로 - 교차로안,자전거,남,22세,경상,승용,남,59세,상해없음
2016030300100090,2016년 3월 3일 07시,목요일,충청남도 천안시 서북구 성거읍,중상사고,0,1,0,0,차대사람 - 횡단중,안전운전불이행,건조,맑음,단일로 - 기타,승합,남,49세,상해없음,보행자,여,17세,중상
2016030300100333,2016년 3월 3일 16시,목요일,충청남도 천안시 동남구 성남면,중상사고,0,1,2,0,차대차 - 정면충돌,안전거리미확보,건조,맑음,단일로 - 기타,화물,남,34세,상해없음,화물,남,58세,중상
2016030300100497,2016년 3월 3일 20시,목요일,충청남도 천안시 서북구 성정동,경상사고,0,0,1,0,차대사람 - 기타,안전운전불이행,건조,맑음,단일로 - 기타,승용,남,31세,기타불명,보행자,남,38세,경상
2016030400100024,2016년 3월 4일 00시,금요일,충청남도 천안시 서북구 쌍용동,중상사고,0,1,2,0,차대차 - 기타,차로위반,건조,맑음,단일로 - 기타,승용,남,62세,상해없음,승용,남,38세,경상
2016030400100204,2016년 3월 4일 10시,금요일,충청남도 천안시 동남구 원성동,경상사고,0,0,1,0,차대사람 - 길가장자리구역통행중,안전운전불이행,건조,맑음,교차로 - 교차로안,화물,남,64세,상해없음,보행자,여,38세,경상
2016030400100336,2016년 3월 4일 14시,금요일,충청남도 천안시 서북구 신당동,중상사고,0,1,0,0,차량단독 - 기타,안전운전불이행,건조,맑음,교차로 - 교차로부근,승합,남,56세,상해없음,,,,
2016030400100510,2016년 3월 4일 19시,금요일,충청남도 천안시 서북구 성성동,경상사고,0,0,1,0,차대차 - 추돌,안전운전불이행,습기,비,교차로 - 교차로부근,승용,여,40세,상해없음,승용,남,42세,경상
2016030400100513,2016년 3월 4일 19시,금요일,충청남도 천안시 동남구 신방동,경상사고,0,0,2,0,차대차 - 정면충돌,안전운전불이행,습기,비,단일로 - 기타,승용,여,47세,상해없음,승용,여,43세,경상
2016030400100564,2016년 3월 4일 20시,금요일,충청남도 천안시 동남구 수신면,중상사고,0,1,0,0,차대차 - 추돌,안전운전불이행,습기,비,단일로 - 기타,승용,남,40세,중상,건설기계,남,50세,상해없음
2016030500100112,2016년 3월 5일 03시,토요일,충청남도 천안시 서북구 백석동,경상사고,0,0,1,0,차대차 - 기타,신호위반,건조,맑음,교차로 - 교차로부근,승용,남,26세,상해없음,승용,남,39세,경상
2016030500100167,2016년 3월 5일 07시,토요일,충청남도 천안시 동남구 다가동,경상사고,0,0,3,0,차대차 - 측면충돌,안전운전불이행,건조,맑음,교차로 - 교차로안,승용,남,33세,상해없음,승용,남,44세,경상
2016030500100303,2016년 3월 5일 13시,토요일,충청남도 천안시 서북구 성정동,경상사고,0,0,1,0,차대사람 - 횡단중,신호위반,습기,비,단일로 - 횡단보도상,승용,여,60세,기타불명,보행자,여,42세,경상
2016030500100329,2016년 3월 5일 14시,토요일,충청남도 천안시 서북구 성정동,경상사고,0,0,1,0,차대차 - 측면직각충돌,안전운전불이행,건조,흐림,단일로 - 기타,승용,남,26세,상해없음,원동기,남,24세,경상
2016030500100355,2016년 3월 5일 15시,토요일,충청남도 천안시 서북구 백석동,경상사고,0,0,2,0,차대차 - 추돌,안전운전불이행,건조,맑음,단일로 - 기타,승용,여,26세,경상,승합,남,40세,경상
2016030500100541,2016년 3월 5일 20시,토요일,충청남도 천안시 서북구 성정동,중상사고,0,1,1,0,차대차 - 측면충돌,중앙선침범,습기,비,단일로 - 기타,승용,남,39세,상해없음,승용,남,32세,경상
2016030500100542,2016년 3월 5일 20시,토요일,충청남도 천안시 서북구 불당동,경상사고,0,0,1,0,차대차 - 측면충돌,안전운전불이행,습기,비,교차로 - 교차로안,승용,여,41세,상해없음,이륜,남,34세,경상
2016030500100546,2016년 3월 5일 20시,토요일,충청남도 천안시 동남구 삼룡동,경상사고,0,0,3,0,차대차 - 추돌,안전거리미확보,습기,비,교차로 - 교차로부근,승용,남,31세,상해없음,승용,남,45세,경상
2016030500100581,2016년 3월 5일 21시,토요일,충청남도 천안시 동남구 목천읍,경상사고,0,0,2,0,차대차 - 정면충돌,신호위반,습기,비,교차로 - 교차로부근,승용,여,57세,경상,승용,여,27세,경상
2016030500100582,2016년 3월 5일 21시,토요일,충청남도 천안시 동남구 신방동,경상사고,0,0,1,0,차대차 - 기타,안전운전불이행,습기,비,단일로 - 기타,승용,남,45세,기타불명,승용,여,33세,경상
2016030600100010,2016년 3월 6일 00시,일요일,충청남도 천안시 서북구 두정동,경상사고,0,0,2,0,차대차 - 측면충돌,직진우회전진행방해,건조,맑음,교차로 - 교차로안,승용,남,40세,상해없음,승용,여,22세,경상
2016030600100034,2016년 3월 6일 01시,일요일,충청남도 천안시 서북구 와촌동,경상사고,0,0,1,0,차대차 - 측면직각충돌,신호위반,건조,맑음,교차로 - 교차로안,승용,남,33세,상해없음,승용,남,40세,경상
2016030600100100,2016년 3월 6일 07시,일요일,충청남도 천안시 동남구 원성동,경상사고,0,0,1,0,차대차 - 정면충돌,직진우회전진행방해,건조,맑음,교차로 - 교차로안,화물,남,55세,상해없음,자전거,남,59세,경상
2016030600100230,2016년 3월 6일 14시,일요일,충청남도 천안시 서북구 백석동,경상사고,0,0,1,0,차대사람 - 횡단중,안전운전불이행,건조,맑음,단일로 - 기타,승용,여,32세,상해없음,보행자,여,5세,경상
2016030600100289,2016년 3월 6일 16시,일요일,충청남도 천안시 동남구 다가동,중상사고,0,1,0,0,차대사람 - 기타,안전운전불이행,건조,맑음,단일로 - 기타,승용,남,54세,기타불명,보행자,여,88세,중상
2016030600100352,2016년 3월 6일 18시,일요일,충청남도 천안시 서북구 성정동,경상사고,0,0,1,0,차대차 - 측면직각충돌,신호위반,건조,맑음,교차로 - 교차로안,승용,남,66세,상해없음,승용,남,36세,경상
2016030600100393,2016년 3월 6일 19시,일요일,충청남도 천안시 동남구 풍세면,중상사고,0,1,0,0,차대차 - 측면직각충돌,안전거리미확보,건조,흐림,기타 - 기타,승용,남,28세,상해없음,승용,남,25세,중상
2016030700100157,2016년 3월 7일 10시,월요일,충청남도 천안시 서북구 불당동,경상사고,0,0,4,0,차대차 - 기타,안전운전불이행,건조,맑음,교차로 - 교차로안,승용,남,58세,상해없음,승합,남,47세,상해없음
2016030700100239,2016년 3월 7일 13시,월요일,충청남도 천안시 서북구 쌍용동,경상사고,0,0,2,0,차대차 - 기타,안전거리미확보,건조,맑음,교차로 - 교차로부근,승용,여,44세,상해없음,승용,여,26세,경상
2016030700100299,2016년 3월 7일 15시,월요일,충청남도 천안시 서북구 차암동,중상사고,0,1,0,0,차대사람 - 기타,안전운전불이행,건조,맑음,교차로 - 교차로안,승합,남,51세,기타불명,보행자,여,74세,중상
2016030700100446,2016년 3월 7일 19시,월요일,충청남도 천안시 동남구 목천읍,경상사고,0,0,1,0,차대차 - 추돌,교차로운행방법위반,건조,맑음,단일로 - 기타,승용,남,55세,상해없음,이륜,남,26세,경상
2016030700100447,2016년 3월 7일 19시,월요일,충청남도 천안시 동남구 수신면,경상사고,0,0,1,0,차대차 - 측면충돌,교차로운행방법위반,건조,맑음,교차로 - 교차로안,승용,남,27세,경상,화물,남,60세,상해없음
2016030700100477,2016년 3월 7일 20시,월요일,충청남도 천안시 서북구 성정동,중상사고,0,1,0,0,차대차 - 기타,안전운전불이행,건조,맑음,단일로 - 기타,승용,남,38세,상해없음,이륜,남,41세,중상
2016030800100050,2016년 3월 8일 05시,화요일,충청남도 천안시 서북구 백석동,중상사고,0,1,1,0,차대차 - 기타,안전운전불이행,건조,맑음,교차로 - 교차로안,승용,남,20세,상해없음,승용,남,47세,중상
2016030800100159,2016년 3월 8일 10시,화요일,충청남도 천안시 서북구 불당동,경상사고,0,0,1,0,차대차 - 기타,안전운전불이행,건조,맑음,교차로 - 교차로부근,화물,남,57세,상해없음,승용,남,43세,경상
2016030800100179,2016년 3월 8일 11시,화요일,충청남도 천안시 서북구 차암동,경상사고,0,0,1,0,차량단독 - 전도전복,안전운전불이행,건조,맑음,단일로 - 기타,승용,여,46세,경상,,,,
2016030800100311,2016년 3월 8일 16시,화요일,충청남도 천안시 서북구 성정동,경상사고,0,0,4,0,차대차 - 측면충돌,불법유턴,건조,맑음,단일로 - 기타,승용,여,22세,상해없음,승용,남,58세,경상
2016030800100314,2016년 3월 8일 16시,화요일,충청남도 천안시 동남구 목천읍,경상사고,0,0,1,0,차대사람 - 기타,안전운전불이행,건조,맑음,단일로 - 기타,기타불명,기타불명,기타불명,기타불명,보행자,남,16세,경상
2016030800100373,2016년 3월 8일 18시,화요일,충청남도 천안시 서북구 두정동,경상사고,0,0,1,0,차대사람 - 기타,안전운전불이행,건조,맑음,단일로 - 기타,승용,남,27세,상해없음,보행자,여,25세,경상
2016030800100510,2016년 3월 8일 22시,화요일,충청남도 천안시 동남구 영성동,경상사고,0,0,6,0,차대차 - 측면충돌,직진우회전진행방해,건조,맑음,교차로 - 교차로안,승용,여,47세,경상,승용,여,54세,경상
2016030900100034,2016년 3월 9일 02시,수요일,충청남도 천안시 서북구 백석동,경상사고,0,0,2,0,차대차 - 측면직각충돌,신호위반,건조,맑음,교차로 - 교차로안,승용,남,25세,상해없음,승용,남,47세,경상
2016030900100151,2016년 3월 9일 09시,수요일,충청남도 천안시 동남구 풍세면,중상사고,0,1,0,0,차대차 - 추돌,안전운전불이행,건조,맑음,단일로 - 기타,건설기계,남,61세,상해없음,원동기,남,78세,중상
2016030900100275,2016년 3월 9일 14시,수요일,충청남도 천안시 서북구 부대동,중상사고,0,1,1,0,차대차 - 측면직각충돌,안전운전불이행,건조,맑음,단일로 - 기타,승용,여,56세,상해없음,승용,여,34세,경상
2016030900100276,2016년 3월 9일 14시,수요일,충청남도 천안시 동남구 구성동,중상사고,0,1,0,0,차대사람 - 횡단중,보행자보호의무위반,건조,맑음,교차로 - 교차로부근,승용,여,49세,상해없음,보행자,남,69세,중상
2016030900100301,2016년 3월 9일 15시,수요일,충청남도 천안시 서북구 두정동,중상사고,0,1,0,0,차대차 - 기타,신호위반,건조,맑음,교차로 - 교차로안,승용,여,53세,상해없음,승용,여,42세,중상
2016030900100336,2016년 3월 9일 16시,수요일,충청남도 천안시 서북구 두정동,중상사고,0,1,0,0,차대사람 - 횡단중,신호위반,건조,맑음,교차로 - 교차로부근,승용,남,53세,상해없음,보행자,여,30세,중상
2016030900100367,2016년 3월 9일 17시,수요일,충청남도 천안시 서북구 쌍용동,경상사고,0,0,4,0,차대차 - 기타,안전운전불이행,건조,맑음,교차로 - 교차로부근,승용,남,27세,상해없음,승합,남,51세,상해없음
2016030900100406,2016년 3월 9일 18시,수요일,충청남도 천안시 동남구 목천읍,경상사고,0,0,1,0,차대차 - 추돌,안전운전불이행,건조,맑음,교차로 - 교차로부근,승합,남,67세,상해없음,승합,여,40세,경상
2016030900100448,2016년 3월 9일 19시,수요일,충청남도 천안시 서북구 성성동,경상사고,0,0,2,0,차대차 - 추돌,안전거리미확보,건조,맑음,교차로 - 교차로부근,승용,여,41세,상해없음,승용,남,26세,경상
2016030900100562,2016년 3월 9일 23시,수요일,충청남도 천안시 서북구 와촌동,경상사고,0,0,1,0,차대차 - 측면직각충돌,신호위반,건조,맑음,교차로 - 교차로안,승용,남,53세,상해없음,승용,남,48세,경상
2016031000100029,2016년 3월 10일 01시,목요일,충청남도 천안시 서북구 성환읍,경상사고,0,0,1,0,차대차 - 기타,안전운전불이행,건조,맑음,단일로 - 기타,화물,남,48세,상해없음,화물,남,68세,경상
2016031000100091,2016년 3월 10일 07시,목요일,충청남도 천안시 동남구 청당동,경상사고,0,0,2,1,차대차 - 정면충돌,중앙선침범,건조,맑음,단일로 - 기타,승용,남,29세,부상신고,승합,남,66세,경상
2016031000100092,2016년 3월 10일 07시,목요일,충청남도 천안시 동남구 영성동,경상사고,0,0,1,0,차대사람 - 기타,안전운전불이행,건조,맑음,단일로 - 기타,기타불명,기타불명,기타불명,기타불명,보행자,남,16세,경상
2016031000100168,2016년 3월 10일 09시,목요일,충청남도 천안시 동남구 수신면,중상사고,0,1,0,0,차대차 - 기타,과속,건조,맑음,단일로 - 기타,승용,남,30세,중상,화물,남,47세,상해없음
2016031000100277,2016년 3월 10일 13시,목요일,충청남도 천안시 서북구 두정동,경상사고,0,0,1,0,차대차 - 측면직각충돌,직진우회전진행방해,건조,맑음,교차로 - 교차로안,원동기,남,26세,경상,승용,남,46세,상해없음
2016031000100517,2016년 3월 10일 21시,목요일,충청남도 천안시 동남구 안서동,경상사고,0,0,1,0,차대차 - 추돌,차로위반,건조,맑음,미분류 - 미분류,승용,남,63세,상해없음,이륜,남,16세,경상
2016031100100075,2016년 3월 11일 05시,금요일,충청남도 천안시 동남구 청당동,경상사고,0,0,3,0,차대차 - 기타,신호위반,건조,맑음,교차로 - 교차로안,기타불명,기타불명,기타불명,기타불명,특수,남,55세,경상
2016031100100143,2016년 3월 11일 08시,금요일,충청남도 천안시 서북구 두정동,경상사고,0,0,1,0,차대차 - 추돌,안전운전불이행,건조,맑음,교차로 - 교차로부근,승용,남,30세,상해없음,화물,남,63세,경상
2016031100100186,2016년 3월 11일 09시,금요일,충청남도 천안시 서북구 성정동,경상사고,0,0,1,0,차대사람 - 기타,안전운전불이행,건조,맑음,기타 - 기타,승용,남,53세,상해없음,보행자,여,28세,경상
2016031100100398,2016년 3월 11일 16시,금요일,충청남도 천안시 서북구 두정동,경상사고,0,0,1,0,차대차 - 추돌,안전운전불이행,건조,맑음,단일로 - 기타,승용,남,43세,상해없음,승합,남,33세,경상
2016031200100073,2016년 3월 12일 04시,토요일,충청남도 천안시 서북구 쌍용동,경상사고,0,0,1,0,차대차 - 추돌,안전운전불이행,건조,맑음,기타 - 기타,승용,남,27세,상해없음,승용,남,24세,상해없음
2016031200100130,2016년 3월 12일 08시,토요일,충청남도 천안시 서북구 성정동,경상사고,0,0,1,0,차대차 - 측면충돌,안전운전불이행,건조,맑음,단일로 - 기타,승용,남,26세,상해없음,승용,남,44세,경상
2016031200100175,2016년 3월 12일 10시,토요일,충청남도 천안시 서북구 성거읍,경상사고,0,0,2,0,차대차 - 측면직각충돌,차로위반,건조,맑음,단일로 - 기타,화물,남,45세,경상,화물,남,42세,경상