사고번호,사고일시,요일,시군구,사고내용,사망자수,중상자수,경상자수,부상신고자수,사고유형,법규위반,노면상태,기상상태,도로형태,가해운전자 차종,가해운전자 성별,가해운전자 연령,가해운전자 상해정도,피해운전자 차종,피해운전자 성별,피해운전자 연령,피해운전자 상해정도
2016041700100472,2016년 4월 17일 19시,일요일,충청남도 천안시 동남구 봉명동,경상사고,0,0,1,0,차대사람 - 횡단중,안전운전불이행,건조,맑음,단일로 - 기타,승용,남,40세,상해없음,보행자,여,47세,경상
2016041700100577,2016년 4월 17일 23시,일요일,충청남도 천안시 서북구 쌍용동,경상사고,0,0,1,0,차대차 - 측면충돌,신호위반,건조,맑음,교차로 - 교차로안,승용,남,28세,상해없음,승용,남,41세,경상
2016041800100052,2016년 4월 18일 07시,월요일,충청남도 천안시 서북구 두정동,중상사고,0,2,0,0,차대차 - 추돌,안전거리미확보,건조,맑음,단일로 - 기타,승용,남,46세,상해없음,승용,여,26세,중상
2016041800100053,2016년 4월 18일 07시,월요일,충청남도 천안시 서북구 신당동,경상사고,0,0,1,0,차대차 - 추돌,안전거리미확보,건조,맑음,단일로 - 기타,화물,남,47세,상해없음,승용,여,47세,경상
2016041800100099,2016년 4월 18일 08시,월요일,충청남도 천안시 서북구 성정동,경상사고,0,0,1,0,차대차 - 추돌,교차로운행방법위반,건조,맑음,교차로 - 교차로안,승용,남,21세,상해없음,승용,여,63세,경상
2016041800100215,2016년 4월 18일 11시,월요일,충청남도 천안시 서북구 직산읍,중상사고,0,1,1,0,차대차 - 기타,불법유턴,건조,맑음,교차로 - 교차로부근,승용,남,45세,상해없음,승합,남,57세,상해없음
2016041800100278,2016년 4월 18일 13시,월요일,충청남도 천안시 서북구 쌍용동,중상사고,0,1,1,0,차대차 - 측면직각충돌,신호위반,건조,맑음,교차로 - 교차로부근,승용,남,74세,상해없음,승용,남,61세,상해없음
2016041800100498,2016년 4월 18일 18시,월요일,충청남도 천안시 서북구 백석동,경상사고,0,0,1,0,차대차 - 추돌,안전운전불이행,건조,맑음,단일로 - 기타,승용,남,27세,상해없음,승용,남,31세,경상
2016041800100613,2016년 4월 18일 21시,월요일,충청남도 천안시 동남구 쌍용동,중상사고,0,1,0,0,차대사람 - 횡단중,신호위반,습기,맑음,교차로 - 교차로부근,승용,남,49세,상해없음,보행자,남,11세,중상
2016041800100638,2016년 4월 18일 22시,월요일,충청남도 천안시 서북구 불당동,중상사고,0,1,0,0,차대사람 - 횡단중,안전운전불이행,습기,비,단일로 - 기타,승용,남,35세,상해없음,보행자,남,21세,중상
2016041900100201,2016년 4월 19일 11시,화요일,충청남도 천안시 동남구 구성동,경상사고,0,0,1,0,차대차 - 측면충돌,신호위반,건조,맑음,교차로 - 교차로안,이륜,남,85세,경상,승용,남,29세,상해없음
2016041900100232,2016년 4월 19일 12시,화요일,충청남도 천안시 동남구 봉명동,경상사고,0,0,1,0,차대사람 - 횡단중,보행자보호의무위반,건조,맑음,교차로 - 교차로안,화물,남,41세,상해없음,보행자,여,53세,경상
2016041900100233,2016년 4월 19일 12시,화요일,충청남도 천안시 동남구 청당동,경상사고,0,0,1,0,차대사람 - 기타,안전운전불이행,건조,맑음,교차로 - 교차로부근,승용,여,35세,상해없음,보행자,남,49세,경상
2016041900100337,2016년 4월 19일 15시,화요일,충청남도 천안시 서북구 성거읍,경상사고,0,0,2,0,차대차 - 정면충돌,안전운전불이행,건조,맑음,기타 - 기타,승용,남,54세,상해없음,승용,남,68세,경상
2016041900100407,2016년 4월 19일 17시,화요일,충청남도 천안시 동남구 수신면,경상사고,0,0,1,0,차대차 - 추돌,중앙선침범,건조,맑음,교차로 - 교차로안,이륜,남,56세,경상,화물,남,42세,상해없음
2016041900100408,2016년 4월 19일 17시,화요일,충청남도 천안시 동남구 청당동,경상사고,0,0,1,1,차대차 - 추돌,중앙선침범,건조,맑음,단일로 - 기타,승용,여,49세,상해없음,화물,남,31세,경상
2016041900100447,2016년 4월 19일 18시,화요일,충청남도 천안시 동남구 봉명동,경상사고,0,0,1,0,차대차 - 측면충돌,안전거리미확보,건조,맑음,단일로 - 기타,화물,남,51세,상해없음,이륜,남,16세,경상
2016041900100486,2016년 4월 19일 19시,화요일,충청남도 천안시 서북구 두정동,경상사고,0,0,1,0,차대차 - 추돌,안전운전불이행,건조,맑음,교차로 - 교차로부근,승용,남,39세,상해없음,승용,여,42세,경상
2016042000100056,2016년 4월 20일 04시,수요일,충청남도 천안시 동남구 원성동,경상사고,0,0,1,0,차대차 - 정면충돌,안전운전불이행,건조,맑음,단일로 - 기타,승용,남,23세,상해없음,화물,남,44세,경상
2016042000100084,2016년 4월 20일 07시,수요일,충청남도 천안시 서북구 직산읍,중상사고,0,1,0,1,차대차 - 측면직각충돌,안전운전불이행,건조,맑음,교차로 - 교차로부근,승용,남,62세,부상신고,승용,남,27세,중상
2016042000100085,2016년 4월 20일 07시,수요일,충청남도 천안시 서북구 두정동,경상사고,0,0,1,0,차대차 - 측면직각충돌,교차로운행방법위반,건조,맑음,교차로 - 교차로안,화물,남,53세,상해없음,승용,남,34세,경상
2016042000100088,2016년 4월 20일 07시,수요일,충청남도 천안시 동남구 구성동,중상사고,0,1,0,0,차대차 - 기타,안전거리미확보,건조,맑음,교차로 - 교차로안,승용,여,49세,상해없음,승용,여,50세,중상
2016042000100119,2016년 4월 20일 08시,수요일,충청남도 천안시 서북구 불당동,경상사고,0,0,2,0,차대차 - 측면충돌,신호위반,건조,맑음,교차로 - 교차로안,승용,여,36세,경상,승용,여,51세,경상
2016042000100162,2016년 4월 20일 09시,수요일,충청남도 천안시 동남구 목천읍,경상사고,0,0,1,0,차대차 - 측면충돌,신호위반,건조,맑음,교차로 - 교차로안,승용,여,47세,상해없음,화물,남,37세,경상
2016042000100252,2016년 4월 20일 12시,수요일,충청남도 천안시 서북구 입장면,중상사고,0,2,0,0,차대사람 - 길가장자리구역통행중,안전운전불이행,건조,맑음,단일로 - 기타,승용,여,58세,상해없음,보행자,여,65세,중상
2016042000100354,2016년 4월 20일 15시,수요일,충청남도 천안시 서북구 입장면,경상사고,0,0,2,0,차대차 - 정면충돌,안전운전불이행,건조,맑음,단일로 - 기타,화물,남,54세,경상,승용,남,55세,경상
2016042000100601,2016년 4월 20일 22시,수요일,충청남도 천안시 동남구 풍세면,중상사고,0,1,0,0,차대차 - 정면충돌,안전운전불이행,건조,맑음,단일로 - 기타,승용,기타불명,기타불명,기타불명,승용,여,44세,중상
2016042100100016,2016년 4월 21일 00시,목요일,충청남도 천안시 서북구 성정동,경상사고,0,0,1,0,차대차 - 정면충돌,중앙선침범,습기,비,교차로 - 교차로부근,승용,남,51세,상해없음,승용,여,48세,경상
2016042100100045,2016년 4월 21일 01시,목요일,충청남도 천안시 서북구 업성동,중상사고,0,1,1,0,차대차 - 추돌,안전운전불이행,건조,맑음,단일로 - 기타,승용,남,31세,경상,화물,남,36세,중상
2016042100100132,2016년 4월 21일 07시,목요일,충청남도 천안시 서북구 두정동,경상사고,0,0,1,0,차대사람 - 횡단중,안전운전불이행,습기,비,단일로 - 기타,승용,여,44세,상해없음,보행자,남,17세,경상
2016042100100330,2016년 4월 21일 14시,목요일,충청남도 천안시 서북구 직산읍,경상사고,0,0,2,0,차대차 - 추돌,안전운전불이행,건조,맑음,단일로 - 기타,승용,남,27세,상해없음,승합,남,70세,경상
2016042100100360,2016년 4월 21일 15시,목요일,충청남도 천안시 동남구 구성동,경상사고,0,0,1,0,차대차 - 측면충돌,안전운전불이행,건조,맑음,단일로 - 기타,이륜,남,23세,경상,승용,남,32세,상해없음
2016042100100393,2016년 4월 21일 16시,목요일,충청남도 천안시 동남구 풍세면,중상사고,0,1,1,0,차대차 - 추돌,안전운전불이행,건조,맑음,단일로 - 기타,화물,남,52세,중상,화물,남,49세,경상
2016042100100510,2016년 4월 21일 20시,목요일,충청남도 천안시 서북구 쌍용동,경상사고,0,0,1,0,차대사람 - 기타,안전운전불이행,건조,맑음,단일로 - 기타,승용,남,52세,상해없음,보행자,남,8세,경상
2016042100100603,2016년 4월 21일 23시,목요일,충청남도 천안시 서북구 불당동,경상사고,0,0,2,0,차대차 - 추돌,안전운전불이행,건조,맑음,교차로 - 교차로부근,승용,남,46세,상해없음,승용,남,36세,경상
2016042200100176,2016년 4월 22일 09시,금요일,충청남도 천안시 서북구 두정동,경상사고,0,0,1,0,차대차 - 측면충돌,안전운전불이행,건조,맑음,교차로 - 교차로부근,승용,남,56세,상해없음,원동기,남,20세,경상
2016042200100178,2016년 4월 22일 09시,금요일,충청남도 천안시 동남구 원성동,경상사고,0,0,1,0,차대차 - 추돌,안전운전불이행,건조,맑음,교차로 - 교차로부근,승용,남,80세,경상,화물,남,48세,상해없음
2016042200100352,2016년 4월 22일 15시,금요일,충청남도 천안시 서북구 입장면,경상사고,0,0,1,0,차대차 - 측면충돌,안전운전불이행,건조,맑음,교차로 - 교차로안,자전거,남,79세,경상,승용,남,26세,상해없음
2016042200100444,2016년 4월 22일 17시,금요일,충청남도 천안시 서북구 두정동,경상사고,0,0,1,0,차대차 - 측면충돌,교차로운행방법위반,건조,맑음,교차로 - 교차로안,승용,여,48세,상해없음,자전거,여,33세,경상
2016042200100445,2016년 4월 22일 17시,금요일,충청남도 천안시 서북구 성정동,경상사고,0,0,3,0,차대차 - 측면직각충돌,신호위반,건조,맑음,교차로 - 교차로안,승용,여,61세,경상,승용,남,55세,경상
2016042200100536,2016년 4월 22일 19시,금요일,충청남도 천안시 서북구 직산읍,중상사고,0,1,0,0,차대차 - 측면충돌,교차로운행방법위반,건조,맑음,단일로 - 기타,승용,남,53세,상해없음,이륜,남,48세,중상
2016042200100612,2016년 4월 22일 21시,금요일,충청남도 천안시 서북구 성정동,중상사고,0,2,1,1,차대차 - 추돌,안전운전불이행,건조,맑음,교차로 - 교차로부근,승용,남,29세,부상신고,승용,남,62세,중상
2016042200100648,2016년 4월 22일 22시,금요일,충청남도 천안시 서북구 쌍용동,중상사고,0,1,0,0,차대차 - 측면직각충돌,교차로운행방법위반,건조,맑음,교차로 - 교차로안,승용,남,54세,상해없음,자전거,여,26세,중상
2016042200100680,2016년 4월 22일 23시,금요일,충청남도 천안시 서북구 성성동,경상사고,0,0,1,0,차대차 - 추돌,안전운전불이행,건조,맑음,단일로 - 기타,승용,남,25세,상해없음,자전거,여,33세,경상
2016042300100238,2016년 4월 23일 11시,토요일,충청남도 천안시 동남구 영성동,경상사고,0,0,1,0,차대차 - 측면직각충돌,직진우회전진행방해,건조,맑음,교차로 - 교차로안,승용,남,75세,경상,화물,남,48세,상해없음
2016042300100273,2016년 4월 23일 12시,토요일,충청남도 천안시 서북구 성환읍,경상사고,0,0,1,0,차대차 - 측면충돌,안전운전불이행,건조,맑음,단일로 - 기타,승용,남,59세,상해없음,원동기,남,25세,경상
2016042300100315,2016년 4월 23일 13시,토요일,충청남도 천안시 동남구 신부동,경상사고,0,0,1,0,차대사람 - 횡단중,보행자보호의무위반,건조,맑음,단일로 - 횡단보도상,승용,여,64세,상해없음,보행자,남,53세,경상
2016042300100316,2016년 4월 23일 13시,토요일,충청남도 천안시 동남구 목천읍,경상사고,0,0,1,0,차대사람 - 길가장자리구역통행중,안전운전불이행,건조,맑음,단일로 - 기타,승합,남,54세,상해없음,보행자,남,58세,경상
2016042300100356,2016년 4월 23일 14시,토요일,충청남도 천안시 동남구 신방동,중상사고,0,1,1,0,차대차 - 정면충돌,안전운전불이행,건조,맑음,교차로 - 교차로안,승용,여,55세,상해없음,승용,남,39세,경상
2016042300100562,2016년 4월 23일 20시,토요일,충청남도 천안시 서북구 두정동,경상사고,0,0,1,0,차대사람 - 기타,안전운전불이행,건조,맑음,단일로 - 기타,승용,남,18세,상해없음,보행자,남,31세,경상
2016042300100619,2016년 4월 23일 22시,토요일,충청남도 천안시 동남구 구성동,사망사고,1,0,0,0,차대사람 - 횡단중,과속,건조,맑음,교차로 - 교차로부근,승용,남,23세,상해없음,보행자,남,49세,사망
2016042300100640,2016년 4월 23일 23시,토요일,충청남도 천안시 서북구 두정동,경상사고,0,0,1,0,차량단독 - 전도전복,안전운전불이행,건조,맑음,단일로 - 기타,원동기,남,38세,상해없음,,,,
2016042400100029,2016년 4월 24일 01시,일요일,충청남도 천안시 동남구 안서동,경상사고,0,0,1,0,차대사람 - 횡단중,보행자보호의무위반,건조,맑음,단일로 - 횡단보도상,승용,남,21세,상해없음,보행자,남,18세,경상
2016042400100109,2016년 4월 24일 07시,일요일,충청남도 천안시 서북구 성거읍,경상사고,0,0,2,0,차대차 - 추돌,안전운전불이행,건조,맑음,단일로 - 기타,승용,남,27세,상해없음,화물,남,41세,경상
2016042400100182,2016년 4월 24일 11시,일요일,충청남도 천안시 서북구 업성동,경상사고,0,0,4,0,차대차 - 기타,신호위반,건조,맑음,교차로 - 교차로안,승용,남,54세,경상,승용,남,40세,경상
2016042500100004,2016년 4월 25일 00시,월요일,충청남도 천안시 동남구 삼룡동,경상사고,0,0,1,0,차대차 - 추돌,안전거리미확보,건조,맑음,단일로 - 터널,승용,남,23세,상해없음,승용,남,56세,경상
2016042500100023,2016년 4월 25일 01시,월요일,충청남도 천안시 서북구 쌍용동,사망사고,1,2,1,0,차대사람 - 횡단중,안전운전불이행,건조,맑음,단일로 - 기타,승용,남,27세,상해없음,보행자,남,46세,사망
2016042500100227,2016년 4월 25일 11시,월요일,충청남도 천안시 서북구 직산읍,경상사고,0,0,1,0,차대차 - 측면충돌,안전운전불이행,건조,맑음,교차로 - 교차로안,승합,남,47세,상해없음,이륜,남,34세,경상
2016042500100418,2016년 4월 25일 16시,월요일,충청남도 천안시 서북구 쌍용동,경상사고,0,0,1,1,차대차 - 측면직각충돌,안전운전불이행,건조,맑음,단일로 - 기타,승용,남,50세,부상신고,승용,남,32세,경상
2016042500100458,2016년 4월 25일 17시,월요일,충청남도 천안시 동남구 풍세면,경상사고,0,0,1,0,차대차 - 추돌,안전운전불이행,건조,맑음,기타 - 기타,화물,남,64세,기타불명,이륜,남,62세,경상
2016042500100572,2016년 4월 25일 20시,월요일,충청남도 천안시 동남구 목천읍,경상사고,0,0,1,0,차대차 - 추돌,안전운전불이행,건조,맑음,단일로 - 기타,승용,남,25세,경상,건설기계,남,51세,상해없음
2016042600100008,2016년 4월 26일 00시,화요일,충청남도 천안시 서북구 성거읍,경상사고,0,0,1,0,차대차 - 기타,안전운전불이행,건조,맑음,단일로 - 기타,승용,남,57세,상해없음,승합,남,27세,경상
2016042600100018,2016년 4월 26일 01시,화요일,충청남도 천안시 서북구 성정동,경상사고,0,0,1,0,차대차 - 기타,안전운전불이행,건조,맑음,교차로 - 교차로안,승용,남,40세,상해없음,원동기,남,42세,경상
2016042600100169,2016년 4월 26일 09시,화요일,충청남도 천안시 서북구 직산읍,경상사고,0,0,1,0,차대차 - 정면충돌,안전운전불이행,건조,맑음,단일로 - 기타,승용,남,46세,상해없음,승합,남,38세,기타불명
2016042600100237,2016년 4월 26일 11시,화요일,충청남도 천안시 동남구 목천읍,경상사고,0,0,2,0,차대차 - 측면직각충돌,신호위반,건조,맑음,교차로 - 교차로안,승용,남,50세,경상,화물,남,49세,경상
2016042600100394,2016년 4월 26일 15시,화요일,충청남도 천안시 동남구 용곡동,중상사고,0,2,0,0,차대차 - 정면충돌,안전운전불이행,건조,맑음,단일로 - 기타,특수,남,39세,상해없음,승용,여,42세,중상
2016042600100665,2016년 4월 26일 23시,화요일,충청남도 천안시 서북구 성거읍,경상사고,0,0,1,0,차대차 - 추돌,안전운전불이행,건조,맑음,교차로 - 교차로부근,승용,남,31세,상해없음,화물,남,54세,경상
2016042600100666,2016년 4월 26일 23시,화요일,충청남도 천안시 서북구 불당동,경상사고,0,0,1,0,차대차 - 추돌,안전운전불이행,건조,맑음,단일로 - 기타,승용,남,43세,상해없음,승용,남,29세,경상
2016042700100304,2016년 4월 27일 13시,수요일,충청남도 천안시 동남구 병천면,경상사고,0,0,1,0,차대차 - 측면직각충돌,신호위반,습기,맑음,교차로 - 교차로안,승용,여,31세,상해없음,승용,여,59세,경상
2016042700100333,2016년 4월 27일 14시,수요일,충청남도 천안시 서북구 성정동,경상사고,0,0,1,0,차대차 - 기타,안전거리미확보,습기,비,단일로 - 기타,승용,남,51세,상해없음,원동기,남,23세,경상
2016042700100563,2016년 4월 27일 20시,수요일,충청남도 천안시 서북구 쌍용동,중상사고,0,1,0,0,차대차 - 추돌,안전운전불이행,습기,비,단일로 - 기타,원동기,남,17세,중상,승합,남,58세,상해없음
2016042700100605,2016년 4월 27일 21시,수요일,충청남도 천안시 서북구 쌍용동,경상사고,0,0,1,0,차대차 - 정면충돌,안전운전불이행,습기,맑음,교차로 - 교차로안,승용,여,31세,상해없음,승용,여,38세,경상
2016042700100606,2016년 4월 27일 21시,수요일,충청남도 천안시 서북구 두정동,경상사고,0,0,2,0,차대차 - 기타,안전운전불이행,습기,비,교차로 - 교차로부근,승용,남,33세,상해없음,승용,남,29세,경상
2016042800100138,2016년 4월 28일 08시,목요일,충청남도 천안시 서북구 성정동,경상사고,0,0,2,0,차대차 - 기타,안전운전불이행,건조,맑음,단일로 - 기타,승용,남,48세,상해없음,승용,여,37세,경상
2016042800100139,2016년 4월 28일 08시,목요일,충청남도 천안시 서북구 직산읍,경상사고,0,0,1,0,차대사람 - 차도통행중,안전운전불이행,건조,맑음,단일로 - 기타,자전거,남,14세,상해없음,보행자,여,21세,경상
2016042800100176,2016년 4월 28일 09시,목요일,충청남도 천안시 동남구 청수동,중상사고,0,1,0,0,차대사람 - 횡단중,보행자보호의무위반,건조,맑음,단일로 - 횡단보도상,승용,여,66세,상해없음,보행자,여,71세,중상
2016042800100207,2016년 4월 28일 10시,목요일,충청남도 천안시 서북구 성정동,경상사고,0,0,1,0,차량단독 - 기타,안전운전불이행,건조,맑음,교차로 - 교차로부근,승용,남,58세,상해없음,,,,
2016042800100271,2016년 4월 28일 12시,목요일,충청남도 천안시 동남구 신부동,중상사고,0,1,0,0,차대차 - 측면충돌,기타,건조,맑음,단일로 - 기타,승용,남,50세,상해없음,이륜,남,31세,중상
2016042800100335,2016년 4월 28일 14시,목요일,충청남도 천안시 서북구 불당동,경상사고,0,0,1,0,차대차 - 추돌,안전운전불이행,건조,맑음,단일로 - 기타,승용,남,48세,상해없음,승용,남,30세,경상
2016042800100442,2016년 4월 28일 17시,목요일,충청남도 천안시 동남구 목천읍,중상사고,0,1,1,0,차대차 - 측면충돌,신호위반,건조,맑음,교차로 - 교차로안,화물,남,35세,상해없음,화물,남,50세,중상
2016042800100443,2016년 4월 28일 17시,목요일,충청남도 천안시 동남구 구성동,중상사고,0,1,0,0,차량단독 - 기타,안전운전불이행,건조,맑음,단일로 - 기타,승합,남,38세,상해없음,,,,
2016042800100527,2016년 4월 28일 19시,목요일,충청남도 천안시 서북구 불당동,경상사고,0,0,1,1,차대차 - 기타,안전운전불이행,건조,맑음,단일로 - 기타,원동기,남,19세,부상신고,승용,남,27세,경상
2016042800100573,2016년 4월 28일 20시,목요일,충청남도 천안시 서북구 두정동,경상사고,0,0,2,0,차대차 - 기타,안전운전불이행,건조,맑음,교차로 - 교차로안,승용,남,31세,상해없음,승용,남,26세,경상
2016042800100641,2016년 4월 28일 22시,목요일,충청남도 천안시 서북구 성정동,경상사고,0,0,1,0,차대사람 - 횡단중,안전운전불이행,건조,맑음,교차로 - 교차로안,승합,남,45세,상해없음,보행자,남,35세,경상
2016042800100667,2016년 4월 28일 23시,목요일,충청남도 천안시 서북구 성정동,경상사고,0,0,4,0,차대차 - 측면직각충돌,신호위반,건조,맑음,교차로 - 교차로안,승용,남,27세,상해없음,승용,남,31세,경상
2016042900100044,2016년 4월 29일 02시,금요일,충청남도 천안시 서북구 성정동,경상사고,0,0,3,0,차대차 - 측면직각충돌,안전운전불이행,건조,맑음,단일로 - 기타,승용,남,26세,상해없음,승용,남,44세,경상
2016042900100046,2016년 4월 29일 02시,금요일,충청남도 천안시 동남구 원성동,경상사고,0,0,1,0,차대차 - 추돌,안전운전불이행,건조,맑음,교차로 - 교차로부근,승용,남,76세,상해없음,승용,여,48세,경상
2016042900100054,2016년 4월 29일 03시,금요일,충청남도 천안시 서북구 직산읍,중상사고,0,1,0,0,차대차 - 추돌,차로위반,건조,맑음,단일로 - 기타,승용,남,28세,상해없음,승용,여,41세,중상
2016042900100106,2016년 4월 29일 07시,금요일,충청남도 천안시 서북구 성정동,경상사고,0,0,1,0,차대차 - 측면충돌,안전운전불이행,건조,맑음,단일로 - 횡단보도상,승용,여,29세,상해없음,자전거,남,18세,경상
2016042900100204,2016년 4월 29일 10시,금요일,충청남도 천안시 서북구 신당동,경상사고,0,0,1,0,차량단독 - 기타,안전운전불이행,건조,맑음,단일로 - 기타,승합,남,34세,상해없음,,,,
2016042900100265,2016년 4월 29일 12시,금요일,충청남도 천안시 서북구 두정동,경상사고,0,0,2,0,차대차 - 기타,교차로운행방법위반,건조,맑음,교차로 - 교차로안,승용,여,35세,경상,승용,여,45세,경상
2016042900100535,2016년 4월 29일 19시,금요일,충청남도 천안시 동남구 광덕면,중상사고,0,1,0,0,차량단독 - 전도전복,안전운전불이행,건조,맑음,단일로 - 기타,화물,남,48세,중상,,,,
2016042900100572,2016년 4월 29일 20시,금요일,충청남도 천안시 동남구 삼룡동,중상사고,0,1,2,0,차대차 - 정면충돌,안전운전불이행,건조,맑음,단일로 - 기타,기타불명,기타불명,기타불명,기타불명,승용,남,46세,중상
2016042900100607,2016년 4월 29일 21시,금요일,충청남도 천안시 동남구 신부동,경상사고,0,0,1,0,차대사람 - 횡단중,안전운전불이행,건조,맑음,교차로 - 교차로안,승용,남,22세,상해없음,보행자,남,33세,경상
2016042900100608,2016년 4월 29일 21시,금요일,충청남도 천안시 동남구 삼룡동,경상사고,0,0,1,0,차대차 - 정면충돌,안전운전불이행,건조,맑음,단일로 - 기타,승용,남,45세,상해없음,화물,남,63세,경상
2016042900100643,2016년 4월 29일 22시,금요일,충청남도 천안시 서북구 두정동,경상사고,0,0,2,0,차대차 - 추돌,안전운전불이행,건조,맑음,단일로 - 기타,승용,남,51세,상해없음,승용,여,40세,경상
2016042900100645,2016년 4월 29일 22시,금요일,충청남도 천안시 동남구 목천읍,사망사고,1,0,0,0,차량단독 - 공작물충돌,안전운전불이행,건조,맑음,단일로 - 기타,승용,남,50세,사망,,,,
2016042900100646,2016년 4월 29일 22시,금요일,충청남도 천안시 동남구 병천면,경상사고,0,0,2,0,차대차 - 추돌,안전운전불이행,건조,맑음,단일로 - 기타,승용,남,46세,상해없음,승용,남,48세,경상
2016043000100248,2016년 4월 30일 11시,토요일,충청남도 천안시 서북구 성거읍,중상사고,0,1,1,0,차량단독 - 전도전복,안전운전불이행,건조,맑음,단일로 - 기타,승합,남,62세,상해없음,,,,
2016043000100480,2016년 4월 30일 17시,토요일,충청남도 천안시 동남구 신부동,경상사고,0,0,1,0,차대차 - 측면직각충돌,안전거리미확보,건조,맑음,단일로 - 기타,승용,남,47세,상해없음,승용,남,18세,경상
2016043000100652,2016년 4월 30일 22시,토요일,충청남도 천안시 서북구 성정동,경상사고,0,0,1,0,차대사람 - 기타,안전운전불이행,건조,맑음,단일로 - 기타,승용,여,36세,상해없음,보행자,남,52세,경상
2016043000100653,2016년 4월 30일 22시,토요일,충청남도 천안시 동남구 신부동,경상사고,0,0,1,0,차대차 - 측면충돌,차로위반,건조,맑음,단일로 - 기타,승용,남,49세,상해없음,승용,여,47세,경상
2016050100100010,2016년 5월 1일 00시,일요일,충청남도 천안시 서북구 직산읍,경상사고,0,0,1,0,차대차 - 기타,중앙선침범,건조,맑음,단일로 - 기타,화물,남,52세,상해없음,승용,남,24세,경상
2016050100100030,2016년 5월 1일 01시,일요일,충청남도 천안시 서북구 두정동,경상사고,0,0,1,0,차대사람 - 횡단중,보행자보호의무위반,건조,맑음,단일로 - 횡단보도상,승용,남,57세,상해없음,보행자,남,50세,경상
2016050100100052,2016년 5월 1일 02시,일요일,충청남도 천안시 서북구 두정동,경상사고,0,0,1,0,차대사람 - 기타,안전운전불이행,건조,맑음,교차로 - 교차로안,승용,남,20세,상해없음,보행자,남,22세,경상
2016050100100277,2016년 5월 1일 14시,일요일,충청남도 천안시 동남구 풍세면,경상사고,0,0,1,0,차대차 - 측면충돌,안전운전불이행,건조,맑음,교차로 - 교차로안,원동기,여,67세,경상,승용,남,61세,상해없음
2016050100100349,2016년 5월 1일 16시,일요일,충청남도 천안시 서북구 입장면,경상사고,0,0,2,0,차대차 - 추돌,안전운전불이행,건조,맑음,교차로 - 교차로부근,승용,남,58세,상해없음,승용,남,37세,경상
2016050100100479,2016년 5월 1일 20시,일요일,충청남도 천안시 서북구 쌍용동,경상사고,0,0,2,0,차대차 - 측면직각충돌,안전운전불이행,건조,맑음,단일로 - 기타,승용,남,39세,상해없음,승용,남,63세,경상
2016050100100480,2016년 5월 1일 20시,일요일,충청남도 천안시 동남구 목천읍,중상사고,0,1,1,0,차대차 - 정면충돌,안전운전불이행,건조,맑음,교차로 - 교차로안,승용,남,46세,중상,승용,남,50세,경상
2016050100100530,2016년 5월 1일 22시,일요일,충청남도 천안시 서북구 두정동,경상사고,0,0,1,0,차대차 - 측면충돌,안전운전불이행,건조,맑음,교차로 - 교차로안,승용,여,30세,상해없음,승용,남,28세,경상
2016050200100009,2016년 5월 2일 01시,월요일,충청남도 천안시 동남구 삼룡동,경상사고,0,0,2,0,차대차 - 정면충돌,신호위반,건조,맑음,교차로 - 교차로안,승용,여,45세,경상,승용,여,43세,경상
2016050200100065,2016년 5월 2일 07시,월요일,충청남도 천안시 동남구 북면,경상사고,0,0,3,0,차대차 - 측면충돌,직진우회전진행방해,건조,맑음,교차로 - 교차로안,승용,남,64세,경상,승용,남,26세,경상
2016050200100108,2016년 5월 2일 08시,월요일,충청남도 천안시 서북구 두정동,경상사고,0,0,1,0,차대차 - 측면직각충돌,안전운전불이행,건조,맑음,단일로 - 기타,화물,남,60세,상해없음,승용,남,32세,경상
2016050200100205,2016년 5월 2일 11시,월요일,충청남도 천안시 서북구 불당동,경상사고,0,0,1,0,차대차 - 측면직각충돌,안전운전불이행,건조,맑음,단일로 - 기타,승합,남,55세,상해없음,승용,남,47세,경상
2016050200100301,2016년 5월 2일 14시,월요일,충청남도 천안시 서북구 성환읍,중상사고,0,1,0,0,차대사람 - 횡단중,보행자보호의무위반,건조,맑음,단일로 - 기타,승용,남,53세,상해없음,보행자,여,75세,중상
2016050200100346,2016년 5월 2일 15시,월요일,충청남도 천안시 서북구 두정동,경상사고,0,0,1,0,차대차 - 정면충돌,신호위반,건조,맑음,교차로 - 교차로안,승용,남,60세,상해없음,승용,남,50세,경상
2016050200100395,2016년 5월 2일 16시,월요일,충청남도 천안시 서북구 불당동,경상사고,0,0,1,0,차대사람 - 횡단중,보행자보호의무위반,건조,맑음,교차로 - 교차로부근,승용,남,48세,상해없음,보행자,남,24세,경상
2016050200100493,2016년 5월 2일 18시,월요일,충청남도 천안시 동남구 신방동,경상사고,0,0,1,0,차대사람 - 횡단중,안전운전불이행,습기,비,교차로 - 교차로부근,승용,여,22세,상해없음,보행자,여,13세,경상
2016050200100590,2016년 5월 2일 20시,월요일,충청남도 천안시 동남구 원성동,경상사고,0,0,1,0,차대차 - 정면충돌,안전운전불이행,습기,비,교차로 - 교차로부근,승용,여,43세,경상,승용,남,67세,상해없음
2016050200100680,2016년 5월 2일 22시,월요일,충청남도 천안시 서북구 성정동,사망사고,1,0,0,0,차대사람 - 보도통행중,과속,습기,비,교차로 - 교차로안,승합,남,51세,상해없음,보행자,여,37세,사망