사고번호,사고일시,요일,시군구,사고내용,사망자수,중상자수,경상자수,부상신고자수,사고유형,법규위반,노면상태,기상상태,도로형태,가해운전자 차종,가해운전자 성별,가해운전자 연령,가해운전자 상해정도,피해운전자 차종,피해운전자 성별,피해운전자 연령,피해운전자 상해정도
2016081200100287,2016년 8월 12일 13시,금요일,충청남도 천안시 서북구 입장면,경상사고,0,0,1,0,차대차 - 기타,안전운전불이행,건조,맑음,단일로 - 기타,화물,남,69세,상해없음,자전거,여,74세,경상
2016081200100348,2016년 8월 12일 15시,금요일,충청남도 천안시 서북구 백석동,경상사고,0,0,2,0,차대사람 - 기타,안전운전불이행,건조,맑음,교차로 - 교차로안,건설기계,남,58세,상해없음,보행자,여,43세,경상
2016081200100352,2016년 8월 12일 15시,금요일,충청남도 천안시 동남구 삼룡동,중상사고,0,1,1,0,차대차 - 측면직각충돌,신호위반,건조,맑음,교차로 - 교차로안,승합,남,49세,상해없음,승용,여,42세,중상
2016081200100476,2016년 8월 12일 18시,금요일,충청남도 천안시 동남구 신부동,경상사고,0,0,1,0,차대차 - 측면직각충돌,안전운전불이행,건조,맑음,단일로 - 기타,이륜,남,40세,경상,승용,여,58세,상해없음
2016081200100521,2016년 8월 12일 19시,금요일,충청남도 천안시 서북구 직산읍,경상사고,0,0,2,0,차대차 - 기타,안전운전불이행,건조,맑음,단일로 - 기타,승용,남,58세,상해없음,승용,남,48세,경상
2016081200100566,2016년 8월 12일 20시,금요일,충청남도 천안시 서북구 직산읍,중상사고,0,1,2,0,차대차 - 추돌,안전운전불이행,건조,맑음,단일로 - 기타,승합,남,56세,상해없음,승용,남,40세,중상
2016081200100571,2016년 8월 12일 20시,금요일,충청남도 천안시 동남구 봉명동,경상사고,0,0,1,0,차대사람 - 횡단중,안전운전불이행,건조,맑음,기타 - 기타,승용,남,63세,상해없음,보행자,남,35세,경상
2016081300100141,2016년 8월 13일 08시,토요일,충청남도 천안시 서북구 두정동,경상사고,0,0,1,0,차대차 - 기타,안전운전불이행,건조,맑음,교차로 - 교차로안,승용,남,22세,상해없음,승용,여,57세,경상
2016081300100168,2016년 8월 13일 09시,토요일,충청남도 천안시 서북구 성정동,경상사고,0,0,3,0,차대차 - 추돌,안전운전불이행,건조,맑음,교차로 - 교차로부근,승용,남,38세,상해없음,승용,여,45세,경상
2016081300100200,2016년 8월 13일 10시,토요일,충청남도 천안시 서북구 직산읍,중상사고,0,1,0,0,차대사람 - 횡단중,안전운전불이행,건조,맑음,교차로 - 교차로부근,승용,남,48세,상해없음,보행자,남,64세,중상
2016081300100345,2016년 8월 13일 14시,토요일,충청남도 천안시 서북구 불당동,경상사고,0,0,1,0,차대차 - 추돌,안전운전불이행,건조,맑음,교차로 - 교차로부근,화물,남,50세,상해없음,승용,여,39세,경상
2016081300100454,2016년 8월 13일 17시,토요일,충청남도 천안시 서북구 쌍용동,중상사고,0,2,1,0,차대차 - 추돌,안전거리미확보,건조,맑음,단일로 - 기타,승용,남,63세,상해없음,승용,남,39세,중상
2016081300100503,2016년 8월 13일 18시,토요일,충청남도 천안시 서북구 직산읍,경상사고,0,0,2,0,차대차 - 기타,안전운전불이행,건조,맑음,교차로 - 교차로부근,기타불명,기타불명,기타불명,기타불명,승용,여,41세,경상
2016081300100505,2016년 8월 13일 18시,토요일,충청남도 천안시 동남구 원성동,경상사고,0,0,1,0,차대차 - 측면충돌,안전운전불이행,건조,맑음,단일로 - 기타,승용,남,47세,상해없음,승용,여,60세,기타불명
2016081300100528,2016년 8월 13일 19시,토요일,충청남도 천안시 동남구 문화동,중상사고,0,1,0,0,차대사람 - 횡단중,안전운전불이행,건조,맑음,단일로 - 기타,이륜,남,54세,상해없음,보행자,여,70세,중상
2016081300100569,2016년 8월 13일 20시,토요일,충청남도 천안시 서북구 두정동,경상사고,0,0,3,0,차대차 - 기타,안전운전불이행,건조,맑음,교차로 - 교차로부근,승용,남,33세,상해없음,승용,남,48세,상해없음
2016081400100336,2016년 8월 14일 17시,일요일,충청남도 천안시 동남구 청당동,경상사고,0,0,2,0,차대차 - 측면충돌,신호위반,건조,맑음,교차로 - 교차로안,승용,남,55세,상해없음,승용,남,50세,경상
2016081400100417,2016년 8월 14일 20시,일요일,충청남도 천안시 서북구 성거읍,중상사고,0,1,4,0,차대차 - 정면충돌,차로위반,건조,맑음,단일로 - 기타,승용,남,35세,상해없음,승합,남,46세,경상
2016081400100447,2016년 8월 14일 21시,일요일,충청남도 천안시 동남구 목천읍,경상사고,0,0,1,0,차대차 - 추돌,안전거리미확보,건조,맑음,단일로 - 기타,승용,여,52세,상해없음,승용,남,58세,경상
2016081500100011,2016년 8월 15일 00시,월요일,충청남도 천안시 서북구 성정동,중상사고,0,1,0,0,차대차 - 측면직각충돌,안전운전불이행,건조,맑음,교차로 - 교차로안,승용,남,28세,상해없음,이륜,남,22세,중상
2016081500100012,2016년 8월 15일 00시,월요일,충청남도 천안시 서북구 두정동,경상사고,0,0,1,0,차대사람 - 기타,안전운전불이행,건조,맑음,교차로 - 교차로안,승용,남,27세,상해없음,보행자,남,20세,경상
2016081500100082,2016년 8월 15일 08시,월요일,충청남도 천안시 동남구 삼룡동,경상사고,0,0,1,0,차대차 - 측면직각충돌,교차로운행방법위반,건조,맑음,교차로 - 교차로부근,건설기계,남,49세,상해없음,승용,남,55세,경상
2016081500100150,2016년 8월 15일 11시,월요일,충청남도 천안시 서북구 두정동,경상사고,0,0,2,0,차대차 - 기타,안전운전불이행,건조,맑음,단일로 - 기타,승용,남,52세,상해없음,승용,여,37세,경상
2016081500100197,2016년 8월 15일 13시,월요일,충청남도 천안시 서북구 성성동,중상사고,0,1,0,0,차대차 - 추돌,안전운전불이행,건조,맑음,단일로 - 기타,화물,남,42세,상해없음,화물,남,39세,중상
2016081500100198,2016년 8월 15일 13시,월요일,충청남도 천안시 동남구 오룡동,중상사고,0,1,0,0,차대사람 - 횡단중,보행자보호의무위반,건조,맑음,교차로 - 교차로부근,승용,남,46세,상해없음,보행자,남,67세,중상
2016081500100257,2016년 8월 15일 15시,월요일,충청남도 천안시 서북구 입장면,경상사고,0,0,2,0,차대차 - 기타,안전운전불이행,건조,맑음,기타 - 기타,승용,남,62세,상해없음,승용,여,54세,경상
2016081600100029,2016년 8월 16일 02시,화요일,충청남도 천안시 동남구 원성동,경상사고,0,0,1,0,차대차 - 정면충돌,중앙선침범,건조,맑음,단일로 - 기타,승용,남,23세,상해없음,승용,남,22세,경상
2016081600100048,2016년 8월 16일 05시,화요일,충청남도 천안시 동남구 용곡동,경상사고,0,0,1,0,차대차 - 추돌,안전거리미확보,건조,맑음,단일로 - 기타,승용,남,26세,상해없음,승합,남,45세,상해없음
2016081600100149,2016년 8월 16일 09시,화요일,충청남도 천안시 동남구 신부동,경상사고,0,0,2,0,차대차 - 추돌,안전운전불이행,건조,맑음,단일로 - 기타,승용,남,66세,상해없음,승용,남,33세,경상
2016081600100280,2016년 8월 16일 13시,화요일,충청남도 천안시 서북구 직산읍,경상사고,0,0,2,0,차대차 - 기타,교차로운행방법위반,건조,맑음,교차로 - 교차로부근,원동기,남,16세,경상,승용,여,51세,경상
2016081600100354,2016년 8월 16일 15시,화요일,충청남도 천안시 동남구 원성동,경상사고,0,0,1,0,차대차 - 측면충돌,안전거리미확보,건조,맑음,단일로 - 기타,이륜,남,40세,경상,승용,남,56세,상해없음
2016081600100588,2016년 8월 16일 22시,화요일,충청남도 천안시 서북구 성정동,경상사고,0,0,1,0,차대차 - 기타,안전운전불이행,건조,맑음,단일로 - 기타,승용,남,19세,상해없음,승용,여,35세,상해없음
2016081600100609,2016년 8월 16일 23시,화요일,충청남도 천안시 서북구 성거읍,경상사고,0,0,1,0,차량단독 - 기타,안전운전불이행,건조,맑음,단일로 - 기타,승용,남,41세,경상,,,,
2016081700100029,2016년 8월 17일 01시,수요일,충청남도 천안시 서북구 불당동,경상사고,0,0,1,0,차대차 - 측면충돌,직진우회전진행방해,건조,맑음,교차로 - 교차로안,승용,남,33세,상해없음,승용,여,50세,경상
2016081700100256,2016년 8월 17일 12시,수요일,충청남도 천안시 동남구 청당동,경상사고,0,0,3,0,차대차 - 측면직각충돌,안전운전불이행,건조,맑음,교차로 - 교차로안,승용,여,24세,경상,승용,남,68세,경상
2016081700100287,2016년 8월 17일 13시,수요일,충청남도 천안시 서북구 두정동,경상사고,0,0,1,0,차대차 - 기타,안전운전불이행,건조,맑음,단일로 - 기타,승합,남,42세,상해없음,승용,여,43세,경상
2016081700100325,2016년 8월 17일 14시,수요일,충청남도 천안시 서북구 성정동,경상사고,0,0,1,0,차대차 - 기타,안전운전불이행,건조,맑음,교차로 - 교차로안,승용,여,34세,상해없음,원동기,남,51세,경상
2016081700100373,2016년 8월 17일 15시,수요일,충청남도 천안시 서북구 성환읍,중상사고,0,1,0,0,차대차 - 측면충돌,안전운전불이행,건조,맑음,단일로 - 기타,승용,남,47세,상해없음,원동기,남,72세,중상
2016081700100403,2016년 8월 17일 16시,수요일,충청남도 천안시 서북구 성거읍,경상사고,0,0,1,0,차대차 - 추돌,안전운전불이행,건조,맑음,단일로 - 기타,화물,남,32세,상해없음,화물,남,41세,경상
2016081700100584,2016년 8월 17일 21시,수요일,충청남도 천안시 동남구 신부동,중상사고,0,1,0,0,차대차 - 측면충돌,안전거리미확보,건조,맑음,단일로 - 기타,승용,남,23세,상해없음,이륜,남,17세,중상
2016081800100124,2016년 8월 18일 08시,목요일,충청남도 천안시 서북구 성정동,중상사고,0,1,0,0,차대차 - 측면직각충돌,중앙선침범,건조,맑음,교차로 - 교차로부근,자전거,여,27세,중상,승용,남,63세,상해없음
2016081800100222,2016년 8월 18일 11시,목요일,충청남도 천안시 동남구 동면,중상사고,0,1,0,0,차대차 - 측면직각충돌,기타,건조,맑음,교차로 - 교차로안,원동기,여,38세,중상,승용,남,55세,상해없음
2016081800100276,2016년 8월 18일 13시,목요일,충청남도 천안시 서북구 쌍용동,경상사고,0,0,1,0,차대차 - 기타,안전운전불이행,건조,맑음,단일로 - 기타,승용,남,52세,상해없음,승용,남,54세,상해없음
2016081800100311,2016년 8월 18일 14시,목요일,충청남도 천안시 동남구 신방동,경상사고,0,0,4,0,차대차 - 추돌,안전운전불이행,건조,맑음,단일로 - 기타,승용,남,51세,상해없음,승용,남,53세,경상
2016081800100562,2016년 8월 18일 21시,목요일,충청남도 천안시 동남구 구성동,경상사고,0,0,2,0,차대차 - 측면직각충돌,교차로운행방법위반,건조,맑음,교차로 - 교차로안,승용,여,47세,상해없음,승용,남,39세,경상
2016081900100268,2016년 8월 19일 13시,금요일,충청남도 천안시 서북구 쌍용동,경상사고,0,0,1,0,차대차 - 기타,기타,건조,맑음,단일로 - 횡단보도상,승용,남,31세,상해없음,자전거,남,12세,경상
2016081900100340,2016년 8월 19일 15시,금요일,충청남도 천안시 동남구 신방동,경상사고,0,0,1,0,차대차 - 측면직각충돌,안전운전불이행,건조,맑음,교차로 - 교차로안,승용,여,39세,상해없음,자전거,남,57세,경상
2016082000100099,2016년 8월 20일 06시,토요일,충청남도 천안시 서북구 쌍용동,중상사고,0,2,0,0,차대차 - 측면직각충돌,안전운전불이행,건조,맑음,교차로 - 교차로부근,승용,남,64세,중상,승용,남,45세,중상
2016082000100219,2016년 8월 20일 11시,토요일,충청남도 천안시 서북구 입장면,경상사고,0,0,1,0,차대차 - 측면직각충돌,안전운전불이행,건조,맑음,교차로 - 교차로안,승용,여,51세,상해없음,건설기계,남,48세,상해없음
2016082000100432,2016년 8월 20일 17시,토요일,충청남도 천안시 서북구 성정동,경상사고,0,0,1,0,차대차 - 측면충돌,안전운전불이행,건조,맑음,단일로 - 기타,승용,여,41세,경상,승용,남,55세,기타불명
2016082000100435,2016년 8월 20일 17시,토요일,충청남도 천안시 동남구 원성동,중상사고,0,1,0,0,차대차 - 측면직각충돌,안전운전불이행,건조,맑음,교차로 - 교차로안,화물,남,50세,상해없음,이륜,남,32세,중상
2016082000100479,2016년 8월 20일 18시,토요일,충청남도 천안시 동남구 신부동,경상사고,0,0,1,0,차대사람 - 횡단중,안전운전불이행,건조,맑음,교차로 - 교차로부근,승용,여,28세,상해없음,보행자,남,15세,경상
2016082000100519,2016년 8월 20일 19시,토요일,충청남도 천안시 서북구 차암동,경상사고,0,0,1,0,차대차 - 기타,안전운전불이행,건조,맑음,교차로 - 교차로부근,화물,남,43세,경상,승용,남,27세,상해없음
2016082000100555,2016년 8월 20일 20시,토요일,충청남도 천안시 서북구 두정동,경상사고,0,0,1,0,차대차 - 정면충돌,안전운전불이행,건조,맑음,교차로 - 교차로안,화물,남,30세,기타불명,승용,남,27세,경상
2016082100100124,2016년 8월 21일 08시,일요일,충청남도 천안시 서북구 두정동,경상사고,0,0,1,0,차대차 - 기타,안전운전불이행,건조,맑음,교차로 - 교차로안,원동기,남,19세,경상,승용,남,57세,상해없음
2016082100100338,2016년 8월 21일 17시,일요일,충청남도 천안시 동남구 원성동,경상사고,0,0,1,0,차대사람 - 횡단중,안전운전불이행,건조,맑음,단일로 - 기타,화물,남,32세,상해없음,보행자,남,66세,경상
2016082100100467,2016년 8월 21일 21시,일요일,충청남도 천안시 서북구 성거읍,경상사고,0,0,1,0,차대차 - 추돌,안전운전불이행,건조,맑음,단일로 - 기타,승용,남,41세,상해없음,승합,남,59세,경상
2016082200100228,2016년 8월 22일 10시,월요일,충청남도 천안시 서북구 입장면,경상사고,0,0,3,0,차대차 - 기타,안전운전불이행,건조,맑음,교차로 - 교차로안,승용,남,58세,경상,화물,여,61세,경상
2016082200100359,2016년 8월 22일 14시,월요일,충청남도 천안시 동남구 구성동,경상사고,0,0,2,0,차대차 - 측면직각충돌,안전운전불이행,건조,맑음,단일로 - 기타,승용,여,46세,상해없음,승용,여,43세,경상
2016082200100490,2016년 8월 22일 17시,월요일,충청남도 천안시 서북구 신당동,경상사고,0,0,1,0,차대차 - 측면직각충돌,안전운전불이행,건조,맑음,단일로 - 기타,화물,남,58세,상해없음,승용,남,51세,경상
2016082200100491,2016년 8월 22일 17시,월요일,충청남도 천안시 서북구 두정동,경상사고,0,0,2,0,차대차 - 추돌,안전운전불이행,건조,맑음,교차로 - 교차로부근,승용,여,42세,상해없음,승용,여,27세,경상
2016082200100493,2016년 8월 22일 17시,월요일,충청남도 천안시 동남구 삼룡동,사망사고,1,0,0,0,차대사람 - 횡단중,안전운전불이행,건조,맑음,단일로 - 횡단보도부근,승용,남,46세,상해없음,보행자,남,62세,사망
2016082200100525,2016년 8월 22일 18시,월요일,충청남도 천안시 서북구 성거읍,경상사고,0,0,1,0,차대차 - 측면직각충돌,중앙선침범,건조,맑음,교차로 - 교차로부근,승용,여,48세,상해없음,승용,남,29세,경상
2016082200100526,2016년 8월 22일 18시,월요일,충청남도 천안시 서북구 백석동,경상사고,0,0,3,0,차대차 - 측면직각충돌,안전거리미확보,건조,맑음,단일로 - 기타,승용,남,31세,상해없음,승용,남,29세,경상
2016082200100611,2016년 8월 22일 20시,월요일,충청남도 천안시 동남구 다가동,경상사고,0,0,1,0,차대차 - 측면충돌,안전운전불이행,건조,맑음,단일로 - 기타,승용,남,65세,상해없음,이륜,남,27세,경상
2016082200100649,2016년 8월 22일 21시,월요일,충청남도 천안시 동남구 봉명동,중상사고,0,1,0,0,차대차 - 측면충돌,교차로운행방법위반,건조,맑음,단일로 - 기타,승용,남,29세,상해없음,승용,남,57세,상해없음
2016082300100007,2016년 8월 23일 00시,화요일,충청남도 천안시 서북구 쌍용동,경상사고,0,0,2,0,차대차 - 추돌,안전운전불이행,건조,맑음,교차로 - 교차로부근,승용,남,31세,상해없음,승용,남,46세,경상
2016082300100133,2016년 8월 23일 09시,화요일,충청남도 천안시 동남구 다가동,경상사고,0,0,1,0,차대사람 - 횡단중,보행자보호의무위반,건조,맑음,교차로 - 교차로부근,건설기계,남,46세,상해없음,보행자,남,58세,경상
2016082300100134,2016년 8월 23일 09시,화요일,충청남도 천안시 동남구 삼룡동,경상사고,0,0,2,0,차대차 - 기타,안전거리미확보,건조,맑음,단일로 - 기타,특수,남,34세,상해없음,승용,남,35세,경상
2016082300100422,2016년 8월 23일 18시,화요일,충청남도 천안시 동남구 원성동,중상사고,0,1,3,2,차대차 - 추돌,안전거리미확보,건조,맑음,단일로 - 기타,화물,남,33세,중상,승용,여,23세,경상
2016082300100507,2016년 8월 23일 20시,화요일,충청남도 천안시 서북구 입장면,사망사고,1,0,0,0,차대차 - 추돌,안전운전불이행,건조,맑음,단일로 - 기타,승용,남,35세,사망,화물,남,47세,상해없음
2016082300100508,2016년 8월 23일 20시,화요일,충청남도 천안시 서북구 성성동,경상사고,0,0,1,0,차대차 - 추돌,안전운전불이행,건조,맑음,단일로 - 기타,승용,남,61세,상해없음,승용,남,46세,경상
2016082300100536,2016년 8월 23일 21시,화요일,충청남도 천안시 서북구 두정동,경상사고,0,0,1,0,차대사람 - 기타,안전운전불이행,건조,맑음,단일로 - 기타,승용,남,50세,상해없음,보행자,여,47세,경상
2016082300100537,2016년 8월 23일 21시,화요일,충청남도 천안시 동남구 신방동,중상사고,0,1,0,0,차대차 - 측면충돌,안전거리미확보,건조,맑음,단일로 - 기타,승용,남,43세,상해없음,이륜,남,18세,중상
2016082400100121,2016년 8월 24일 08시,수요일,충청남도 천안시 서북구 쌍용동,경상사고,0,0,1,0,차대차 - 측면충돌,안전운전불이행,건조,맑음,교차로 - 교차로안,승합,남,54세,상해없음,승용,여,40세,경상
2016082400100219,2016년 8월 24일 11시,수요일,충청남도 천안시 서북구 쌍용동,경상사고,0,0,1,0,차대차 - 기타,안전운전불이행,건조,맑음,단일로 - 기타,원동기,남,26세,경상,승용,남,32세,상해없음
2016082400100333,2016년 8월 24일 14시,수요일,충청남도 천안시 서북구 두정동,경상사고,0,0,1,0,차대차 - 측면직각충돌,안전운전불이행,건조,맑음,교차로 - 교차로부근,승용,여,22세,상해없음,승용,여,36세,상해없음
2016082400100556,2016년 8월 24일 20시,수요일,충청남도 천안시 동남구 신방동,중상사고,0,1,0,0,차대차 - 측면직각충돌,직진우회전진행방해,건조,맑음,교차로 - 교차로안,화물,남,43세,상해없음,원동기,남,45세,중상
2016082500100117,2016년 8월 25일 08시,목요일,충청남도 천안시 서북구 성환읍,중상사고,0,1,0,0,차대차 - 측면직각충돌,중앙선침범,건조,맑음,단일로 - 기타,승용,여,55세,상해없음,원동기,여,22세,중상
2016082500100215,2016년 8월 25일 11시,목요일,충청남도 천안시 동남구 용곡동,중상사고,0,1,0,0,차대차 - 측면충돌,교차로운행방법위반,건조,맑음,교차로 - 교차로안,화물,남,34세,상해없음,이륜,남,70세,중상
2016082500100411,2016년 8월 25일 17시,목요일,충청남도 천안시 서북구 백석동,중상사고,0,2,1,0,차대차 - 기타,직진우회전진행방해,건조,맑음,교차로 - 교차로부근,승용,남,41세,상해없음,원동기,남,17세,경상
2016082500100606,2016년 8월 25일 22시,목요일,충청남도 천안시 동남구 신방동,경상사고,0,0,1,0,차대사람 - 횡단중,안전운전불이행,건조,맑음,단일로 - 기타,기타불명,기타불명,기타불명,기타불명,보행자,남,26세,경상
2016082500100629,2016년 8월 25일 23시,목요일,충청남도 천안시 동남구 구성동,경상사고,0,0,1,0,차대차 - 측면충돌,안전운전불이행,건조,맑음,단일로 - 기타,승용,남,19세,상해없음,자전거,남,54세,경상
2016082600100059,2016년 8월 26일 02시,금요일,충청남도 천안시 서북구 두정동,경상사고,0,0,1,0,차대사람 - 기타,안전운전불이행,건조,맑음,교차로 - 교차로안,승용,여,23세,상해없음,보행자,여,23세,경상
2016082600100082,2016년 8월 26일 03시,금요일,충청남도 천안시 동남구 신방동,경상사고,0,0,1,0,차대차 - 측면직각충돌,차로위반,건조,맑음,단일로 - 기타,승용,남,49세,상해없음,승용,남,32세,경상
2016082600100463,2016년 8월 26일 16시,금요일,충청남도 천안시 서북구 쌍용동,경상사고,0,0,3,0,차대차 - 기타,안전운전불이행,건조,맑음,기타 - 기타,화물,남,50세,상해없음,승용,남,35세,경상
2016082600100563,2016년 8월 26일 18시,금요일,충청남도 천안시 서북구 직산읍,경상사고,0,0,4,0,차대차 - 기타,안전운전불이행,건조,맑음,단일로 - 기타,승용,여,44세,상해없음,승합,남,59세,경상
2016082600100659,2016년 8월 26일 20시,금요일,충청남도 천안시 동남구 봉명동,중상사고,0,1,0,0,차대차 - 측면충돌,중앙선침범,건조,맑음,교차로 - 교차로안,화물,남,57세,상해없음,원동기,남,34세,중상
2016082600100697,2016년 8월 26일 21시,금요일,충청남도 천안시 서북구 쌍용동,경상사고,0,0,2,0,차대차 - 기타,안전운전불이행,건조,맑음,교차로 - 교차로부근,승용,남,52세,상해없음,승용,여,41세,경상
2016082600100698,2016년 8월 26일 21시,금요일,충청남도 천안시 동남구 대흥동,경상사고,0,0,1,0,차대사람 - 횡단중,안전운전불이행,건조,맑음,단일로 - 기타,승합,남,41세,상해없음,보행자,여,60세,경상
2016082700100310,2016년 8월 27일 12시,토요일,충청남도 천안시 동남구 다가동,중상사고,0,1,0,0,차대사람 - 횡단중,안전운전불이행,건조,맑음,교차로 - 교차로안,승용,남,48세,상해없음,보행자,여,76세,중상
2016082700100352,2016년 8월 27일 13시,토요일,충청남도 천안시 동남구 원성동,중상사고,0,1,0,0,차대차 - 측면직각충돌,교차로운행방법위반,건조,맑음,교차로 - 교차로안,승용,남,43세,상해없음,이륜,남,26세,중상
2016082700100497,2016년 8월 27일 17시,토요일,충청남도 천안시 동남구 목천읍,중상사고,0,1,0,0,차대차 - 정면충돌,중앙선침범,건조,맑음,단일로 - 기타,승용,남,23세,상해없음,승용,남,62세,중상
2016082700100498,2016년 8월 27일 17시,토요일,충청남도 천안시 서북구 성거읍,경상사고,0,0,1,0,차대차 - 기타,안전운전불이행,건조,맑음,단일로 - 기타,승용,남,54세,상해없음,승용,남,34세,경상
2016082800100199,2016년 8월 28일 12시,일요일,충청남도 천안시 동남구 다가동,경상사고,0,0,1,0,차대차 - 추돌,안전운전불이행,건조,맑음,단일로 - 기타,승용,남,48세,상해없음,승용,남,62세,경상
2016082800100529,2016년 8월 28일 22시,일요일,충청남도 천안시 서북구 두정동,중상사고,0,1,1,0,차대사람 - 기타,안전운전불이행,습기,흐림,교차로 - 교차로안,승용,남,20세,상해없음,보행자,여,21세,중상
2016082900100033,2016년 8월 29일 03시,월요일,충청남도 천안시 서북구 쌍용동,경상사고,0,0,2,0,차대차 - 측면직각충돌,안전거리미확보,건조,맑음,단일로 - 기타,승용,여,61세,상해없음,승용,남,30세,경상
2016082900100066,2016년 8월 29일 06시,월요일,충청남도 천안시 서북구 쌍용동,중상사고,0,1,0,0,차대차 - 측면직각충돌,안전운전불이행,건조,맑음,단일로 - 교량,화물,남,58세,상해없음,원동기,남,57세,중상
2016082900100163,2016년 8월 29일 09시,월요일,충청남도 천안시 서북구 직산읍,경상사고,0,0,2,1,차대차 - 기타,안전운전불이행,건조,맑음,단일로 - 기타,화물,남,36세,부상신고,화물,남,43세,경상
2016082900100273,2016년 8월 29일 12시,월요일,충청남도 천안시 서북구 성환읍,경상사고,0,0,1,0,차대차 - 정면충돌,안전운전불이행,건조,맑음,단일로 - 기타,승용,여,44세,상해없음,화물,남,47세,경상
2016082900100370,2016년 8월 29일 15시,월요일,충청남도 천안시 서북구 성환읍,중상사고,0,1,2,0,차대차 - 측면충돌,교차로운행방법위반,건조,맑음,교차로 - 교차로안,원동기,남,77세,상해없음,원동기,남,43세,중상
2016082900100498,2016년 8월 29일 18시,월요일,충청남도 천안시 서북구 쌍용동,경상사고,0,0,1,0,차대사람 - 기타,안전운전불이행,습기,흐림,단일로 - 기타,화물,남,40세,상해없음,보행자,남,14세,경상
2016082900100547,2016년 8월 29일 19시,월요일,충청남도 천안시 동남구 영성동,경상사고,0,0,1,0,차대차 - 측면충돌,안전거리미확보,습기,비,단일로 - 기타,승용,남,57세,상해없음,이륜,남,48세,경상
2016082900100668,2016년 8월 29일 23시,월요일,충청남도 천안시 서북구 두정동,중상사고,0,1,0,0,차대사람 - 기타,안전운전불이행,건조,맑음,기타 - 기타,승용,남,30세,상해없음,보행자,남,22세,중상
2016083000100019,2016년 8월 30일 01시,화요일,충청남도 천안시 동남구 청당동,경상사고,0,0,1,0,차대차 - 추돌,안전거리미확보,건조,맑음,미분류 - 미분류,승합,남,26세,상해없음,승용,여,21세,경상
2016083000100029,2016년 8월 30일 02시,화요일,충청남도 천안시 서북구 두정동,경상사고,0,0,1,0,차대사람 - 기타,보행자보호의무위반,건조,맑음,단일로 - 횡단보도상,승용,남,53세,상해없음,보행자,남,17세,경상
2016083000100090,2016년 8월 30일 07시,화요일,충청남도 천안시 서북구 직산읍,사망사고,1,0,0,0,차대차 - 측면충돌,안전운전불이행,건조,맑음,교차로 - 교차로부근,화물,남,48세,상해없음,자전거,여,73세,사망
2016083000100269,2016년 8월 30일 12시,화요일,충청남도 천안시 서북구 성환읍,중상사고,0,3,1,0,차대차 - 측면직각충돌,신호위반,건조,맑음,교차로 - 교차로안,승용,여,64세,상해없음,승용,여,48세,중상
2016083000100389,2016년 8월 30일 16시,화요일,충청남도 천안시 서북구 불당동,경상사고,0,0,1,0,차대차 - 측면직각충돌,안전운전불이행,건조,맑음,교차로 - 교차로부근,승용,남,25세,상해없음,승용,여,51세,경상
2016083000100425,2016년 8월 30일 17시,화요일,충청남도 천안시 서북구 백석동,경상사고,0,0,3,0,차대차 - 측면직각충돌,신호위반,건조,맑음,교차로 - 교차로안,승합,여,47세,상해없음,승용,여,27세,경상
2016083000100426,2016년 8월 30일 17시,화요일,충청남도 천안시 서북구 성정동,경상사고,0,0,1,0,차대사람 - 횡단중,안전운전불이행,습기,비,교차로 - 교차로안,화물,남,48세,상해없음,보행자,남,44세,경상
2016083000100490,2016년 8월 30일 19시,화요일,충청남도 천안시 서북구 성정동,경상사고,0,0,1,0,차대차 - 측면직각충돌,안전운전불이행,습기,비,단일로 - 기타,승용,남,51세,상해없음,원동기,남,37세,경상
2016083000100525,2016년 8월 30일 20시,화요일,충청남도 천안시 서북구 불당동,경상사고,0,0,2,0,차대차 - 추돌,안전운전불이행,습기,흐림,교차로 - 교차로안,승용,남,41세,상해없음,승용,남,36세,경상
2016083000100555,2016년 8월 30일 21시,화요일,충청남도 천안시 서북구 백석동,경상사고,0,0,1,0,차대사람 - 기타,안전운전불이행,건조,맑음,기타 - 기타,승용,남,33세,상해없음,보행자,남,34세,경상
2016083000100590,2016년 8월 30일 22시,화요일,충청남도 천안시 서북구 성환읍,중상사고,0,1,0,0,차대차 - 기타,직진우회전진행방해,건조,맑음,교차로 - 교차로안,화물,남,60세,상해없음,원동기,남,22세,중상
2016083000100611,2016년 8월 30일 23시,화요일,충청남도 천안시 서북구 백석동,경상사고,0,0,1,0,차대차 - 추돌,안전운전불이행,건조,맑음,교차로 - 교차로안,승용,남,31세,상해없음,승용,남,36세,경상
2016083100100075,2016년 8월 31일 04시,수요일,충청남도 천안시 서북구 두정동,중상사고,0,1,0,0,차대차 - 기타,안전운전불이행,건조,맑음,교차로 - 교차로안,승용,남,51세,기타불명,승용,여,57세,중상
2016083100100160,2016년 8월 31일 08시,수요일,충청남도 천안시 서북구 두정동,중상사고,0,1,3,0,차대차 - 측면직각충돌,직진우회전진행방해,건조,맑음,교차로 - 교차로안,승용,남,31세,상해없음,승용,여,35세,중상
2016083100100161,2016년 8월 31일 08시,수요일,충청남도 천안시 서북구 두정동,경상사고,0,0,1,0,차대차 - 측면직각충돌,안전운전불이행,습기,비,교차로 - 교차로안,승용,여,30세,상해없음,승용,여,44세,경상