사고번호,사고일시,요일,시군구,사고내용,사망자수,중상자수,경상자수,부상신고자수,사고유형,법규위반,노면상태,기상상태,도로형태,가해운전자 차종,가해운전자 성별,가해운전자 연령,가해운전자 상해정도,피해운전자 차종,피해운전자 성별,피해운전자 연령,피해운전자 상해정도
2016100600100600,2016년 10월 6일 20시,목요일,충청남도 천안시 동남구 안서동,중상사고,0,1,0,0,차대차 - 정면충돌,안전운전불이행,건조,맑음,교차로 - 교차로안,승용,남,42세,상해없음,이륜,남,23세,중상
2016100600100631,2016년 10월 6일 21시,목요일,충청남도 천안시 서북구 두정동,경상사고,0,0,1,0,차대차 - 측면직각충돌,안전운전불이행,건조,맑음,단일로 - 기타,승용,남,61세,상해없음,원동기,남,39세,경상
2016100700100077,2016년 10월 7일 06시,금요일,충청남도 천안시 서북구 두정동,중상사고,0,2,0,0,차대차 - 기타,신호위반,건조,맑음,교차로 - 교차로부근,승용,남,20세,상해없음,승용,남,62세,중상
2016100700100281,2016년 10월 7일 12시,금요일,충청남도 천안시 동남구 봉명동,중상사고,0,1,0,0,차대사람 - 횡단중,중앙선침범,건조,맑음,교차로 - 교차로안,승용,남,71세,상해없음,보행자,여,26세,중상
2016100700100312,2016년 10월 7일 13시,금요일,충청남도 천안시 서북구 입장면,중상사고,0,1,0,0,차대사람 - 횡단중,보행자보호의무위반,건조,맑음,단일로 - 횡단보도상,승용,남,53세,상해없음,보행자,여,7세,중상
2016100700100382,2016년 10월 7일 15시,금요일,충청남도 천안시 서북구 성정동,경상사고,0,0,1,0,차대차 - 기타,교차로운행방법위반,건조,맑음,교차로 - 교차로안,승용,남,65세,기타불명,승용,남,22세,경상
2016100700100467,2016년 10월 7일 17시,금요일,충청남도 천안시 동남구 신방동,경상사고,0,0,4,0,차대차 - 추돌,안전거리미확보,습기,비,교차로 - 교차로부근,승용,여,34세,상해없음,승용,남,25세,경상
2016100700100511,2016년 10월 7일 18시,금요일,충청남도 천안시 동남구 원성동,경상사고,0,0,1,0,차대차 - 추돌,안전운전불이행,습기,비,단일로 - 기타,승용,남,53세,상해없음,이륜,남,38세,경상
2016100700100512,2016년 10월 7일 18시,금요일,충청남도 천안시 동남구 신부동,경상사고,0,0,1,0,차대차 - 측면충돌,안전운전불이행,습기,비,교차로 - 교차로안,승용,여,53세,상해없음,이륜,남,33세,경상
2016100700100513,2016년 10월 7일 18시,금요일,충청남도 천안시 동남구 신부동,경상사고,0,0,1,0,차대차 - 추돌,안전운전불이행,습기,비,교차로 - 교차로부근,승용,남,68세,상해없음,이륜,남,41세,경상
2016100700100606,2016년 10월 7일 19시,금요일,충청남도 천안시 서북구 성정동,경상사고,0,0,1,0,차대차 - 측면충돌,신호위반,습기,비,교차로 - 교차로안,승용,여,44세,상해없음,이륜,남,42세,경상
2016100700100607,2016년 10월 7일 19시,금요일,충청남도 천안시 서북구 쌍용동,경상사고,0,0,5,0,차대차 - 측면충돌,신호위반,건조,맑음,교차로 - 교차로안,승용,여,61세,경상,승용,남,29세,경상
2016100700100667,2016년 10월 7일 20시,금요일,충청남도 천안시 서북구 성정동,경상사고,0,0,1,0,차대차 - 기타,안전운전불이행,습기,비,교차로 - 교차로안,승용,남,41세,기타불명,승용,남,26세,경상
2016100700100670,2016년 10월 7일 20시,금요일,충청남도 천안시 동남구 목천읍,경상사고,0,0,3,0,차대차 - 측면충돌,안전운전불이행,습기,비,교차로 - 교차로안,승용,남,27세,상해없음,승용,여,44세,경상
2016100700100726,2016년 10월 7일 21시,금요일,충청남도 천안시 서북구 입장면,사망사고,1,2,1,0,차대차 - 정면충돌,중앙선침범,습기,비,기타 - 기타,승용,남,30세,경상,승용,여,60세,중상
2016100700100727,2016년 10월 7일 21시,금요일,충청남도 천안시 서북구 성거읍,경상사고,0,0,1,0,차대차 - 측면직각충돌,중앙선침범,습기,비,단일로 - 기타,승용,남,25세,상해없음,승용,남,24세,경상
2016100800100107,2016년 10월 8일 02시,토요일,충청남도 천안시 서북구 두정동,중상사고,0,1,0,0,차대차 - 측면직각충돌,신호위반,습기,비,교차로 - 교차로안,승용,남,35세,상해없음,승용,남,38세,중상
2016100800100110,2016년 10월 8일 02시,토요일,충청남도 천안시 동남구 신방동,경상사고,0,0,1,1,차대차 - 측면충돌,신호위반,습기,비,교차로 - 교차로안,승용,남,28세,상해없음,승용,남,61세,경상
2016100800100111,2016년 10월 8일 02시,토요일,충청남도 천안시 동남구 오룡동,중상사고,0,1,1,0,차대차 - 추돌,안전운전불이행,습기,비,교차로 - 교차로부근,화물,기타불명,기타불명,기타불명,승용,남,47세,경상
2016100800100509,2016년 10월 8일 16시,토요일,충청남도 천안시 서북구 두정동,경상사고,0,0,1,0,차대차 - 추돌,안전거리미확보,건조,맑음,교차로 - 교차로안,승용,남,60세,상해없음,승용,남,26세,상해없음
2016100900100161,2016년 10월 9일 09시,일요일,충청남도 천안시 서북구 두정동,경상사고,0,0,5,0,차대차 - 기타,직진우회전진행방해,건조,맑음,교차로 - 교차로안,승용,여,28세,상해없음,승용,남,34세,경상
2016100900100209,2016년 10월 9일 11시,일요일,충청남도 천안시 서북구 성환읍,중상사고,0,1,0,0,차대차 - 기타,안전거리미확보,건조,맑음,단일로 - 기타,승용,남,72세,상해없음,이륜,남,47세,중상
2016100900100297,2016년 10월 9일 14시,일요일,충청남도 천안시 동남구 구성동,경상사고,0,0,4,0,차대차 - 측면충돌,안전거리미확보,건조,맑음,단일로 - 기타,건설기계,남,49세,상해없음,승용,남,49세,경상
2016100900100330,2016년 10월 9일 15시,일요일,충청남도 천안시 서북구 성정동,경상사고,0,0,1,0,차량단독 - 기타,안전운전불이행,건조,맑음,교차로 - 교차로부근,승용,남,53세,상해없음,,,,
2016100900100465,2016년 10월 9일 18시,일요일,충청남도 천안시 동남구 목천읍,중상사고,0,3,1,0,차대차 - 정면충돌,중앙선침범,건조,맑음,단일로 - 기타,승용,여,35세,경상,승용,남,68세,중상
2016100900100572,2016년 10월 9일 22시,일요일,충청남도 천안시 서북구 두정동,경상사고,0,0,1,0,차대차 - 기타,중앙선침범,건조,맑음,단일로 - 기타,승용,여,57세,상해없음,승용,남,49세,상해없음
2016101000100178,2016년 10월 10일 10시,월요일,충청남도 천안시 서북구 백석동,경상사고,0,0,2,1,차대차 - 측면충돌,신호위반,건조,맑음,교차로 - 교차로안,승합,남,53세,상해없음,승용,남,34세,경상
2016101000100213,2016년 10월 10일 11시,월요일,충청남도 천안시 서북구 두정동,경상사고,0,0,3,0,차대차 - 기타,안전거리미확보,건조,맑음,교차로 - 교차로부근,승용,여,55세,경상,승용,여,46세,경상
2016101000100336,2016년 10월 10일 15시,월요일,충청남도 천안시 동남구 원성동,중상사고,0,2,0,0,차대차 - 측면충돌,안전운전불이행,건조,맑음,교차로 - 교차로부근,승용,남,68세,상해없음,승용,여,62세,중상
2016101000100391,2016년 10월 10일 17시,월요일,충청남도 천안시 서북구 성환읍,사망사고,1,0,0,0,차대사람 - 차도통행중,안전운전불이행,건조,맑음,단일로 - 기타,승합,남,43세,상해없음,보행자,남,62세,사망
2016101000100431,2016년 10월 10일 18시,월요일,충청남도 천안시 동남구 신부동,중상사고,0,1,0,0,차대차 - 측면충돌,안전운전불이행,건조,맑음,교차로 - 교차로부근,승용,여,38세,상해없음,이륜,남,28세,중상
2016101000100544,2016년 10월 10일 21시,월요일,충청남도 천안시 서북구 두정동,중상사고,0,1,0,0,차대사람 - 횡단중,보행자보호의무위반,건조,맑음,단일로 - 기타,원동기,남,51세,상해없음,보행자,여,68세,중상
2016101100100029,2016년 10월 11일 02시,화요일,충청남도 천안시 동남구 신방동,중상사고,0,1,2,0,차대차 - 기타,신호위반,건조,맑음,교차로 - 교차로안,승용,남,29세,상해없음,승용,남,22세,중상
2016101100100044,2016년 10월 11일 04시,화요일,충청남도 천안시 서북구 신당동,중상사고,0,1,0,0,차대사람 - 기타,안전운전불이행,건조,맑음,단일로 - 기타,원동기,남,38세,상해없음,보행자,남,61세,중상
2016101100100066,2016년 10월 11일 06시,화요일,충청남도 천안시 서북구 성정동,경상사고,0,0,1,0,차대사람 - 횡단중,안전운전불이행,건조,맑음,단일로 - 기타,화물,남,57세,상해없음,보행자,남,66세,경상
2016101100100386,2016년 10월 11일 16시,화요일,충청남도 천안시 서북구 두정동,경상사고,0,0,1,0,차대차 - 기타,교차로운행방법위반,건조,맑음,교차로 - 교차로안,승용,여,55세,상해없음,승용,여,47세,경상
2016101100100389,2016년 10월 11일 16시,화요일,충청남도 천안시 동남구 사직동,경상사고,0,0,1,0,차대사람 - 기타,안전운전불이행,건조,맑음,단일로 - 기타,화물,남,23세,상해없음,보행자,여,73세,경상
2016101100100423,2016년 10월 11일 17시,화요일,충청남도 천안시 서북구 직산읍,경상사고,0,0,1,0,차대차 - 측면직각충돌,신호위반,건조,맑음,교차로 - 교차로안,승용,남,60세,상해없음,승용,남,73세,경상
2016101100100474,2016년 10월 11일 18시,화요일,충청남도 천안시 서북구 쌍용동,경상사고,0,0,1,0,차대사람 - 기타,신호위반,건조,맑음,교차로 - 교차로안,승합,남,34세,기타불명,보행자,남,43세,경상
2016101100100475,2016년 10월 11일 18시,화요일,충청남도 천안시 서북구 쌍용동,경상사고,0,0,1,0,차대차 - 측면직각충돌,안전운전불이행,건조,맑음,교차로 - 교차로부근,승용,남,47세,상해없음,승용,남,38세,경상
2016101100100660,2016년 10월 11일 23시,화요일,충청남도 천안시 동남구 목천읍,중상사고,0,2,0,0,차대차 - 정면충돌,중앙선침범,건조,맑음,단일로 - 기타,승용,남,56세,중상,승용,남,40세,중상
2016101200100062,2016년 10월 12일 05시,수요일,충청남도 천안시 서북구 성환읍,중상사고,0,1,0,0,차대차 - 측면직각충돌,안전운전불이행,건조,맑음,단일로 - 기타,화물,남,36세,상해없음,승합,남,64세,중상
2016101200100093,2016년 10월 12일 07시,수요일,충청남도 천안시 서북구 불당동,경상사고,0,0,1,0,차대차 - 정면충돌,중앙선침범,건조,맑음,단일로 - 기타,승용,여,40세,상해없음,자전거,남,24세,경상
2016101200100132,2016년 10월 12일 08시,수요일,충청남도 천안시 서북구 차암동,경상사고,0,0,1,0,차대사람 - 횡단중,안전운전불이행,건조,맑음,교차로 - 교차로부근,승용,남,36세,상해없음,보행자,여,32세,경상
2016101200100300,2016년 10월 12일 13시,수요일,충청남도 천안시 동남구 풍세면,중상사고,0,1,0,0,차대차 - 측면직각충돌,안전운전불이행,건조,맑음,단일로 - 기타,화물,남,50세,상해없음,원동기,남,75세,중상
2016101200100360,2016년 10월 12일 15시,수요일,충청남도 천안시 서북구 두정동,중상사고,0,1,0,1,차대차 - 기타,안전운전불이행,건조,맑음,단일로 - 기타,승용,여,59세,상해없음,화물,남,50세,기타불명
2016101200100547,2016년 10월 12일 19시,수요일,충청남도 천안시 동남구 풍세면,경상사고,0,0,3,0,차대차 - 추돌,안전거리미확보,건조,맑음,단일로 - 교량,승용,남,25세,경상,승용,남,33세,경상
2016101200100590,2016년 10월 12일 20시,수요일,충청남도 천안시 서북구 쌍용동,중상사고,0,1,0,0,차대사람 - 횡단중,안전운전불이행,건조,맑음,교차로 - 교차로부근,승용,여,62세,상해없음,보행자,남,12세,중상
2016101300100026,2016년 10월 13일 01시,목요일,충청남도 천안시 동남구 목천읍,중상사고,0,1,0,0,차량단독 - 주차차량충돌,안전운전불이행,건조,맑음,단일로 - 기타,승용,남,43세,중상,,,,
2016101300100136,2016년 10월 13일 08시,목요일,충청남도 천안시 동남구 신방동,중상사고,0,1,0,0,차대차 - 기타,안전운전불이행,건조,맑음,교차로 - 교차로안,기타불명,기타불명,기타불명,기타불명,자전거,남,72세,중상
2016101300100173,2016년 10월 13일 09시,목요일,충청남도 천안시 동남구 풍세면,경상사고,0,0,1,0,차대차 - 측면충돌,직진우회전진행방해,건조,맑음,교차로 - 교차로안,화물,남,52세,상해없음,이륜,남,62세,경상
2016101300100297,2016년 10월 13일 13시,목요일,충청남도 천안시 동남구 신방동,중상사고,0,2,0,0,차대차 - 추돌,안전거리미확보,건조,맑음,단일로 - 기타,승용,여,55세,상해없음,승용,여,64세,중상
2016101300100331,2016년 10월 13일 14시,목요일,충청남도 천안시 동남구 병천면,경상사고,0,0,4,0,차대차 - 추돌,안전운전불이행,건조,맑음,교차로 - 교차로부근,승용,남,74세,상해없음,승용,여,42세,경상
2016101300100399,2016년 10월 13일 16시,목요일,충청남도 천안시 서북구 성거읍,중상사고,0,1,0,0,차대차 - 측면충돌,안전운전불이행,건조,맑음,단일로 - 기타,승용,여,51세,상해없음,농기계,남,66세,중상
2016101300100424,2016년 10월 13일 17시,목요일,충청남도 천안시 서북구 성정동,중상사고,0,1,0,0,차대사람 - 횡단중,안전운전불이행,건조,맑음,교차로 - 교차로안,승용,여,43세,상해없음,보행자,남,11세,중상
2016101300100425,2016년 10월 13일 17시,목요일,충청남도 천안시 서북구 두정동,경상사고,0,0,1,0,차대차 - 기타,중앙선침범,건조,맑음,단일로 - 기타,승용,남,24세,상해없음,원동기,남,28세,경상
2016101300100461,2016년 10월 13일 18시,목요일,충청남도 천안시 서북구 차암동,사망사고,1,0,0,0,차대사람 - 횡단중,안전운전불이행,건조,맑음,단일로 - 기타,승용,남,34세,상해없음,보행자,남,78세,사망
2016101400100179,2016년 10월 14일 09시,금요일,충청남도 천안시 서북구 성환읍,경상사고,0,0,1,0,차대사람 - 길가장자리구역통행중,안전운전불이행,건조,맑음,단일로 - 기타,승용,남,74세,상해없음,보행자,남,23세,경상
2016101400100213,2016년 10월 14일 10시,금요일,충청남도 천안시 동남구 문화동,경상사고,0,0,1,0,차대사람 - 기타,기타,건조,맑음,단일로 - 기타,승합,남,48세,상해없음,보행자,여,58세,경상
2016101400100278,2016년 10월 14일 12시,금요일,충청남도 천안시 서북구 업성동,중상사고,0,1,1,0,차대차 - 측면충돌,안전운전불이행,건조,맑음,단일로 - 기타,화물,남,21세,상해없음,원동기,남,38세,경상
2016101400100484,2016년 10월 14일 17시,금요일,충청남도 천안시 서북구 쌍용동,경상사고,0,0,1,0,차대차 - 정면충돌,안전운전불이행,건조,맑음,단일로 - 기타,승용,여,60세,상해없음,승용,여,56세,경상
2016101400100485,2016년 10월 14일 17시,금요일,충청남도 천안시 서북구 성환읍,경상사고,0,0,1,0,차대차 - 측면충돌,신호위반,건조,맑음,교차로 - 교차로안,농기계,남,47세,상해없음,승용,남,59세,경상
2016101400100486,2016년 10월 14일 17시,금요일,충청남도 천안시 서북구 성환읍,경상사고,0,0,1,0,차대차 - 측면충돌,안전운전불이행,건조,맑음,교차로 - 교차로안,승용,남,58세,기타불명,승용,남,71세,경상
2016101400100537,2016년 10월 14일 18시,금요일,충청남도 천안시 서북구 성거읍,경상사고,0,0,2,0,차대차 - 정면충돌,차로위반,건조,맑음,단일로 - 기타,승용,여,55세,상해없음,승용,남,33세,경상
2016101400100669,2016년 10월 14일 21시,금요일,충청남도 천안시 서북구 성정동,경상사고,0,0,3,0,차대차 - 추돌,안전운전불이행,건조,맑음,단일로 - 기타,승용,남,45세,상해없음,승용,남,37세,경상
2016101400100727,2016년 10월 14일 23시,금요일,충청남도 천안시 서북구 두정동,경상사고,0,0,1,0,차대사람 - 기타,안전운전불이행,건조,맑음,단일로 - 기타,승용,여,31세,상해없음,보행자,남,27세,경상
2016101500100070,2016년 10월 15일 04시,토요일,충청남도 천안시 동남구 신방동,경상사고,0,0,2,0,차대차 - 측면직각충돌,신호위반,건조,맑음,교차로 - 교차로안,승용,남,28세,상해없음,승용,남,54세,경상
2016101500100139,2016년 10월 15일 08시,토요일,충청남도 천안시 동남구 봉명동,경상사고,0,0,1,0,차대차 - 측면충돌,안전운전불이행,건조,맑음,단일로 - 기타,승용,남,53세,기타불명,이륜,남,37세,경상
2016101500100239,2016년 10월 15일 11시,토요일,충청남도 천안시 서북구 입장면,경상사고,0,0,1,0,차대차 - 기타,안전운전불이행,건조,맑음,교차로 - 교차로부근,승용,여,60세,상해없음,승용,남,63세,경상
2016101500100240,2016년 10월 15일 11시,토요일,충청남도 천안시 동남구 병천면,중상사고,0,1,1,0,차대차 - 추돌,안전운전불이행,건조,맑음,단일로 - 기타,화물,남,55세,상해없음,농기계,남,65세,경상
2016101500100282,2016년 10월 15일 12시,토요일,충청남도 천안시 서북구 직산읍,사망사고,1,0,0,0,차량단독 - 전도전복,안전운전불이행,건조,맑음,단일로 - 기타,이륜,남,28세,사망,,,,
2016101500100316,2016년 10월 15일 13시,토요일,충청남도 천안시 서북구 성거읍,경상사고,0,0,4,0,차대차 - 기타,안전운전불이행,건조,맑음,단일로 - 기타,승용,남,34세,상해없음,승용,남,42세,경상
2016101500100365,2016년 10월 15일 14시,토요일,충청남도 천안시 동남구 병천면,경상사고,0,0,3,0,차대차 - 측면충돌,안전운전불이행,건조,맑음,단일로 - 기타,승용,남,68세,상해없음,승용,여,35세,경상
2016101500100366,2016년 10월 15일 14시,토요일,충청남도 천안시 동남구 청당동,경상사고,0,0,1,0,차대사람 - 기타,안전운전불이행,건조,맑음,단일로 - 기타,승용,여,44세,상해없음,보행자,여,34세,경상
2016101500100395,2016년 10월 15일 15시,토요일,충청남도 천안시 서북구 쌍용동,경상사고,0,0,2,0,차대차 - 측면직각충돌,교차로운행방법위반,건조,맑음,교차로 - 교차로안,승용,여,42세,상해없음,원동기,남,60세,경상
2016101500100396,2016년 10월 15일 15시,토요일,충청남도 천안시 서북구 두정동,경상사고,0,0,1,0,차대차 - 측면직각충돌,교차로운행방법위반,건조,맑음,교차로 - 교차로안,승용,남,37세,상해없음,원동기,남,51세,경상
2016101500100458,2016년 10월 15일 17시,토요일,충청남도 천안시 서북구 성거읍,중상사고,0,1,0,0,차량단독 - 기타,안전운전불이행,건조,맑음,단일로 - 기타,승합,남,68세,상해없음,,,,
2016101500100545,2016년 10월 15일 19시,토요일,충청남도 천안시 서북구 불당동,경상사고,0,0,1,0,차대차 - 측면직각충돌,안전운전불이행,건조,맑음,단일로 - 기타,승용,여,20세,상해없음,원동기,남,44세,경상
2016101500100546,2016년 10월 15일 19시,토요일,충청남도 천안시 서북구 성환읍,중상사고,0,1,0,0,차대사람 - 횡단중,안전운전불이행,건조,맑음,기타 - 기타,승용,남,20세,상해없음,보행자,여,75세,중상
2016101500100596,2016년 10월 15일 20시,토요일,충청남도 천안시 동남구 목천읍,사망사고,1,0,0,0,차량단독 - 공작물충돌,기타,건조,맑음,단일로 - 기타,이륜,남,72세,사망,,,,
2016101600100026,2016년 10월 16일 01시,일요일,충청남도 천안시 서북구 두정동,경상사고,0,0,1,0,차대사람 - 길가장자리구역통행중,안전운전불이행,건조,맑음,교차로 - 교차로부근,승용,남,19세,상해없음,보행자,남,21세,경상
2016101600100055,2016년 10월 16일 03시,일요일,충청남도 천안시 서북구 쌍용동,경상사고,0,0,1,0,차대차 - 측면직각충돌,안전운전불이행,건조,맑음,단일로 - 기타,승용,남,27세,상해없음,승용,남,31세,경상
2016101600100157,2016년 10월 16일 11시,일요일,충청남도 천안시 서북구 두정동,중상사고,0,2,2,0,차대차 - 기타,중앙선침범,건조,맑음,단일로 - 기타,승용,남,28세,중상,승용,남,66세,경상
2016101600100465,2016년 10월 16일 19시,일요일,충청남도 천안시 서북구 신당동,경상사고,0,0,1,0,차대차 - 측면충돌,신호위반,습기,비,교차로 - 교차로안,승용,여,56세,상해없음,승용,남,64세,경상
2016101600100539,2016년 10월 16일 21시,일요일,충청남도 천안시 서북구 성거읍,사망사고,1,0,0,0,차대차 - 기타,안전운전불이행,습기,비,기타 - 기타,화물,남,53세,상해없음,승합,남,42세,상해없음
2016101600100572,2016년 10월 16일 22시,일요일,충청남도 천안시 동남구 용곡동,경상사고,0,0,1,0,차대차 - 정면충돌,직진우회전진행방해,습기,비,교차로 - 교차로안,승용,여,47세,상해없음,원동기,남,35세,경상
2016101700100069,2016년 10월 17일 07시,월요일,충청남도 천안시 서북구 성정동,경상사고,0,0,1,0,차대차 - 측면직각충돌,안전운전불이행,건조,맑음,단일로 - 기타,승용,남,38세,상해없음,승용,남,29세,경상
2016101700100403,2016년 10월 17일 16시,월요일,충청남도 천안시 서북구 백석동,경상사고,0,0,1,0,차대사람 - 횡단중,안전운전불이행,건조,맑음,단일로 - 기타,승용,여,52세,상해없음,보행자,남,9세,경상
2016101700100540,2016년 10월 17일 19시,월요일,충청남도 천안시 서북구 두정동,중상사고,0,1,0,0,차대차 - 측면직각충돌,신호위반,건조,맑음,교차로 - 교차로안,승용,여,27세,상해없음,원동기,남,25세,중상
2016101700100541,2016년 10월 17일 19시,월요일,충청남도 천안시 동남구 신방동,경상사고,0,0,1,0,차대차 - 추돌,안전운전불이행,건조,맑음,단일로 - 기타,승용,남,45세,상해없음,승용,남,35세,경상
2016101800100128,2016년 10월 18일 08시,화요일,충청남도 천안시 서북구 성거읍,경상사고,0,0,1,0,차대사람 - 횡단중,기타,건조,맑음,단일로 - 횡단보도부근,화물,남,42세,상해없음,보행자,여,9세,경상
2016101800100200,2016년 10월 18일 10시,화요일,충청남도 천안시 동남구 성황동,중상사고,0,1,0,0,차대사람 - 횡단중,안전운전불이행,건조,맑음,교차로 - 교차로부근,승용,남,58세,상해없음,보행자,여,66세,중상
2016101800100455,2016년 10월 18일 18시,화요일,충청남도 천안시 서북구 직산읍,경상사고,0,0,1,0,차대차 - 추돌,안전운전불이행,건조,맑음,단일로 - 기타,승용,남,25세,상해없음,승용,남,37세,경상
2016101900100013,2016년 10월 19일 00시,수요일,충청남도 천안시 서북구 쌍용동,경상사고,0,0,1,0,차대차 - 측면직각충돌,안전거리미확보,건조,맑음,교차로 - 교차로안,승용,남,39세,상해없음,원동기,남,17세,경상
2016101900100271,2016년 10월 19일 13시,수요일,충청남도 천안시 서북구 성환읍,경상사고,0,0,1,0,차대차 - 추돌,안전운전불이행,건조,맑음,단일로 - 기타,화물,남,33세,상해없음,승합,여,53세,경상
2016101900100343,2016년 10월 19일 15시,수요일,충청남도 천안시 서북구 성환읍,중상사고,0,1,0,0,차대차 - 측면충돌,교차로운행방법위반,건조,맑음,교차로 - 교차로안,승용,남,28세,상해없음,이륜,남,75세,중상
2016101900100576,2016년 10월 19일 20시,수요일,충청남도 천안시 서북구 두정동,경상사고,0,0,4,0,차대차 - 정면충돌,신호위반,건조,맑음,교차로 - 교차로안,승용,남,52세,상해없음,승용,여,23세,경상
2016101900100577,2016년 10월 19일 20시,수요일,충청남도 천안시 동남구 원성동,중상사고,0,1,1,0,차대차 - 측면충돌,안전거리미확보,건조,맑음,단일로 - 기타,승용,남,31세,상해없음,승용,남,76세,중상
2016101900100663,2016년 10월 19일 23시,수요일,충청남도 천안시 서북구 성정동,중상사고,0,1,0,0,차대차 - 측면직각충돌,안전운전불이행,건조,맑음,단일로 - 기타,화물,남,40세,상해없음,자전거,남,49세,중상
2016102000100085,2016년 10월 20일 07시,목요일,충청남도 천안시 동남구 사직동,경상사고,0,0,1,0,차대사람 - 횡단중,안전운전불이행,건조,맑음,단일로 - 기타,승용,남,66세,상해없음,보행자,여,66세,경상
2016102000100115,2016년 10월 20일 08시,목요일,충청남도 천안시 서북구 신당동,중상사고,0,1,0,0,차대차 - 기타,안전운전불이행,건조,맑음,단일로 - 기타,승용,남,35세,상해없음,원동기,남,26세,중상
2016102000100117,2016년 10월 20일 08시,목요일,충청남도 천안시 동남구 신부동,경상사고,0,0,1,0,차대차 - 측면직각충돌,안전운전불이행,건조,맑음,교차로 - 교차로부근,승합,남,66세,상해없음,승합,남,39세,경상
2016102000100186,2016년 10월 20일 10시,목요일,충청남도 천안시 서북구 성환읍,경상사고,0,0,1,0,차대차 - 정면충돌,안전운전불이행,건조,맑음,교차로 - 교차로안,승용,남,19세,상해없음,원동기,남,74세,경상
2016102000100259,2016년 10월 20일 13시,목요일,충청남도 천안시 동남구 삼룡동,경상사고,0,0,1,0,차대차 - 추돌,안전거리미확보,건조,맑음,교차로 - 교차로부근,화물,남,41세,상해없음,승용,남,62세,경상
2016102000100437,2016년 10월 20일 18시,목요일,충청남도 천안시 동남구 목천읍,경상사고,0,0,1,0,차대사람 - 차도통행중,안전운전불이행,건조,맑음,단일로 - 기타,승용,남,37세,상해없음,보행자,남,59세,경상
2016102000100438,2016년 10월 20일 18시,목요일,충청남도 천안시 동남구 광덕면,중상사고,0,2,2,0,차대사람 - 기타,안전운전불이행,건조,맑음,단일로 - 기타,승용,남,32세,경상,보행자,남,69세,중상
2016102000100562,2016년 10월 20일 21시,목요일,충청남도 천안시 서북구 성거읍,경상사고,0,0,1,0,차대차 - 추돌,중앙선침범,건조,맑음,단일로 - 기타,화물,남,48세,상해없음,승용,여,55세,경상
2016102000100592,2016년 10월 20일 22시,목요일,충청남도 천안시 서북구 입장면,중상사고,0,1,0,0,차대차 - 정면충돌,중앙선침범,건조,맑음,교차로 - 교차로부근,승용,여,29세,상해없음,이륜,남,56세,중상
2016102000100594,2016년 10월 20일 22시,목요일,충청남도 천안시 동남구 목천읍,경상사고,0,0,1,0,차대차 - 추돌,안전운전불이행,건조,맑음,단일로 - 기타,이륜,남,26세,상해없음,이륜,남,18세,경상
2016102100100062,2016년 10월 21일 04시,금요일,충청남도 천안시 서북구 차암동,중상사고,0,1,0,0,차대차 - 추돌,안전운전불이행,건조,맑음,단일로 - 기타,승용,남,31세,상해없음,승용,여,48세,중상
2016102100100195,2016년 10월 21일 09시,금요일,충청남도 천안시 동남구 대흥동,중상사고,0,1,0,0,차대사람 - 횡단중,보행자보호의무위반,건조,맑음,단일로 - 횡단보도상,승용,여,60세,상해없음,보행자,여,80세,중상
2016102100100305,2016년 10월 21일 13시,금요일,충청남도 천안시 동남구 신부동,중상사고,0,1,0,0,차대사람 - 길가장자리구역통행중,안전운전불이행,건조,맑음,단일로 - 기타,승합,남,57세,상해없음,보행자,여,83세,중상
2016102100100306,2016년 10월 21일 13시,금요일,충청남도 천안시 동남구 구성동,경상사고,0,0,1,0,차대차 - 측면직각충돌,안전거리미확보,건조,맑음,단일로 - 기타,승용,남,79세,상해없음,승용,여,44세,경상
2016102100100422,2016년 10월 21일 16시,금요일,충청남도 천안시 서북구 부대동,경상사고,0,0,1,0,차대차 - 측면직각충돌,안전운전불이행,건조,맑음,단일로 - 기타,화물,남,58세,상해없음,승용,남,50세,경상
2016102100100423,2016년 10월 21일 16시,금요일,충청남도 천안시 서북구 쌍용동,중상사고,0,1,1,0,차대차 - 측면직각충돌,신호위반,건조,맑음,교차로 - 교차로안,승용,남,54세,상해없음,승용,남,58세,경상
2016102100100457,2016년 10월 21일 17시,금요일,충청남도 천안시 서북구 쌍용동,경상사고,0,0,1,0,차대차 - 기타,안전운전불이행,건조,맑음,단일로 - 기타,승용,여,27세,상해없음,승용,남,35세,경상
2016102100100458,2016년 10월 21일 17시,금요일,충청남도 천안시 서북구 직산읍,경상사고,0,0,1,0,차대차 - 추돌,안전거리미확보,건조,맑음,단일로 - 기타,화물,남,45세,상해없음,승용,남,44세,경상
2016102100100638,2016년 10월 21일 20시,금요일,충청남도 천안시 서북구 성정동,경상사고,0,0,1,0,차대차 - 측면직각충돌,중앙선침범,건조,맑음,단일로 - 기타,승용,남,34세,상해없음,원동기,남,41세,경상
2016102100100687,2016년 10월 21일 21시,금요일,충청남도 천안시 서북구 성정동,경상사고,0,0,1,0,차대사람 - 횡단중,안전운전불이행,건조,맑음,교차로 - 교차로부근,승용,남,59세,상해없음,보행자,여,73세,경상
2016102200100528,2016년 10월 22일 19시,토요일,충청남도 천안시 서북구 성거읍,경상사고,0,0,1,0,차대차 - 측면충돌,안전운전불이행,건조,맑음,교차로 - 교차로부근,화물,남,59세,상해없음,승용,남,37세,경상