사고번호,사고일시,요일,시군구,사고내용,사망자수,중상자수,경상자수,부상신고자수,사고유형,법규위반,노면상태,기상상태,도로형태,가해운전자 차종,가해운전자 성별,가해운전자 연령,가해운전자 상해정도,피해운전자 차종,피해운전자 성별,피해운전자 연령,피해운전자 상해정도
2016121100100083,2016년 12월 11일 05시,일요일,충청남도 천안시 서북구 쌍용동,경상사고,0,0,1,0,차대차 - 추돌,안전운전불이행,건조,맑음,교차로 - 교차로부근,승용,남,25세,상해없음,승합,남,56세,상해없음
2016121100100411,2016년 12월 11일 19시,일요일,충청남도 천안시 동남구 목천읍,경상사고,0,0,1,0,차대차 - 추돌,안전운전불이행,건조,맑음,교차로 - 교차로부근,승용,남,49세,기타불명,승용,남,26세,경상
2016121100100412,2016년 12월 11일 19시,일요일,충청남도 천안시 동남구 영성동,경상사고,0,0,2,0,차대차 - 추돌,안전운전불이행,건조,맑음,단일로 - 기타,승용,남,48세,상해없음,승용,여,58세,경상
2016121100100462,2016년 12월 11일 21시,일요일,충청남도 천안시 동남구 신부동,중상사고,0,2,0,0,차대차 - 추돌,안전거리미확보,건조,맑음,단일로 - 기타,승용,남,34세,상해없음,승용,여,23세,중상
2016121200100214,2016년 12월 12일 12시,월요일,충청남도 천안시 동남구 안서동,중상사고,0,1,0,0,차대차 - 측면충돌,안전운전불이행,건조,맑음,단일로 - 기타,승용,남,68세,상해없음,이륜,남,20세,중상
2016121200100356,2016년 12월 12일 17시,월요일,충청남도 천안시 서북구 와촌동,경상사고,0,0,1,0,차대사람 - 횡단중,안전운전불이행,건조,맑음,교차로 - 교차로안,이륜,남,65세,상해없음,보행자,남,7세,경상
2016121200100450,2016년 12월 12일 19시,월요일,충청남도 천안시 동남구 오룡동,중상사고,0,1,0,0,차대차 - 측면직각충돌,신호위반,건조,맑음,교차로 - 교차로안,승용,여,52세,상해없음,승용,여,20세,중상
2016121200100509,2016년 12월 12일 21시,월요일,충청남도 천안시 서북구 성정동,경상사고,0,0,1,0,차대차 - 기타,안전운전불이행,건조,맑음,기타 - 기타,승용,남,41세,상해없음,승용,여,48세,기타불명
2016121200100546,2016년 12월 12일 23시,월요일,충청남도 천안시 서북구 쌍용동,중상사고,0,1,1,0,차대차 - 정면충돌,신호위반,습기,흐림,교차로 - 교차로안,승용,남,51세,상해없음,원동기,남,24세,중상
2016121300100053,2016년 12월 13일 06시,화요일,충청남도 천안시 서북구 직산읍,중상사고,0,1,0,0,차대사람 - 길가장자리구역통행중,안전운전불이행,건조,맑음,단일로 - 기타,승용,남,29세,상해없음,보행자,여,51세,중상
2016121300100290,2016년 12월 13일 14시,화요일,충청남도 천안시 서북구 성거읍,중상사고,0,2,1,0,차대차 - 측면직각충돌,안전운전불이행,건조,맑음,단일로 - 기타,승용,여,41세,상해없음,승용,여,38세,중상
2016121300100480,2016년 12월 13일 19시,화요일,충청남도 천안시 동남구 목천읍,경상사고,0,0,3,0,차대차 - 추돌,안전거리미확보,건조,맑음,단일로 - 기타,승용,여,30세,경상,승용,남,36세,경상
2016121300100517,2016년 12월 13일 20시,화요일,충청남도 천안시 서북구 쌍용동,경상사고,0,0,1,0,차대차 - 측면직각충돌,직진우회전진행방해,건조,맑음,교차로 - 교차로안,승용,남,72세,상해없음,승용,여,33세,경상
2016121300100540,2016년 12월 13일 21시,화요일,충청남도 천안시 서북구 성정동,경상사고,0,0,1,0,차대사람 - 횡단중,안전운전불이행,건조,맑음,단일로 - 기타,승용,남,33세,상해없음,보행자,여,26세,경상
2016121300100568,2016년 12월 13일 22시,화요일,충청남도 천안시 서북구 성정동,경상사고,0,0,1,0,차대차 - 측면직각충돌,안전운전불이행,건조,맑음,단일로 - 기타,승용,남,55세,상해없음,승용,남,55세,경상
2016121300100595,2016년 12월 13일 23시,화요일,충청남도 천안시 동남구 신방동,중상사고,0,2,0,0,차대차 - 측면충돌,중앙선침범,건조,맑음,단일로 - 기타,승용,남,40세,중상,승용,여,25세,중상
2016121400100221,2016년 12월 14일 12시,수요일,충청남도 천안시 서북구 쌍용동,경상사고,0,0,1,0,차대차 - 기타,안전운전불이행,건조,맑음,교차로 - 교차로부근,승용,남,27세,상해없음,승용,여,47세,경상
2016121400100430,2016년 12월 14일 19시,수요일,충청남도 천안시 서북구 성거읍,경상사고,0,0,3,0,차대차 - 추돌,안전운전불이행,건조,맑음,교차로 - 교차로부근,승용,남,38세,상해없음,승용,남,41세,경상
2016121500100124,2016년 12월 15일 08시,목요일,충청남도 천안시 동남구 신방동,중상사고,0,1,0,0,차대사람 - 횡단중,보행자보호의무위반,건조,맑음,교차로 - 교차로안,승용,남,58세,상해없음,보행자,남,14세,중상
2016121500100201,2016년 12월 15일 10시,목요일,충청남도 천안시 동남구 신부동,경상사고,0,0,3,0,차대차 - 기타,안전운전불이행,건조,맑음,단일로 - 기타,승용,남,48세,경상,승용,여,31세,상해없음
2016121500100564,2016년 12월 15일 21시,목요일,충청남도 천안시 서북구 와촌동,중상사고,0,1,0,0,차대사람 - 횡단중,보행자보호의무위반,건조,맑음,교차로 - 교차로안,승용,여,47세,상해없음,보행자,여,40세,중상
2016121600100059,2016년 12월 16일 04시,금요일,충청남도 천안시 서북구 백석동,중상사고,0,1,0,0,차대사람 - 기타,안전운전불이행,건조,맑음,교차로 - 교차로안,승용,남,55세,상해없음,보행자,남,22세,중상
2016121600100110,2016년 12월 16일 07시,금요일,충청남도 천안시 서북구 성정동,경상사고,0,0,1,0,차대차 - 기타,안전운전불이행,건조,맑음,기타 - 기타,승합,남,40세,상해없음,승용,남,43세,경상
2016121600100144,2016년 12월 16일 08시,금요일,충청남도 천안시 서북구 쌍용동,중상사고,0,1,3,0,차대차 - 측면충돌,안전운전불이행,건조,맑음,단일로 - 기타,승용,여,34세,상해없음,승합,남,48세,상해없음
2016121600100206,2016년 12월 16일 10시,금요일,충청남도 천안시 서북구 쌍용동,경상사고,0,0,1,0,차대차 - 기타,안전운전불이행,건조,맑음,단일로 - 기타,승용,남,61세,상해없음,승용,여,35세,경상
2016121600100258,2016년 12월 16일 12시,금요일,충청남도 천안시 서북구 두정동,경상사고,0,0,3,0,차대차 - 추돌,안전운전불이행,건조,맑음,단일로 - 기타,승용,남,32세,상해없음,승용,여,23세,경상
2016121600100299,2016년 12월 16일 13시,금요일,충청남도 천안시 동남구 성황동,경상사고,0,0,1,0,차대차 - 정면충돌,안전운전불이행,건조,맑음,교차로 - 교차로안,자전거,남,24세,경상,승용,남,22세,상해없음
2016121600100421,2016년 12월 16일 16시,금요일,충청남도 천안시 동남구 병천면,경상사고,0,0,1,0,차대차 - 정면충돌,신호위반,건조,맑음,교차로 - 교차로안,화물,남,53세,상해없음,화물,남,37세,경상
2016121600100549,2016년 12월 16일 19시,금요일,충청남도 천안시 동남구 원성동,경상사고,0,0,1,0,차대사람 - 횡단중,안전운전불이행,건조,맑음,단일로 - 기타,승용,남,62세,기타불명,보행자,남,56세,경상
2016121600100624,2016년 12월 16일 21시,금요일,충청남도 천안시 서북구 백석동,경상사고,0,0,1,0,차대차 - 추돌,중앙선침범,건조,맑음,교차로 - 교차로부근,승용,남,40세,상해없음,승용,남,36세,경상
2016121700100044,2016년 12월 17일 01시,토요일,충청남도 천안시 서북구 성정동,경상사고,0,0,3,0,차대차 - 기타,안전운전불이행,건조,맑음,교차로 - 교차로안,승용,남,14세,기타불명,승용,남,55세,경상
2016121700100156,2016년 12월 17일 09시,토요일,충청남도 천안시 동남구 신부동,중상사고,0,1,0,0,차대사람 - 횡단중,안전운전불이행,건조,맑음,단일로 - 기타,승용,남,27세,상해없음,보행자,여,19세,중상
2016121700100211,2016년 12월 17일 11시,토요일,충청남도 천안시 동남구 봉명동,중상사고,0,1,0,0,차대차 - 추돌,안전운전불이행,건조,맑음,단일로 - 기타,승용,남,64세,상해없음,승용,여,34세,중상
2016121700100212,2016년 12월 17일 11시,토요일,충청남도 천안시 동남구 신부동,경상사고,0,0,1,0,차대차 - 추돌,안전운전불이행,건조,맑음,단일로 - 기타,승합,남,46세,기타불명,승합,남,39세,상해없음
2016121700100251,2016년 12월 17일 12시,토요일,충청남도 천안시 서북구 성거읍,경상사고,0,0,1,0,차대차 - 추돌,안전운전불이행,건조,맑음,단일로 - 기타,승용,여,38세,상해없음,승용,남,49세,경상
2016121700100342,2016년 12월 17일 15시,토요일,충청남도 천안시 동남구 광덕면,경상사고,0,0,2,0,차대차 - 측면충돌,안전운전불이행,건조,맑음,단일로 - 기타,화물,남,42세,상해없음,승용,여,59세,상해없음
2016121700100374,2016년 12월 17일 16시,토요일,충청남도 천안시 서북구 불당동,경상사고,0,0,2,0,차대차 - 추돌,안전운전불이행,건조,맑음,단일로 - 기타,승용,여,54세,상해없음,승용,여,36세,상해없음
2016121800100079,2016년 12월 18일 04시,일요일,충청남도 천안시 서북구 두정동,경상사고,0,0,2,0,차대사람 - 기타,안전운전불이행,건조,맑음,교차로 - 교차로부근,승용,여,45세,상해없음,보행자,여,30세,경상
2016121800100247,2016년 12월 18일 15시,일요일,충청남도 천안시 서북구 성정동,경상사고,0,0,2,0,차대차 - 정면충돌,중앙선침범,건조,맑음,단일로 - 기타,승용,여,39세,상해없음,승용,남,26세,경상
2016121800100248,2016년 12월 18일 15시,일요일,충청남도 천안시 동남구 신부동,경상사고,0,0,1,0,차대차 - 측면충돌,안전운전불이행,건조,맑음,단일로 - 기타,이륜,남,40세,상해없음,승용,남,56세,상해없음
2016121800100363,2016년 12월 18일 19시,일요일,충청남도 천안시 서북구 두정동,경상사고,0,0,1,0,차대차 - 측면충돌,안전운전불이행,건조,맑음,단일로 - 기타,승용,남,34세,상해없음,이륜,남,23세,경상
2016121800100399,2016년 12월 18일 20시,일요일,충청남도 천안시 서북구 백석동,경상사고,0,0,5,0,차대차 - 측면충돌,신호위반,건조,맑음,교차로 - 교차로안,승용,남,50세,경상,승용,남,29세,경상
2016121900100005,2016년 12월 19일 00시,월요일,충청남도 천안시 서북구 쌍용동,경상사고,0,0,1,0,차대차 - 추돌,안전운전불이행,건조,맑음,단일로 - 기타,승용,남,26세,상해없음,승용,남,25세,경상
2016121900100103,2016년 12월 19일 07시,월요일,충청남도 천안시 서북구 두정동,경상사고,0,0,1,0,차대차 - 추돌,안전운전불이행,습기,비,단일로 - 기타,승용,남,30세,상해없음,승용,남,26세,경상
2016121900100140,2016년 12월 19일 08시,월요일,충청남도 천안시 동남구 신부동,경상사고,0,0,2,0,차대차 - 측면직각충돌,안전거리미확보,건조,맑음,단일로 - 기타,승용,남,46세,상해없음,승합,남,44세,경상
2016121900100229,2016년 12월 19일 11시,월요일,충청남도 천안시 동남구 원성동,경상사고,0,0,2,0,차대차 - 추돌,안전운전불이행,건조,맑음,교차로 - 교차로부근,승용,남,27세,상해없음,승용,남,23세,경상
2016121900100249,2016년 12월 19일 12시,월요일,충청남도 천안시 동남구 대흥동,경상사고,0,0,1,0,차대차 - 측면직각충돌,직진우회전진행방해,건조,맑음,교차로 - 교차로안,승용,남,35세,상해없음,승용,남,33세,경상
2016121900100307,2016년 12월 19일 14시,월요일,충청남도 천안시 동남구 북면,중상사고,0,1,0,0,차대차 - 정면충돌,신호위반,건조,맑음,단일로 - 기타,화물,남,47세,상해없음,화물,남,50세,중상
2016121900100308,2016년 12월 19일 14시,월요일,충청남도 천안시 동남구 다가동,경상사고,0,0,1,0,차대사람 - 횡단중,안전운전불이행,건조,맑음,단일로 - 기타,승용,남,34세,상해없음,보행자,남,52세,경상
2016121900100370,2016년 12월 19일 16시,월요일,충청남도 천안시 동남구 신부동,경상사고,0,0,1,0,차대차 - 기타,안전운전불이행,건조,맑음,단일로 - 기타,승용,남,48세,상해없음,승용,여,27세,경상
2016121900100373,2016년 12월 19일 16시,월요일,충청남도 천안시 동남구 영성동,경상사고,0,0,2,0,차대차 - 추돌,안전운전불이행,건조,맑음,교차로 - 교차로부근,이륜,남,58세,상해없음,승용,남,52세,경상
2016121900100407,2016년 12월 19일 17시,월요일,충청남도 천안시 동남구 구성동,경상사고,0,0,1,0,차대사람 - 횡단중,안전운전불이행,건조,맑음,단일로 - 기타,기타불명,기타불명,기타불명,기타불명,보행자,남,46세,경상
2016121900100506,2016년 12월 19일 19시,월요일,충청남도 천안시 동남구 신방동,중상사고,0,1,0,0,차대사람 - 횡단중,안전운전불이행,건조,맑음,교차로 - 교차로안,승용,남,29세,상해없음,보행자,여,52세,중상
2016121900100589,2016년 12월 19일 22시,월요일,충청남도 천안시 서북구 두정동,경상사고,0,0,1,0,차대차 - 정면충돌,신호위반,건조,맑음,교차로 - 교차로안,승합,남,31세,상해없음,원동기,남,46세,경상
2016122000100103,2016년 12월 20일 07시,화요일,충청남도 천안시 서북구 성정동,경상사고,0,0,2,0,차대차 - 측면충돌,안전운전불이행,건조,맑음,교차로 - 교차로안,승용,남,64세,상해없음,승용,남,41세,경상
2016122000100207,2016년 12월 20일 10시,화요일,충청남도 천안시 동남구 구성동,경상사고,0,0,2,0,차대차 - 측면충돌,신호위반,건조,맑음,교차로 - 교차로안,화물,남,39세,상해없음,승용,남,75세,경상
2016122000100332,2016년 12월 20일 14시,화요일,충청남도 천안시 동남구 북면,경상사고,0,0,1,0,차대차 - 추돌,안전운전불이행,건조,맑음,단일로 - 기타,화물,남,41세,상해없음,화물,남,59세,경상
2016122000100489,2016년 12월 20일 18시,화요일,충청남도 천안시 서북구 업성동,중상사고,0,1,0,0,차대차 - 측면직각충돌,안전운전불이행,건조,맑음,교차로 - 교차로안,화물,남,38세,상해없음,원동기,남,53세,중상
2016122100100024,2016년 12월 21일 01시,수요일,충청남도 천안시 서북구 성정동,경상사고,0,0,2,0,차대차 - 기타,안전운전불이행,건조,맑음,단일로 - 기타,승용,남,40세,상해없음,승용,남,58세,경상
2016122100100025,2016년 12월 21일 01시,수요일,충청남도 천안시 서북구 성성동,경상사고,0,0,1,0,차량단독 - 공작물충돌,안전운전불이행,건조,맑음,단일로 - 기타,승용,남,26세,경상,,,,
2016122100100092,2016년 12월 21일 07시,수요일,충청남도 천안시 서북구 성정동,중상사고,0,1,0,0,차대사람 - 횡단중,신호위반,건조,맑음,단일로 - 횡단보도상,승용,남,41세,상해없음,보행자,여,39세,중상
2016122100100164,2016년 12월 21일 09시,수요일,충청남도 천안시 동남구 광덕면,중상사고,0,1,0,0,차대차 - 정면충돌,직진우회전진행방해,건조,흐림,교차로 - 교차로안,승용,남,71세,중상,건설기계,남,61세,상해없음
2016122100100222,2016년 12월 21일 11시,수요일,충청남도 천안시 서북구 백석동,경상사고,0,0,1,0,차대차 - 기타,안전거리미확보,건조,맑음,단일로 - 기타,승용,남,59세,상해없음,승용,남,43세,경상
2016122100100603,2016년 12월 21일 19시,수요일,충청남도 천안시 서북구 쌍용동,경상사고,0,0,1,0,차대차 - 측면직각충돌,안전운전불이행,습기,비,단일로 - 기타,승용,남,54세,상해없음,승용,여,48세,경상
2016122100100609,2016년 12월 21일 19시,수요일,충청남도 천안시 동남구 목천읍,경상사고,0,0,1,0,차대사람 - 횡단중,안전운전불이행,습기,비,교차로 - 교차로안,승용,남,65세,상해없음,보행자,남,19세,경상
2016122100100780,2016년 12월 21일 22시,수요일,충청남도 천안시 서북구 백석동,경상사고,0,0,2,0,차대차 - 기타,안전운전불이행,건조,맑음,교차로 - 교차로안,승용,여,28세,상해없음,승용,남,53세,경상
2016122200100038,2016년 12월 22일 00시,목요일,충청남도 천안시 동남구 다가동,중상사고,0,1,0,0,차대사람 - 횡단중,보행자보호의무위반,습기,비,단일로 - 횡단보도상,승용,남,60세,상해없음,보행자,여,44세,중상
2016122200100074,2016년 12월 22일 01시,목요일,충청남도 천안시 서북구 두정동,중상사고,0,1,2,0,차대차 - 기타,신호위반,습기,비,교차로 - 교차로안,승용,남,25세,경상,승용,남,53세,중상
2016122200100103,2016년 12월 22일 02시,목요일,충청남도 천안시 동남구 목천읍,중상사고,0,1,0,0,차대사람 - 차도통행중,안전운전불이행,습기,비,단일로 - 기타,특수,남,49세,상해없음,보행자,남,50세,중상
2016122200100131,2016년 12월 22일 05시,목요일,충청남도 천안시 동남구 구성동,경상사고,0,0,2,0,차대차 - 추돌,안전거리미확보,습기,흐림,단일로 - 기타,승용,남,36세,상해없음,승합,남,44세,상해없음
2016122200100173,2016년 12월 22일 07시,목요일,충청남도 천안시 동남구 신부동,경상사고,0,0,2,1,차대차 - 측면직각충돌,직진우회전진행방해,습기,흐림,교차로 - 교차로안,승용,남,64세,부상신고,승용,남,27세,경상
2016122200100216,2016년 12월 22일 08시,목요일,충청남도 천안시 서북구 백석동,경상사고,0,0,2,0,차대차 - 기타,안전운전불이행,건조,맑음,단일로 - 기타,승용,남,26세,상해없음,승합,남,49세,상해없음
2016122200100218,2016년 12월 22일 08시,목요일,충청남도 천안시 동남구 봉명동,경상사고,0,0,1,0,차대차 - 정면충돌,기타,습기,맑음,단일로 - 기타,승용,남,48세,상해없음,승용,남,36세,경상
2016122200100453,2016년 12월 22일 17시,목요일,충청남도 천안시 서북구 불당동,경상사고,0,0,2,0,차대차 - 측면직각충돌,신호위반,습기,비,교차로 - 교차로안,승용,남,57세,상해없음,승용,여,34세,경상
2016122200100632,2016년 12월 22일 21시,목요일,충청남도 천안시 동남구 신방동,경상사고,0,0,1,0,차대차 - 추돌,안전운전불이행,건조,맑음,교차로 - 교차로부근,승용,남,51세,상해없음,승용,남,40세,경상
2016122300100036,2016년 12월 23일 01시,금요일,충청남도 천안시 서북구 백석동,경상사고,0,0,1,0,차대차 - 측면충돌,신호위반,건조,맑음,교차로 - 교차로안,승용,남,31세,상해없음,화물,남,49세,상해없음
2016122300100176,2016년 12월 23일 09시,금요일,충청남도 천안시 서북구 두정동,경상사고,0,0,1,0,차대사람 - 횡단중,보행자보호의무위반,습기,눈,교차로 - 교차로안,승용,여,34세,상해없음,보행자,여,46세,경상
2016122300100178,2016년 12월 23일 09시,금요일,충청남도 천안시 동남구 신부동,경상사고,0,0,1,0,차대차 - 정면충돌,중앙선침범,습기,눈,교차로 - 교차로부근,승용,남,63세,상해없음,승용,남,63세,경상
2016122300100257,2016년 12월 23일 12시,금요일,충청남도 천안시 서북구 성거읍,중상사고,0,1,1,0,차대차 - 추돌,안전운전불이행,결빙,눈,단일로 - 기타,화물,남,44세,상해없음,화물,남,27세,경상
2016122300100258,2016년 12월 23일 12시,금요일,충청남도 천안시 동남구 풍세면,경상사고,0,0,3,0,차대차 - 측면충돌,직진우회전진행방해,습기,흐림,교차로 - 교차로안,화물,남,53세,경상,승용,여,33세,경상
2016122300100319,2016년 12월 23일 14시,금요일,충청남도 천안시 동남구 목천읍,중상사고,0,1,0,0,차대차 - 측면직각충돌,신호위반,적설,눈,교차로 - 교차로안,승용,여,61세,상해없음,승용,여,43세,중상
2016122300100556,2016년 12월 23일 20시,금요일,충청남도 천안시 동남구 다가동,경상사고,0,0,2,0,차대사람 - 차도통행중,안전운전불이행,결빙,흐림,교차로 - 교차로안,승용,남,55세,상해없음,보행자,남,55세,경상
2016122300100638,2016년 12월 23일 22시,금요일,충청남도 천안시 서북구 두정동,사망사고,1,0,0,0,차대차 - 정면충돌,중앙선침범,결빙,맑음,단일로 - 기타,승용,남,34세,기타불명,승합,남,43세,사망
2016122400100135,2016년 12월 24일 07시,토요일,충청남도 천안시 동남구 다가동,경상사고,0,0,1,0,차대차 - 추돌,안전운전불이행,건조,맑음,단일로 - 기타,승용,남,30세,상해없음,화물,남,67세,경상
2016122400100455,2016년 12월 24일 19시,토요일,충청남도 천안시 동남구 신부동,경상사고,0,0,1,0,차대차 - 측면충돌,안전운전불이행,건조,맑음,교차로 - 교차로부근,이륜,남,28세,경상,승용,남,28세,상해없음
2016122500100029,2016년 12월 25일 01시,일요일,충청남도 천안시 서북구 입장면,중상사고,0,2,0,0,차대차 - 측면충돌,중앙선침범,건조,맑음,기타 - 기타,화물,남,63세,상해없음,승용,남,36세,중상
2016122500100054,2016년 12월 25일 04시,일요일,충청남도 천안시 서북구 성정동,경상사고,0,0,1,0,차대차 - 기타,안전운전불이행,건조,맑음,단일로 - 기타,승용,남,30세,상해없음,승용,남,22세,경상
2016122500100382,2016년 12월 25일 20시,일요일,충청남도 천안시 서북구 두정동,경상사고,0,0,1,0,차대차 - 정면충돌,신호위반,건조,맑음,교차로 - 교차로안,이륜,남,18세,상해없음,승용,남,58세,경상
2016122600100145,2016년 12월 26일 09시,월요일,충청남도 천안시 서북구 백석동,경상사고,0,0,1,0,차대차 - 기타,신호위반,습기,비,교차로 - 교차로부근,화물,남,52세,상해없음,자전거,남,75세,경상
2016122600100212,2016년 12월 26일 12시,월요일,충청남도 천안시 서북구 성정동,경상사고,0,0,1,0,차대차 - 추돌,안전운전불이행,습기,비,교차로 - 교차로부근,승용,여,25세,상해없음,승용,남,64세,경상
2016122600100278,2016년 12월 26일 14시,월요일,충청남도 천안시 동남구 대흥동,중상사고,0,1,0,0,차대사람 - 횡단중,안전운전불이행,습기,흐림,단일로 - 기타,승용,남,74세,상해없음,보행자,여,78세,중상
2016122600100338,2016년 12월 26일 16시,월요일,충청남도 천안시 서북구 쌍용동,경상사고,0,0,1,0,차대차 - 추돌,안전운전불이행,습기,비,단일로 - 기타,승용,여,23세,상해없음,승용,남,41세,경상
2016122600100426,2016년 12월 26일 18시,월요일,충청남도 천안시 서북구 성정동,경상사고,0,0,2,0,차대차 - 추돌,안전운전불이행,건조,맑음,단일로 - 기타,승합,남,56세,상해없음,승용,남,31세,경상
2016122700100047,2016년 12월 27일 04시,화요일,충청남도 천안시 서북구 성정동,중상사고,0,1,0,0,차대사람 - 기타,안전운전불이행,건조,맑음,단일로 - 기타,승용,남,55세,상해없음,보행자,여,80세,중상
2016122700100191,2016년 12월 27일 11시,화요일,충청남도 천안시 서북구 불당동,경상사고,0,0,1,0,차대차 - 기타,안전운전불이행,건조,맑음,단일로 - 기타,승용,여,45세,상해없음,승용,남,40세,경상
2016122700100245,2016년 12월 27일 13시,화요일,충청남도 천안시 동남구 봉명동,중상사고,0,1,0,0,차대차 - 측면충돌,안전거리미확보,건조,맑음,단일로 - 기타,승용,여,34세,상해없음,이륜,남,51세,중상
2016122800100061,2016년 12월 28일 05시,수요일,충청남도 천안시 서북구 성거읍,중상사고,0,1,1,0,차대차 - 추돌,안전운전불이행,건조,맑음,단일로 - 기타,화물,남,36세,중상,화물,남,44세,경상
2016122800100278,2016년 12월 28일 13시,수요일,충청남도 천안시 동남구 목천읍,경상사고,0,0,1,0,차대차 - 측면직각충돌,안전거리미확보,건조,맑음,단일로 - 기타,화물,남,53세,상해없음,화물,남,62세,경상
2016122800100621,2016년 12월 28일 23시,수요일,충청남도 천안시 동남구 목천읍,중상사고,0,1,0,0,차대차 - 측면직각충돌,안전운전불이행,건조,맑음,단일로 - 기타,이륜,남,16세,중상,승용,남,36세,상해없음
2016122900100037,2016년 12월 29일 01시,목요일,충청남도 천안시 동남구 원성동,사망사고,1,0,0,0,차대사람 - 횡단중,안전운전불이행,건조,맑음,단일로 - 기타,승용,남,18세,상해없음,보행자,남,69세,사망
2016122900100065,2016년 12월 29일 03시,목요일,충청남도 천안시 서북구 쌍용동,경상사고,0,0,1,0,차대차 - 정면충돌,불법유턴,건조,맑음,단일로 - 기타,승용,남,36세,상해없음,승용,남,47세,경상
2016122900100458,2016년 12월 29일 16시,목요일,충청남도 천안시 서북구 성거읍,중상사고,0,1,0,0,차대사람 - 횡단중,안전운전불이행,건조,맑음,단일로 - 기타,승용,여,35세,상해없음,보행자,여,75세,중상
2016123000100244,2016년 12월 30일 10시,금요일,충청남도 천안시 동남구 신부동,경상사고,0,0,1,0,차대차 - 추돌,신호위반,건조,맑음,교차로 - 교차로안,승용,여,49세,상해없음,원동기,남,80세,경상
2016123000100325,2016년 12월 30일 12시,금요일,충청남도 천안시 서북구 백석동,중상사고,0,1,0,0,차대차 - 측면충돌,안전운전불이행,건조,맑음,교차로 - 교차로안,승용,여,50세,상해없음,원동기,남,56세,중상
2016123000100326,2016년 12월 30일 12시,금요일,충청남도 천안시 서북구 백석동,경상사고,0,0,1,0,차대차 - 추돌,안전운전불이행,건조,맑음,단일로 - 기타,승용,남,18세,상해없음,승용,남,28세,경상
2016123000100459,2016년 12월 30일 15시,금요일,충청남도 천안시 서북구 성정동,중상사고,0,1,0,0,차대사람 - 길가장자리구역통행중,안전운전불이행,건조,맑음,교차로 - 교차로부근,승용,남,49세,상해없음,보행자,여,59세,중상
2016123000100460,2016년 12월 30일 15시,금요일,충청남도 천안시 서북구 와촌동,경상사고,0,0,1,0,차대차 - 기타,교차로운행방법위반,건조,맑음,기타 - 기타,승용,남,25세,상해없음,승용,여,30세,경상
2016123000100461,2016년 12월 30일 15시,금요일,충청남도 천안시 동남구 목천읍,경상사고,0,0,1,0,차대차 - 기타,안전운전불이행,건조,맑음,교차로 - 교차로안,기타불명,기타불명,기타불명,기타불명,이륜,남,60세,경상
2016123000100675,2016년 12월 30일 19시,금요일,충청남도 천안시 서북구 두정동,경상사고,0,0,1,0,차대사람 - 횡단중,안전운전불이행,건조,맑음,교차로 - 교차로안,승용,여,46세,상해없음,보행자,여,40세,경상
2016123000100731,2016년 12월 30일 20시,금요일,충청남도 천안시 서북구 두정동,경상사고,0,0,1,0,차대차 - 추돌,안전운전불이행,건조,맑음,단일로 - 기타,승용,여,57세,상해없음,이륜,남,46세,경상
2016123000100733,2016년 12월 30일 20시,금요일,충청남도 천안시 동남구 동면,경상사고,0,0,1,0,차대차 - 추돌,안전운전불이행,건조,맑음,교차로 - 교차로안,승용,남,30세,상해없음,승용,여,52세,경상
2016123000100794,2016년 12월 30일 22시,금요일,충청남도 천안시 서북구 성정동,경상사고,0,0,3,0,차대차 - 기타,안전운전불이행,건조,맑음,교차로 - 교차로안,승용,남,28세,상해없음,승용,남,47세,경상
2016123100100052,2016년 12월 31일 01시,토요일,충청남도 천안시 서북구 두정동,경상사고,0,0,1,0,차대사람 - 차도통행중,중앙선침범,건조,맑음,단일로 - 기타,승용,남,55세,상해없음,보행자,여,25세,경상
2016123100100053,2016년 12월 31일 01시,토요일,충청남도 천안시 서북구 성정동,경상사고,0,0,2,1,차대차 - 추돌,안전운전불이행,건조,맑음,교차로 - 교차로부근,화물,남,28세,상해없음,승용,남,43세,경상
2016123100100054,2016년 12월 31일 01시,토요일,충청남도 천안시 서북구 두정동,경상사고,0,0,1,0,차대사람 - 길가장자리구역통행중,안전운전불이행,건조,맑음,단일로 - 기타,승용,남,22세,상해없음,보행자,남,28세,경상
2016123100100542,2016년 12월 31일 20시,토요일,충청남도 천안시 서북구 성거읍,경상사고,0,0,4,0,차대차 - 추돌,안전거리미확보,건조,맑음,교차로 - 교차로부근,승합,남,64세,상해없음,승용,남,47세,경상
2016123100100546,2016년 12월 31일 20시,토요일,충청남도 천안시 동남구 신부동,경상사고,0,0,1,0,차대차 - 측면직각충돌,안전운전불이행,건조,맑음,교차로 - 교차로안,승합,남,58세,상해없음,이륜,남,40세,경상
2016123100100613,2016년 12월 31일 22시,토요일,충청남도 천안시 서북구 성정동,경상사고,0,0,2,0,차대차 - 추돌,안전운전불이행,건조,맑음,단일로 - 기타,승용,남,28세,상해없음,승용,남,28세,경상
2016123100100614,2016년 12월 31일 22시,토요일,충청남도 천안시 서북구 쌍용동,중상사고,0,1,1,0,차대차 - 정면충돌,신호위반,건조,맑음,교차로 - 교차로안,승용,남,23세,상해없음,승용,남,45세,경상